ckpt_dir,mode,dataset_name,sparsity_bias,prune_bias,quant_bias,policy_ppl,fixed_ppl,policy_keep_all,policy_prune_keep,policy_quant_ratio,fixed_keep_all,fixed_prune_keep,fixed_quant_ratio,sparsity_levels_kappa_order,policy_action_probs_kappa_order,fixed_levels_kappa_order,fixed_action_probs_kappa_order
RL_LCE_Quest8_PruneQuant-20251030-202125,3600,wikitext,-10.0,0.0,0.0,11.23713962543984,11.842321554814934,0.631250001224024,0.7195312646882874,0.5008370535714286,0.6499999761581421,0.7195312604308128,0.5008370535714286,0.200000|1.000000,0.000000|0.000000|0.000000|0.000000|0.303013|0.000000|0.000000|0.157924|0.000000|0.000000|0.000000|0.000000|0.000000|0.294643|0.000000|0.000000|0.242746|0.001674,0.000000|0.000000|0.000000|0.000000|0.343192|0.000558|0.000000|0.093750|0.000000|0.000000|0.000000|0.000000|0.000000|0.253348|0.000558|0.000000|0.308036|0.000558,0.000000|0.000000|0.000000|0.000000|0.343192|0.000558|0.000000|0.093750|0.000000|0.000000|0.000000|0.000000|0.000000|0.253348|0.000558|0.000000|0.308036|0.000558
RL_LCE_Quest8_PruneQuant-20251030-202125,3600,wikitext,-8.0,0.0,0.0,10.982958739859408,12.140925657098585,0.56875000135707,0.7186384126543999,0.5011160714285714,0.550000011920929,0.718638399881976,0.5011160714285714,0.200000|1.000000,0.000000|0.000000|0.000000|0.000000|0.341518|0.000000|0.000000|0.197545|0.000000|0.000000|0.000000|0.000000|0.000000|0.251674|0.000000|0.000000|0.207031|0.002232,0.000000|0.000000|0.000000|0.000000|0.334821|0.000558|0.000000|0.226562|0.000558|0.000000|0.000000|0.000000|0.000000|0.257254|0.000558|0.000000|0.179129|0.000558,0.000000|0.000000|0.000000|0.000000|0.334821|0.000558|0.000000|0.226562|0.000558|0.000000|0.000000|0.000000|0.000000|0.257254|0.000558|0.000000|0.179129|0.000558
RL_LCE_Quest8_PruneQuant-20251030-202125,3600,wikitext,-6.0,0.0,0.0,11.135700962413912,12.216532759379573,0.5486607153766921,0.7189732332314763,0.5002790178571429,0.550000011920929,0.7189732215234211,0.5002790178571429,0.200000|1.000000,0.000000|0.000000|0.000000|0.000000|0.349888|0.000000|0.000000|0.214286|0.000000|0.000000|0.000000|0.000000|0.000000|0.244978|0.000000|0.000000|0.190290|0.000558,0.000000|0.000000|0.000000|0.000000|0.335938|0.000000|0.000000|0.226004|0.000558|0.000000|0.000000|0.000000|0.000000|0.258929|0.000000|0.000000|0.178571|0.000000,0.000000|0.000000|0.000000|0.000000|0.335938|0.000000|0.000000|0.226004|0.000558|0.000000|0.000000|0.000000|0.000000|0.258929|0.000000|0.000000|0.178571|0.000000
RL_LCE_Quest8_PruneQuant-20251030-202125,3600,wikitext,-4.0,0.0,0.0,11.155915173514307,12.045603960100276,0.529017861666424,0.7212053744920662,0.5025111607142857,0.550000011920929,0.7212053707667759,0.5025111607142857,0.200000|1.000000,0.000000|0.000000|0.000000|0.000000|0.383929|0.000000|0.000000|0.204799|0.000000|0.000000|0.000000|0.000000|0.000000|0.222098|0.000000|0.000000|0.184152|0.005022,0.000000|0.000000|0.000000|0.000000|0.337612|0.001674|0.000000|0.222098|0.001116|0.000000|0.000000|0.000000|0.000000|0.265067|0.001674|0.000000|0.170201|0.000558,0.000000|0.000000|0.000000|0.000000|0.337612|0.001674|0.000000|0.222098|0.001116|0.000000|0.000000|0.000000|0.000000|0.265067|0.001674|0.000000|0.170201|0.000558
RL_LCE_Quest8_PruneQuant-20251030-202125,3600,wikitext,-2.0,0.0,0.0,11.230087273478027,12.438379709022975,0.5013392872310111,0.7233259129737105,0.5,0.5,0.7233259124415261,0.5,0.200000|1.000000,0.000000|0.000000|0.000000|0.000000|0.433036|0.000000|0.000000|0.190290|0.000000|0.000000|0.000000|0.000000|0.000000|0.183594|0.000000|0.000000|0.193080|0.000000,0.000000|0.000000|0.000000|0.000000|0.399554|0.000000|0.000000|0.225446|0.000000|0.000000|0.000000|0.000000|0.000000|0.217076|0.000000|0.000000|0.157924|0.000000,0.000000|0.000000|0.000000|0.000000|0.399554|0.000000|0.000000|0.225446|0.000000|0.000000|0.000000|0.000000|0.000000|0.217076|0.000000|0.000000|0.157924|0.000000
RL_LCE_Quest8_PruneQuant-20251030-202125,3600,wikitext,0.0,0.0,0.0,11.176166078697262,12.542057686890011,0.47857143157827003,0.7284598387777805,0.5002790178571429,0.5,0.7284598462283611,0.5002790178571429,0.200000|1.000000,0.000000|0.000000|0.000000|0.000000|0.483817|0.000000|0.000000|0.167969|0.000000|0.000000|0.000000|0.000000|0.000000|0.158482|0.000000|0.000000|0.189174|0.000558,0.000000|0.000000|0.000000|0.000000|0.415737|0.000000|0.000000|0.209263|0.000000|0.000000|0.000000|0.000000|0.000000|0.226562|0.000000|0.000000|0.147879|0.000558,0.000000|0.000000|0.000000|0.000000|0.415737|0.000000|0.000000|0.209263|0.000000|0.000000|0.000000|0.000000|0.000000|0.226562|0.000000|0.000000|0.147879|0.000558
RL_LCE_Quest8_PruneQuant-20251030-202125,3600,wikitext,2.0,0.0,0.0,11.284268619658304,12.453138210524305,0.4468750036986811,0.731473230357681,0.5,0.45000000298023224,0.7314732394048146,0.5,0.200000|1.000000,0.000000|0.000000|0.000000|0.000000|0.500000|0.000000|0.000000|0.191406|0.000000|0.000000|0.000000|0.000000|0.000000|0.157366|0.000000|0.000000|0.151228|0.000000,0.000000|0.000000|0.000000|0.000000|0.457589|0.000000|0.000000|0.229911|0.000000|0.000000|0.000000|0.000000|0.000000|0.199777|0.000000|0.000000|0.112723|0.000000,0.000000|0.000000|0.000000|0.000000|0.457589|0.000000|0.000000|0.229911|0.000000|0.000000|0.000000|0.000000|0.000000|0.199777|0.000000|0.000000|0.112723|0.000000
RL_LCE_Quest8_PruneQuant-20251030-202125,3600,wikitext,4.0,0.0,0.0,11.714155602826022,12.879849843565724,0.35892857597874744,0.7235491233212608,0.5,0.3500000014901161,0.723549127046551,0.5,0.200000|1.000000,0.000000|0.000000|0.000000|0.000000|0.472098|0.000000|0.000000|0.329241|0.000000|0.000000|0.000000|0.000000|0.000000|0.145647|0.000000|0.000000|0.053013|0.000000,0.000000|0.000000|0.000000|0.000000|0.502232|0.000000|0.000000|0.310268|0.000000|0.000000|0.000000|0.000000|0.000000|0.115513|0.000000|0.000000|0.071987|0.000000,0.000000|0.000000|0.000000|0.000000|0.502232|0.000000|0.000000|0.310268|0.000000|0.000000|0.000000|0.000000|0.000000|0.115513|0.000000|0.000000|0.071987|0.000000
RL_LCE_Quest8_PruneQuant-20251030-202125,3600,wikitext,6.0,0.0,0.0,12.03720454341256,13.147631514875755,0.304464288455035,0.7195312641561031,0.5,0.30000001192092896,0.7195312604308128,0.5,0.200000|1.000000,0.000000|0.000000|0.000000|0.000000|0.493862|0.000000|0.000000|0.375558|0.000000|0.000000|0.000000|0.000000|0.000000|0.103795|0.000000|0.000000|0.026786|0.000000,0.000000|0.000000|0.000000|0.000000|0.515625|0.000000|0.000000|0.359375|0.000000|0.000000|0.000000|0.000000|0.000000|0.082031|0.000000|0.000000|0.042969|0.000000,0.000000|0.000000|0.000000|0.000000|0.515625|0.000000|0.000000|0.359375|0.000000|0.000000|0.000000|0.000000|0.000000|0.082031|0.000000|0.000000|0.042969|0.000000
RL_LCE_Quest8_PruneQuant-20251030-202125,3600,wikitext,8.0,0.0,0.0,12.478354904643652,13.404140021547414,0.2571428612406765,0.7140625188393253,0.5044642857142857,0.25,0.7140624895691872,0.5044642857142857,0.200000|1.000000,0.000000|0.000000|0.000000|0.000000|0.506138|0.000000|0.000000|0.413504|0.008929|0.000000|0.000000|0.000000|0.000000|0.064174|0.000000|0.000000|0.007254|0.000000,0.000000|0.000000|0.000000|0.000000|0.530692|0.004464|0.000000|0.397879|0.004464|0.000000|0.000000|0.000000|0.000000|0.035156|0.000000|0.000000|0.027344|0.000000,0.000000|0.000000|0.000000|0.000000|0.530692|0.004464|0.000000|0.397879|0.004464|0.000000|0.000000|0.000000|0.000000|0.035156|0.000000|0.000000|0.027344|0.000000
RL_LCE_Quest8_PruneQuant-20251030-202125,3600,wikitext,10.0,0.0,0.0,12.947408435675227,13.540402765594465,0.20803571745221103,0.7093750179878303,0.5251116071428571,0.20000000298023224,0.7093750014901161,0.5251116071428571,0.200000|1.000000,0.000000|0.000000|0.000000|0.000000|0.529576|0.007254|0.000000|0.410156|0.042969|0.000000|0.000000|0.000000|0.000000|0.010045|0.000000|0.000000|0.000000|0.000000,0.000000|0.000000|0.000000|0.000000|0.516183|0.030692|0.000000|0.433594|0.019531|0.000000|0.000000|0.000000|0.000000|0.000000|0.000000|0.000000|0.000000|0.000000,0.000000|0.000000|0.000000|0.000000|0.516183|0.030692|0.000000|0.433594|0.019531|0.000000|0.000000|0.000000|0.000000|0.000000|0.000000|0.000000|0.000000|0.000000
RL_LCE_Quest8_PruneQuant-20251030-202125,3600,wikitext,12.0,0.0,0.0,13.36492754827138,13.634232221944877,0.20089286006987095,0.7085937724581787,0.5298549107142857,0.20000000298023224,0.7085937596857548,0.5298549107142857,0.200000|1.000000,0.000000|0.000000|0.000000|0.000000|0.529576|0.012277|0.000000|0.409598|0.047433|0.000000|0.000000|0.000000|0.000000|0.001116|0.000000|0.000000|0.000000|0.000000,0.000000|0.000000|0.000000|0.000000|0.506138|0.036830|0.000000|0.434152|0.022879|0.000000|0.000000|0.000000|0.000000|0.000000|0.000000|0.000000|0.000000|0.000000,0.000000|0.000000|0.000000|0.000000|0.506138|0.036830|0.000000|0.434152|0.022879|0.000000|0.000000|0.000000|0.000000|0.000000|0.000000|0.000000|0.000000|0.000000
RL_LCE_Quest8_PruneQuant-20251030-202125,3600,wikitext,14.0,0.0,0.0,13.432219349369987,13.636134451759995,0.20000000298023224,0.7085937719259944,0.5306919642857143,0.20000000298023224,0.7085937596857548,0.5306919642857143,0.200000|1.000000,0.000000|0.000000|0.000000|0.000000|0.529576|0.013393|0.000000|0.409040|0.047991|0.000000|0.000000|0.000000|0.000000|0.000000|0.000000|0.000000|0.000000|0.000000,0.000000|0.000000|0.000000|0.000000|0.505022|0.037946|0.000000|0.433594|0.023438|0.000000|0.000000|0.000000|0.000000|0.000000|0.000000|0.000000|0.000000|0.000000,0.000000|0.000000|0.000000|0.000000|0.505022|0.037946|0.000000|0.433594|0.023438|0.000000|0.000000|0.000000|0.000000|0.000000|0.000000|0.000000|0.000000|0.000000
RL_LCE_Quest8_PruneQuant-20251030-202125,3600,wikitext,16.0,0.0,0.0,13.432219349369987,13.636134451759995,0.20000000298023224,0.7085937719259944,0.5306919642857143,0.20000000298023224,0.7085937596857548,0.5306919642857143,0.200000|1.000000,0.000000|0.000000|0.000000|0.000000|0.529576|0.013393|0.000000|0.409040|0.047991|0.000000|0.000000|0.000000|0.000000|0.000000|0.000000|0.000000|0.000000|0.000000,0.000000|0.000000|0.000000|0.000000|0.505022|0.037946|0.000000|0.433594|0.023438|0.000000|0.000000|0.000000|0.000000|0.000000|0.000000|0.000000|0.000000|0.000000,0.000000|0.000000|0.000000|0.000000|0.505022|0.037946|0.000000|0.433594|0.023438|0.000000|0.000000|0.000000|0.000000|0.000000|0.000000|0.000000|0.000000|0.000000
RL_LCE_Quest8_PruneQuant-20251030-202125,3600,wikitext,0.0,-50.0,0.0,10.53351356062488,11.009805362391553,0.4982142886146903,1.0,0.580078125,0.5,1.0,0.580078125,0.200000|1.000000,0.000000|0.467076|0.160156|0.000000|0.000000|0.000000|0.000000|0.000000|0.000000|0.000000|0.372768|0.000000|0.000000|0.000000|0.000000|0.000000|0.000000|0.000000,0.000000|0.523438|0.101562|0.000000|0.000000|0.000000|0.000000|0.000000|0.000000|0.000000|0.316406|0.058594|0.000000|0.000000|0.000000|0.000000|0.000000|0.000000,0.000000|0.523438|0.101562|0.000000|0.000000|0.000000|0.000000|0.000000|0.000000|0.000000|0.316406|0.058594|0.000000|0.000000|0.000000|0.000000|0.000000|0.000000
RL_LCE_Quest8_PruneQuant-20251030-202125,3600,wikitext,0.0,-45.0,0.0,10.541599017760355,11.166036035185211,0.4982142886146903,0.9992187507450581,0.5803571428571429,0.5,0.9992187507450581,0.5803571428571429,0.200000|1.000000,0.000000|0.463170|0.160714|0.000000|0.003348|0.000000|0.000000|0.000000|0.000000|0.000000|0.372210|0.000000|0.000000|0.000558|0.000000|0.000000|0.000000|0.000000,0.000000|0.513951|0.107143|0.000000|0.003906|0.000000|0.000000|0.000000|0.000000|0.000000|0.321429|0.053571|0.000000|0.000000|0.000000|0.000000|0.000000|0.000000,0.000000|0.513951|0.107143|0.000000|0.003906|0.000000|0.000000|0.000000|0.000000|0.000000|0.321429|0.053571|0.000000|0.000000|0.000000|0.000000|0.000000|0.000000
RL_LCE_Quest8_PruneQuant-20251030-202125,3600,wikitext,0.0,-40.0,0.0,10.647276475642075,11.434818401679003,0.49910714463996037,0.9415178527789456,0.5574776785714286,0.5,0.94151785331113,0.5574776785714286,0.200000|1.000000,0.000000|0.256696|0.114955|0.000000|0.254464|0.000000|0.000000|0.000000|0.000000|0.000000|0.335938|0.000000|0.000000|0.037946|0.000000|0.000000|0.000000|0.000000,0.000000|0.384487|0.056362|0.000000|0.156250|0.027902|0.000000|0.000000|0.000000|0.000000|0.239397|0.027344|0.000000|0.104911|0.003348|0.000000|0.000000|0.000000,0.000000|0.384487|0.056362|0.000000|0.156250|0.027902|0.000000|0.000000|0.000000|0.000000|0.239397|0.027344|0.000000|0.104911|0.003348|0.000000|0.000000|0.000000
RL_LCE_Quest8_PruneQuant-20251030-202125,3600,wikitext,0.0,-35.0,0.0,10.775789419764791,11.63353992649566,0.4959821432296719,0.8426339402794838,0.5223214285714286,0.5,0.8426339338932719,0.5223214285714286,0.200000|1.000000,0.000000|0.073103|0.044643|0.000000|0.512277|0.000000|0.000000|0.000000|0.000000|0.000000|0.095424|0.000000|0.000000|0.274554|0.000000|0.000000|0.000000|0.000000,0.000000|0.124442|0.007254|0.000000|0.472656|0.020647|0.000000|0.000000|0.000000|0.000000|0.075335|0.006138|0.000000|0.282924|0.010603|0.000000|0.000000|0.000000,0.000000|0.124442|0.007254|0.000000|0.472656|0.020647|0.000000|0.000000|0.000000|0.000000|0.075335|0.006138|0.000000|0.282924|0.010603|0.000000|0.000000|0.000000
RL_LCE_Quest8_PruneQuant-20251030-202125,3600,wikitext,0.0,-30.0,0.0,10.855381993881489,11.596271148850175,0.49464286118745804,0.8018973326044423,0.5013950892857143,0.5,0.8018973315400737,0.5013950892857143,0.200000|1.000000,0.000000|0.003906|0.002790|0.000000|0.625000|0.000000|0.000000|0.000000|0.000000|0.000000|0.002790|0.000000|0.000000|0.365513|0.000000|0.000000|0.000000|0.000000,0.000000|0.006138|0.000000|0.000000|0.617188|0.001674|0.000000|0.000000|0.000000|0.000000|0.003348|0.000000|0.000000|0.370536|0.001116|0.000000|0.000000|0.000000,0.000000|0.006138|0.000000|0.000000|0.617188|0.001674|0.000000|0.000000|0.000000|0.000000|0.003348|0.000000|0.000000|0.370536|0.001116|0.000000|0.000000|0.000000
RL_LCE_Quest8_PruneQuant-20251030-202125,3600,wikitext,0.0,20.0,0.0,12.529815562252995,13.767070925179203,0.47410714586398434,0.6013393082789013,0.501953125,0.45000000298023224,0.6013393082789013,0.501953125,0.200000|1.000000,0.000000|0.000000|0.000000|0.000000|0.003906|0.000000|0.000000|0.653460|0.000000|0.000000|0.000000|0.000000|0.000000|0.002790|0.000000|0.000000|0.335938|0.003906,0.000000|0.000000|0.000000|0.000000|0.004464|0.000000|0.000000|0.679129|0.003906|0.000000|0.000000|0.000000|0.000000|0.002232|0.000000|0.000000|0.310268|0.000000,0.000000|0.000000|0.000000|0.000000|0.004464|0.000000|0.000000|0.679129|0.003906|0.000000|0.000000|0.000000|0.000000|0.002232|0.000000|0.000000|0.310268|0.000000
RL_LCE_Quest8_PruneQuant-20251030-202125,3600,wikitext,0.0,10.0,0.0,12.039723753255837,13.273877300326403,0.47455357467489584,0.637053597186293,0.5008370535714286,0.45000000298023224,0.6370536174092974,0.5008370535714286,0.200000|1.000000,0.000000|0.000000|0.000000|0.000000|0.153460|0.000000|0.000000|0.503348|0.000000|0.000000|0.000000|0.000000|0.000000|0.031808|0.000000|0.000000|0.309710|0.001674,0.000000|0.000000|0.000000|0.000000|0.131696|0.000558|0.000000|0.554688|0.000558|0.000000|0.000000|0.000000|0.000000|0.053013|0.000000|0.000000|0.258929|0.000558,0.000000|0.000000|0.000000|0.000000|0.131696|0.000558|0.000000|0.554688|0.000558|0.000000|0.000000|0.000000|0.000000|0.053013|0.000000|0.000000|0.258929|0.000558
RL_LCE_Quest8_PruneQuant-20251030-202125,3600,wikitext,0.0,0.0,0.0,11.176166078697262,12.542057686890011,0.47857143157827003,0.7284598387777805,0.5002790178571429,0.5,0.7284598462283611,0.5002790178571429,0.200000|1.000000,0.000000|0.000000|0.000000|0.000000|0.483817|0.000000|0.000000|0.167969|0.000000|0.000000|0.000000|0.000000|0.000000|0.158482|0.000000|0.000000|0.189174|0.000558,0.000000|0.000000|0.000000|0.000000|0.415737|0.000000|0.000000|0.209263|0.000000|0.000000|0.000000|0.000000|0.000000|0.226562|0.000000|0.000000|0.147879|0.000558,0.000000|0.000000|0.000000|0.000000|0.415737|0.000000|0.000000|0.209263|0.000000|0.000000|0.000000|0.000000|0.000000|0.226562|0.000000|0.000000|0.147879|0.000558
RL_LCE_Quest8_PruneQuant-20251030-202125,3600,wikitext,0.0,5.0,0.0,11.561540918230634,12.869073230185291,0.4799107165474977,0.6822544868503299,0.5005580357142857,0.5,0.6822544820606709,0.5005580357142857,0.200000|1.000000,0.000000|0.000000|0.000000|0.000000|0.343192|0.000000|0.000000|0.306920|0.000000|0.000000|0.000000|0.000000|0.000000|0.068080|0.000000|0.000000|0.280692|0.001116,0.000000|0.000000|0.000000|0.000000|0.314174|0.000558|0.000000|0.310268|0.000000|0.000000|0.000000|0.000000|0.000000|0.096540|0.000000|0.000000|0.277902|0.000558,0.000000|0.000000|0.000000|0.000000|0.314174|0.000558|0.000000|0.310268|0.000000|0.000000|0.000000|0.000000|0.000000|0.096540|0.000000|0.000000|0.277902|0.000558
RL_LCE_Quest8_PruneQuant-20251030-202125,3600,wikitext,0.0,10.0,0.0,12.039723753255837,13.273877300326403,0.47455357467489584,0.637053597186293,0.5008370535714286,0.45000000298023224,0.6370536174092974,0.5008370535714286,0.200000|1.000000,0.000000|0.000000|0.000000|0.000000|0.153460|0.000000|0.000000|0.503348|0.000000|0.000000|0.000000|0.000000|0.000000|0.031808|0.000000|0.000000|0.309710|0.001674,0.000000|0.000000|0.000000|0.000000|0.131696|0.000558|0.000000|0.554688|0.000558|0.000000|0.000000|0.000000|0.000000|0.053013|0.000000|0.000000|0.258929|0.000558,0.000000|0.000000|0.000000|0.000000|0.131696|0.000558|0.000000|0.554688|0.000558|0.000000|0.000000|0.000000|0.000000|0.053013|0.000000|0.000000|0.258929|0.000558
RL_LCE_Quest8_PruneQuant-20251030-202125,3600,wikitext,0.0,20.0,0.0,12.529815562252995,13.767070925179203,0.47410714586398434,0.6013393082789013,0.501953125,0.45000000298023224,0.6013393082789013,0.501953125,0.200000|1.000000,0.000000|0.000000|0.000000|0.000000|0.003906|0.000000|0.000000|0.653460|0.000000|0.000000|0.000000|0.000000|0.000000|0.002790|0.000000|0.000000|0.335938|0.003906,0.000000|0.000000|0.000000|0.000000|0.004464|0.000000|0.000000|0.679129|0.003906|0.000000|0.000000|0.000000|0.000000|0.002232|0.000000|0.000000|0.310268|0.000000,0.000000|0.000000|0.000000|0.000000|0.004464|0.000000|0.000000|0.679129|0.003906|0.000000|0.000000|0.000000|0.000000|0.002232|0.000000|0.000000|0.310268|0.000000
RL_LCE_Quest8_PruneQuant-20251030-202125,3600,wikitext,0.0,0.0,-20.0,11.234004700191536,12.266058021950517,0.4982142902112433,0.7286830496575151,1.0,0.5,0.7286830603012017,1.0,0.200000|1.000000,0.000000|0.000000|0.000000|0.000000|0.000000|0.401786|0.000000|0.000000|0.225446|0.000000|0.000000|0.000000|0.000000|0.000000|0.241629|0.000000|0.000000|0.131138,0.000000|0.000000|0.000000|0.000000|0.000000|0.414062|0.000000|0.000000|0.210938|0.000000|0.000000|0.000000|0.000000|0.000000|0.229353|0.000000|0.000000|0.145647,0.000000|0.000000|0.000000|0.000000|0.000000|0.414062|0.000000|0.000000|0.210938|0.000000|0.000000|0.000000|0.000000|0.000000|0.229353|0.000000|0.000000|0.145647
RL_LCE_Quest8_PruneQuant-20251030-202125,3600,wikitext,0.0,0.0,-18.0,11.234004700191536,12.266058021950517,0.4982142902112433,0.7286830496575151,1.0,0.5,0.7286830603012017,1.0,0.200000|1.000000,0.000000|0.000000|0.000000|0.000000|0.000000|0.401786|0.000000|0.000000|0.225446|0.000000|0.000000|0.000000|0.000000|0.000000|0.241629|0.000000|0.000000|0.131138,0.000000|0.000000|0.000000|0.000000|0.000000|0.414062|0.000000|0.000000|0.210938|0.000000|0.000000|0.000000|0.000000|0.000000|0.229353|0.000000|0.000000|0.145647,0.000000|0.000000|0.000000|0.000000|0.000000|0.414062|0.000000|0.000000|0.210938|0.000000|0.000000|0.000000|0.000000|0.000000|0.229353|0.000000|0.000000|0.145647
RL_LCE_Quest8_PruneQuant-20251030-202125,3600,wikitext,0.0,0.0,-16.0,11.234004700191536,12.266058021950517,0.4982142902112433,0.7286830496575151,1.0,0.5,0.7286830603012017,1.0,0.200000|1.000000,0.000000|0.000000|0.000000|0.000000|0.000000|0.401786|0.000000|0.000000|0.225446|0.000000|0.000000|0.000000|0.000000|0.000000|0.241629|0.000000|0.000000|0.131138,0.000000|0.000000|0.000000|0.000000|0.000000|0.414062|0.000000|0.000000|0.210938|0.000000|0.000000|0.000000|0.000000|0.000000|0.229353|0.000000|0.000000|0.145647,0.000000|0.000000|0.000000|0.000000|0.000000|0.414062|0.000000|0.000000|0.210938|0.000000|0.000000|0.000000|0.000000|0.000000|0.229353|0.000000|0.000000|0.145647
RL_LCE_Quest8_PruneQuant-20251030-202125,3600,wikitext,0.0,0.0,-15.0,11.234004700191536,12.266058021950517,0.4982142902112433,0.7286830496575151,1.0,0.5,0.7286830603012017,1.0,0.200000|1.000000,0.000000|0.000000|0.000000|0.000000|0.000000|0.401786|0.000000|0.000000|0.225446|0.000000|0.000000|0.000000|0.000000|0.000000|0.241629|0.000000|0.000000|0.131138,0.000000|0.000000|0.000000|0.000000|0.000000|0.414062|0.000000|0.000000|0.210938|0.000000|0.000000|0.000000|0.000000|0.000000|0.229353|0.000000|0.000000|0.145647,0.000000|0.000000|0.000000|0.000000|0.000000|0.414062|0.000000|0.000000|0.210938|0.000000|0.000000|0.000000|0.000000|0.000000|0.229353|0.000000|0.000000|0.145647
RL_LCE_Quest8_PruneQuant-20251030-202125,3600,wikitext,0.0,0.0,-14.0,11.234004700191536,12.266058021950517,0.4982142902112433,0.7286830496575151,1.0,0.5,0.7286830603012017,1.0,0.200000|1.000000,0.000000|0.000000|0.000000|0.000000|0.000000|0.401786|0.000000|0.000000|0.225446|0.000000|0.000000|0.000000|0.000000|0.000000|0.241629|0.000000|0.000000|0.131138,0.000000|0.000000|0.000000|0.000000|0.000000|0.414062|0.000000|0.000000|0.210938|0.000000|0.000000|0.000000|0.000000|0.000000|0.229353|0.000000|0.000000|0.145647,0.000000|0.000000|0.000000|0.000000|0.000000|0.414062|0.000000|0.000000|0.210938|0.000000|0.000000|0.000000|0.000000|0.000000|0.229353|0.000000|0.000000|0.145647
RL_LCE_Quest8_PruneQuant-20251030-202125,3600,wikitext,0.0,0.0,-12.0,11.234004700191536,12.266058021950517,0.4982142902112433,0.7286830496575151,1.0,0.5,0.7286830603012017,1.0,0.200000|1.000000,0.000000|0.000000|0.000000|0.000000|0.000000|0.401786|0.000000|0.000000|0.225446|0.000000|0.000000|0.000000|0.000000|0.000000|0.241629|0.000000|0.000000|0.131138,0.000000|0.000000|0.000000|0.000000|0.000000|0.414062|0.000000|0.000000|0.210938|0.000000|0.000000|0.000000|0.000000|0.000000|0.229353|0.000000|0.000000|0.145647,0.000000|0.000000|0.000000|0.000000|0.000000|0.414062|0.000000|0.000000|0.210938|0.000000|0.000000|0.000000|0.000000|0.000000|0.229353|0.000000|0.000000|0.145647
RL_LCE_Quest8_PruneQuant-20251030-202125,3600,wikitext,0.0,0.0,-10.0,11.315008409717647,12.195247381698719,0.4977678628638387,0.7180803801332202,0.94140625,0.5,0.718080362038953,0.94140625,0.200000|1.000000,0.000000|0.000000|0.000000|0.000000|0.116629|0.244420|0.000000|0.000558|0.266183|0.000000|0.000000|0.000000|0.000000|0.000000|0.229353|0.000000|0.000000|0.142857,0.000000|0.000000|0.000000|0.000000|0.036272|0.343750|0.000000|0.034040|0.210938|0.000000|0.000000|0.000000|0.000000|0.026786|0.183594|0.000000|0.020089|0.144531,0.000000|0.000000|0.000000|0.000000|0.036272|0.343750|0.000000|0.034040|0.210938|0.000000|0.000000|0.000000|0.000000|0.026786|0.183594|0.000000|0.020089|0.144531
RL_LCE_Quest8_PruneQuant-20251030-202125,3600,wikitext,0.0,0.0,0.0,11.176166078697262,12.542057686890011,0.47857143157827003,0.7284598387777805,0.5002790178571429,0.5,0.7284598462283611,0.5002790178571429,0.200000|1.000000,0.000000|0.000000|0.000000|0.000000|0.483817|0.000000|0.000000|0.167969|0.000000|0.000000|0.000000|0.000000|0.000000|0.158482|0.000000|0.000000|0.189174|0.000558,0.000000|0.000000|0.000000|0.000000|0.415737|0.000000|0.000000|0.209263|0.000000|0.000000|0.000000|0.000000|0.000000|0.226562|0.000000|0.000000|0.147879|0.000558,0.000000|0.000000|0.000000|0.000000|0.415737|0.000000|0.000000|0.209263|0.000000|0.000000|0.000000|0.000000|0.000000|0.226562|0.000000|0.000000|0.147879|0.000558
RL_LCE_Quest8_PruneQuant-20251030-202125,3600,wikitext,0.0,0.0,10.0,11.170710298440147,12.406318697208004,0.47857143157827003,0.7285714463463852,0.5,0.5,0.7285714532647815,0.5,0.200000|1.000000,0.000000|0.000000|0.000000|0.000000|0.483817|0.000000|0.000000|0.167969|0.000000|0.000000|0.000000|0.000000|0.000000|0.159040|0.000000|0.000000|0.189174|0.000000,0.000000|0.000000|0.000000|0.000000|0.412946|0.000000|0.000000|0.212054|0.000000|0.000000|0.000000|0.000000|0.000000|0.229911|0.000000|0.000000|0.145089|0.000000,0.000000|0.000000|0.000000|0.000000|0.412946|0.000000|0.000000|0.212054|0.000000|0.000000|0.000000|0.000000|0.000000|0.229911|0.000000|0.000000|0.145089|0.000000
RL_LCE_Quest8_PruneQuant-20251030-202125,3600,wikitext,0.0,0.0,20.0,11.170710298440147,12.406318697208004,0.47857143157827003,0.7285714463463852,0.5,0.5,0.7285714532647815,0.5,0.200000|1.000000,0.000000|0.000000|0.000000|0.000000|0.483817|0.000000|0.000000|0.167969|0.000000|0.000000|0.000000|0.000000|0.000000|0.159040|0.000000|0.000000|0.189174|0.000000,0.000000|0.000000|0.000000|0.000000|0.412946|0.000000|0.000000|0.212054|0.000000|0.000000|0.000000|0.000000|0.000000|0.229911|0.000000|0.000000|0.145089|0.000000,0.000000|0.000000|0.000000|0.000000|0.412946|0.000000|0.000000|0.212054|0.000000|0.000000|0.000000|0.000000|0.000000|0.229911|0.000000|0.000000|0.145089|0.000000
RL_LCE_Quest8_PruneQuant-20251030-202125,3600,wikitext,0.0,0.0,60.0,11.170710298440147,12.406318697208004,0.47857143157827003,0.7285714463463852,0.5,0.5,0.7285714532647815,0.5,0.200000|1.000000,0.000000|0.000000|0.000000|0.000000|0.483817|0.000000|0.000000|0.167969|0.000000|0.000000|0.000000|0.000000|0.000000|0.159040|0.000000|0.000000|0.189174|0.000000,0.000000|0.000000|0.000000|0.000000|0.412946|0.000000|0.000000|0.212054|0.000000|0.000000|0.000000|0.000000|0.000000|0.229911|0.000000|0.000000|0.145089|0.000000,0.000000|0.000000|0.000000|0.000000|0.412946|0.000000|0.000000|0.212054|0.000000|0.000000|0.000000|0.000000|0.000000|0.229911|0.000000|0.000000|0.145089|0.000000
RL_LCE_Quest8_PruneQuant-20251030-202125,3600,wikitext,0.0,0.0,62.0,11.170710298440147,12.406318697208004,0.47857143157827003,0.7285714463463852,0.5,0.5,0.7285714532647815,0.5,0.200000|1.000000,0.000000|0.000000|0.000000|0.000000|0.483817|0.000000|0.000000|0.167969|0.000000|0.000000|0.000000|0.000000|0.000000|0.159040|0.000000|0.000000|0.189174|0.000000,0.000000|0.000000|0.000000|0.000000|0.412946|0.000000|0.000000|0.212054|0.000000|0.000000|0.000000|0.000000|0.000000|0.229911|0.000000|0.000000|0.145089|0.000000,0.000000|0.000000|0.000000|0.000000|0.412946|0.000000|0.000000|0.212054|0.000000|0.000000|0.000000|0.000000|0.000000|0.229911|0.000000|0.000000|0.145089|0.000000
RL_LCE_Quest8_PruneQuant-20251030-202125,3600,wikitext,0.0,0.0,64.0,11.172268820976637,12.596416747494818,0.4772321456777198,0.7284598387777805,0.49930245535714285,0.5,0.7284598462283611,0.49930245535714285,0.200000|1.000000,0.000000|0.000000|0.000000|0.000000|0.483259|0.000000|0.002790|0.167411|0.000000|0.000000|0.000000|0.000000|0.000000|0.159040|0.000000|0.000000|0.187500|0.000000,0.000000|0.000000|0.000000|0.001674|0.414062|0.000000|0.000000|0.209263|0.000000|0.000000|0.000000|0.000000|0.000558|0.226004|0.000000|0.000558|0.147879|0.000000,0.000000|0.000000|0.000000|0.001674|0.414062|0.000000|0.000000|0.209263|0.000000|0.000000|0.000000|0.000000|0.000558|0.226004|0.000000|0.000558|0.147879|0.000000
RL_LCE_Quest8_PruneQuant-20251030-202125,3600,wikitext,0.0,0.0,65.0,11.40295768561996,12.683704766606322,0.47589285937803133,0.7279018046600478,0.49693080357142855,0.5,0.7279018099818911,0.49693080357142855,0.200000|1.000000,0.000000|0.000000|0.000000|0.000000|0.478795|0.000000|0.011719|0.164621|0.000000|0.000000|0.000000|0.000000|0.000558|0.160156|0.000000|0.000000|0.184152|0.000000,0.000000|0.000000|0.000000|0.005022|0.408482|0.000000|0.002790|0.208705|0.000000|0.000000|0.000000|0.000000|0.002232|0.223772|0.000000|0.002232|0.146763|0.000000,0.000000|0.000000|0.000000|0.005022|0.408482|0.000000|0.002790|0.208705|0.000000|0.000000|0.000000|0.000000|0.002232|0.223772|0.000000|0.002232|0.146763|0.000000
RL_LCE_Quest8_PruneQuant-20251030-202125,3600,wikitext,0.0,0.0,66.0,11.871268794280796,13.211064358914342,0.4741071457309382,0.7271205554051059,0.49190848214285715,0.45000000298023224,0.7271205596625805,0.49190848214285715,0.200000|1.000000,0.000000|0.000000|0.000000|0.000000|0.472656|0.000000|0.030692|0.154018|0.000000|0.000000|0.000000|0.000000|0.001674|0.161272|0.000000|0.000000|0.179688|0.000000,0.000000|0.000000|0.000000|0.013393|0.423549|0.000000|0.006696|0.243862|0.000000|0.000000|0.000000|0.000000|0.005022|0.193638|0.000000|0.007254|0.106585|0.000000,0.000000|0.000000|0.000000|0.013393|0.423549|0.000000|0.006696|0.243862|0.000000|0.000000|0.000000|0.000000|0.005022|0.193638|0.000000|0.007254|0.106585|0.000000
RL_LCE_Quest8_PruneQuant-20251030-202125,3600,wikitext,0.0,0.0,68.0,15.083299971526124,17.16330093087958,0.4638392918610147,0.719531270542315,0.4541015625,0.45000000298023224,0.7195312604308128,0.4541015625,0.200000|1.000000,0.000000|0.000000|0.000000|0.000000|0.393415|0.000000|0.179688|0.097098|0.000000|0.000000|0.000000|0.000000|0.003906|0.200335|0.000000|0.000000|0.125558|0.000000,0.000000|0.000000|0.000000|0.082031|0.324219|0.000000|0.062500|0.218750|0.000000|0.000000|0.000000|0.000000|0.027344|0.164062|0.000000|0.011719|0.109375|0.000000,0.000000|0.000000|0.000000|0.082031|0.324219|0.000000|0.062500|0.218750|0.000000|0.000000|0.000000|0.000000|0.027344|0.164062|0.000000|0.011719|0.109375|0.000000
RL_LCE_Quest8_PruneQuant-20251030-202125,3600,wikitext,0.0,0.0,70.0,24.030857355956815,27.68637154620516,0.4437500081424202,0.7031250282057694,0.3892299107142857,0.45000000298023224,0.703125037252903,0.3892299107142857,0.200000|1.000000,0.000000|0.000000|0.000000|0.000000|0.243862|0.000000|0.432478|0.018973|0.000000|0.000000|0.000000|0.000000|0.010603|0.261161|0.000000|0.000000|0.032924|0.000000,0.000000|0.000000|0.000000|0.123884|0.212054|0.000000|0.178013|0.173549|0.000000|0.000000|0.000000|0.000000|0.087612|0.092076|0.000000|0.053571|0.079241|0.000000,0.000000|0.000000|0.000000|0.123884|0.212054|0.000000|0.178013|0.173549|0.000000|0.000000|0.000000|0.000000|0.087612|0.092076|0.000000|0.053571|0.079241|0.000000
RL_LCE_Quest8_PruneQuant-20251030-202125,3600,wikitext,-10.0,-50.0,-20.0,9.794031391798864,9.794031391798864,1.0,1.0,1.0,1.0,1.0,1.0,0.200000|1.000000,0.000000|0.000000|0.000000|0.000000|0.000000|0.000000|0.000000|0.000000|0.000000|0.000000|0.000000|1.000000|0.000000|0.000000|0.000000|0.000000|0.000000|0.000000,0.000000|0.000000|0.000000|0.000000|0.000000|0.000000|0.000000|0.000000|0.000000|0.000000|0.000000|1.000000|0.000000|0.000000|0.000000|0.000000|0.000000|0.000000,0.000000|0.000000|0.000000|0.000000|0.000000|0.000000|0.000000|0.000000|0.000000|0.000000|0.000000|1.000000|0.000000|0.000000|0.000000|0.000000|0.000000|0.000000
RL_LCE_Quest8_PruneQuant-20251030-202125,3600,wikitext,-10.0,-50.0,-16.0,9.794031391798864,9.794031391798864,1.0,1.0,1.0,1.0,1.0,1.0,0.200000|1.000000,0.000000|0.000000|0.000000|0.000000|0.000000|0.000000|0.000000|0.000000|0.000000|0.000000|0.000000|1.000000|0.000000|0.000000|0.000000|0.000000|0.000000|0.000000,0.000000|0.000000|0.000000|0.000000|0.000000|0.000000|0.000000|0.000000|0.000000|0.000000|0.000000|1.000000|0.000000|0.000000|0.000000|0.000000|0.000000|0.000000,0.000000|0.000000|0.000000|0.000000|0.000000|0.000000|0.000000|0.000000|0.000000|0.000000|0.000000|1.000000|0.000000|0.000000|0.000000|0.000000|0.000000|0.000000
RL_LCE_Quest8_PruneQuant-20251030-202125,3600,wikitext,-10.0,-50.0,-12.0,9.794031391798864,9.794031391798864,1.0,1.0,1.0,1.0,1.0,1.0,0.200000|1.000000,0.000000|0.000000|0.000000|0.000000|0.000000|0.000000|0.000000|0.000000|0.000000|0.000000|0.000000|1.000000|0.000000|0.000000|0.000000|0.000000|0.000000|0.000000,0.000000|0.000000|0.000000|0.000000|0.000000|0.000000|0.000000|0.000000|0.000000|0.000000|0.000000|1.000000|0.000000|0.000000|0.000000|0.000000|0.000000|0.000000,0.000000|0.000000|0.000000|0.000000|0.000000|0.000000|0.000000|0.000000|0.000000|0.000000|0.000000|1.000000|0.000000|0.000000|0.000000|0.000000|0.000000|0.000000
RL_LCE_Quest8_PruneQuant-20251030-202125,3600,wikitext,-10.0,-50.0,-10.0,9.794031391798864,9.794031391798864,1.0,1.0,1.0,1.0,1.0,1.0,0.200000|1.000000,0.000000|0.000000|0.000000|0.000000|0.000000|0.000000|0.000000|0.000000|0.000000|0.000000|0.000000|1.000000|0.000000|0.000000|0.000000|0.000000|0.000000|0.000000,0.000000|0.000000|0.000000|0.000000|0.000000|0.000000|0.000000|0.000000|0.000000|0.000000|0.000000|1.000000|0.000000|0.000000|0.000000|0.000000|0.000000|0.000000,0.000000|0.000000|0.000000|0.000000|0.000000|0.000000|0.000000|0.000000|0.000000|0.000000|0.000000|1.000000|0.000000|0.000000|0.000000|0.000000|0.000000|0.000000
RL_LCE_Quest8_PruneQuant-20251030-202125,3600,wikitext,-10.0,-50.0,0.0,14.246752953777266,11.614890589610315,1.0,1.0,0.4740513392857143,1.0,1.0,0.4740513392857143,0.200000|1.000000,0.000000|0.000000|0.000000|0.000000|0.000000|0.000000|0.000000|0.000000|0.000000|0.232143|0.703683|0.064174|0.000000|0.000000|0.000000|0.000000|0.000000|0.000000,0.000000|0.000000|0.000000|0.000000|0.000000|0.000000|0.000000|0.000000|0.000000|0.103795|0.896205|0.000000|0.000000|0.000000|0.000000|0.000000|0.000000|0.000000,0.000000|0.000000|0.000000|0.000000|0.000000|0.000000|0.000000|0.000000|0.000000|0.103795|0.896205|0.000000|0.000000|0.000000|0.000000|0.000000|0.000000|0.000000
RL_LCE_Quest8_PruneQuant-20251030-202125,3600,wikitext,-10.0,-50.0,10.0,25.15252143339407,25.411759861982034,1.0,1.0,0.345703125,1.0,1.0,0.345703125,0.200000|1.000000,0.000000|0.000000|0.000000|0.000000|0.000000|0.000000|0.000000|0.000000|0.000000|0.617188|0.382812|0.000000|0.000000|0.000000|0.000000|0.000000|0.000000|0.000000,0.000000|0.000000|0.000000|0.000000|0.000000|0.000000|0.000000|0.000000|0.000000|0.617188|0.382812|0.000000|0.000000|0.000000|0.000000|0.000000|0.000000|0.000000,0.000000|0.000000|0.000000|0.000000|0.000000|0.000000|0.000000|0.000000|0.000000|0.617188|0.382812|0.000000|0.000000|0.000000|0.000000|0.000000|0.000000|0.000000
RL_LCE_Quest8_PruneQuant-20251030-202125,3600,wikitext,-10.0,-50.0,20.0,51.011910862783445,51.011910862783445,1.0,1.0,0.25,1.0,1.0,0.25,0.200000|1.000000,0.000000|0.000000|0.000000|0.000000|0.000000|0.000000|0.000000|0.000000|0.000000|1.000000|0.000000|0.000000|0.000000|0.000000|0.000000|0.000000|0.000000|0.000000,0.000000|0.000000|0.000000|0.000000|0.000000|0.000000|0.000000|0.000000|0.000000|1.000000|0.000000|0.000000|0.000000|0.000000|0.000000|0.000000|0.000000|0.000000,0.000000|0.000000|0.000000|0.000000|0.000000|0.000000|0.000000|0.000000|0.000000|1.000000|0.000000|0.000000|0.000000|0.000000|0.000000|0.000000|0.000000|0.000000
RL_LCE_Quest8_PruneQuant-20251030-202125,3600,wikitext,-10.0,-50.0,60.0,51.011910862783445,51.011910862783445,1.0,1.0,0.25,1.0,1.0,0.25,0.200000|1.000000,0.000000|0.000000|0.000000|0.000000|0.000000|0.000000|0.000000|0.000000|0.000000|1.000000|0.000000|0.000000|0.000000|0.000000|0.000000|0.000000|0.000000|0.000000,0.000000|0.000000|0.000000|0.000000|0.000000|0.000000|0.000000|0.000000|0.000000|1.000000|0.000000|0.000000|0.000000|0.000000|0.000000|0.000000|0.000000|0.000000,0.000000|0.000000|0.000000|0.000000|0.000000|0.000000|0.000000|0.000000|0.000000|1.000000|0.000000|0.000000|0.000000|0.000000|0.000000|0.000000|0.000000|0.000000
RL_LCE_Quest8_PruneQuant-20251030-202125,3600,wikitext,-10.0,-50.0,64.0,51.011910862783445,51.011910862783445,1.0,1.0,0.25,1.0,1.0,0.25,0.200000|1.000000,0.000000|0.000000|0.000000|0.000000|0.000000|0.000000|0.000000|0.000000|0.000000|1.000000|0.000000|0.000000|0.000000|0.000000|0.000000|0.000000|0.000000|0.000000,0.000000|0.000000|0.000000|0.000000|0.000000|0.000000|0.000000|0.000000|0.000000|1.000000|0.000000|0.000000|0.000000|0.000000|0.000000|0.000000|0.000000|0.000000,0.000000|0.000000|0.000000|0.000000|0.000000|0.000000|0.000000|0.000000|0.000000|1.000000|0.000000|0.000000|0.000000|0.000000|0.000000|0.000000|0.000000|0.000000
RL_LCE_Quest8_PruneQuant-20251030-202125,3600,wikitext,-10.0,-40.0,-20.0,9.794031391798864,9.794031391798864,1.0,1.0,1.0,1.0,1.0,1.0,0.200000|1.000000,0.000000|0.000000|0.000000|0.000000|0.000000|0.000000|0.000000|0.000000|0.000000|0.000000|0.000000|1.000000|0.000000|0.000000|0.000000|0.000000|0.000000|0.000000,0.000000|0.000000|0.000000|0.000000|0.000000|0.000000|0.000000|0.000000|0.000000|0.000000|0.000000|1.000000|0.000000|0.000000|0.000000|0.000000|0.000000|0.000000,0.000000|0.000000|0.000000|0.000000|0.000000|0.000000|0.000000|0.000000|0.000000|0.000000|0.000000|1.000000|0.000000|0.000000|0.000000|0.000000|0.000000|0.000000
RL_LCE_Quest8_PruneQuant-20251030-202125,3600,wikitext,-10.0,-40.0,-16.0,9.794031391798864,9.794031391798864,1.0,1.0,1.0,1.0,1.0,1.0,0.200000|1.000000,0.000000|0.000000|0.000000|0.000000|0.000000|0.000000|0.000000|0.000000|0.000000|0.000000|0.000000|1.000000|0.000000|0.000000|0.000000|0.000000|0.000000|0.000000,0.000000|0.000000|0.000000|0.000000|0.000000|0.000000|0.000000|0.000000|0.000000|0.000000|0.000000|1.000000|0.000000|0.000000|0.000000|0.000000|0.000000|0.000000,0.000000|0.000000|0.000000|0.000000|0.000000|0.000000|0.000000|0.000000|0.000000|0.000000|0.000000|1.000000|0.000000|0.000000|0.000000|0.000000|0.000000|0.000000
RL_LCE_Quest8_PruneQuant-20251030-202125,3600,wikitext,-10.0,-40.0,-12.0,9.794031391798864,9.794031391798864,1.0,1.0,1.0,1.0,1.0,1.0,0.200000|1.000000,0.000000|0.000000|0.000000|0.000000|0.000000|0.000000|0.000000|0.000000|0.000000|0.000000|0.000000|1.000000|0.000000|0.000000|0.000000|0.000000|0.000000|0.000000,0.000000|0.000000|0.000000|0.000000|0.000000|0.000000|0.000000|0.000000|0.000000|0.000000|0.000000|1.000000|0.000000|0.000000|0.000000|0.000000|0.000000|0.000000,0.000000|0.000000|0.000000|0.000000|0.000000|0.000000|0.000000|0.000000|0.000000|0.000000|0.000000|1.000000|0.000000|0.000000|0.000000|0.000000|0.000000|0.000000
RL_LCE_Quest8_PruneQuant-20251030-202125,3600,wikitext,-10.0,-40.0,-10.0,9.794031391798864,9.794031391798864,1.0,1.0,1.0,1.0,1.0,1.0,0.200000|1.000000,0.000000|0.000000|0.000000|0.000000|0.000000|0.000000|0.000000|0.000000|0.000000|0.000000|0.000000|1.000000|0.000000|0.000000|0.000000|0.000000|0.000000|0.000000,0.000000|0.000000|0.000000|0.000000|0.000000|0.000000|0.000000|0.000000|0.000000|0.000000|0.000000|1.000000|0.000000|0.000000|0.000000|0.000000|0.000000|0.000000,0.000000|0.000000|0.000000|0.000000|0.000000|0.000000|0.000000|0.000000|0.000000|0.000000|0.000000|1.000000|0.000000|0.000000|0.000000|0.000000|0.000000|0.000000
RL_LCE_Quest8_PruneQuant-20251030-202125,3600,wikitext,-10.0,-40.0,0.0,14.428772889933722,11.471568292998242,1.0,0.9974330365657806,0.47349330357142855,1.0,0.9974330381623336,0.47349330357142855,0.200000|1.000000,0.000000|0.000000|0.000000|0.000000|0.000000|0.000000|0.000000|0.000000|0.000000|0.232143|0.691964|0.063058|0.000000|0.012835|0.000000|0.000000|0.000000|0.000000,0.000000|0.000000|0.000000|0.000000|0.000000|0.000000|0.000000|0.000000|0.000000|0.104911|0.882254|0.000000|0.001116|0.011719|0.000000|0.000000|0.000000|0.000000,0.000000|0.000000|0.000000|0.000000|0.000000|0.000000|0.000000|0.000000|0.000000|0.104911|0.882254|0.000000|0.001116|0.011719|0.000000|0.000000|0.000000|0.000000
RL_LCE_Quest8_PruneQuant-20251030-202125,3600,wikitext,-10.0,-40.0,10.0,24.866422890900804,26.05796971888993,1.0,0.9964285727058139,0.34458705357142855,1.0,0.9964285748345512,0.34458705357142855,0.200000|1.000000,0.000000|0.000000|0.000000|0.000000|0.000000|0.000000|0.000000|0.000000|0.000000|0.621652|0.360491|0.000000|0.000000|0.017857|0.000000|0.000000|0.000000|0.000000,0.000000|0.000000|0.000000|0.000000|0.000000|0.000000|0.000000|0.000000|0.000000|0.610491|0.371652|0.000000|0.011161|0.006696|0.000000|0.000000|0.000000|0.000000,0.000000|0.000000|0.000000|0.000000|0.000000|0.000000|0.000000|0.000000|0.000000|0.610491|0.371652|0.000000|0.011161|0.006696|0.000000|0.000000|0.000000|0.000000
RL_LCE_Quest8_PruneQuant-20251030-202125,3600,wikitext,-10.0,-40.0,20.0,50.93368811106481,51.24015169478249,1.0,0.9988839291036129,0.2513950892857143,1.0,0.9988839296357972,0.2513950892857143,0.200000|1.000000,0.000000|0.000000|0.000000|0.000000|0.000000|0.000000|0.000000|0.000000|0.000000|0.994420|0.000000|0.000000|0.000000|0.005580|0.000000|0.000000|0.000000|0.000000,0.000000|0.000000|0.000000|0.000000|0.000000|0.000000|0.000000|0.000000|0.000000|0.988839|0.005580|0.000000|0.005580|0.000000|0.000000|0.000000|0.000000|0.000000,0.000000|0.000000|0.000000|0.000000|0.000000|0.000000|0.000000|0.000000|0.000000|0.988839|0.005580|0.000000|0.005580|0.000000|0.000000|0.000000|0.000000|0.000000
RL_LCE_Quest8_PruneQuant-20251030-202125,3600,wikitext,-10.0,-40.0,60.0,51.011910862783445,51.011910862783445,1.0,1.0,0.25,1.0,1.0,0.25,0.200000|1.000000,0.000000|0.000000|0.000000|0.000000|0.000000|0.000000|0.000000|0.000000|0.000000|1.000000|0.000000|0.000000|0.000000|0.000000|0.000000|0.000000|0.000000|0.000000,0.000000|0.000000|0.000000|0.000000|0.000000|0.000000|0.000000|0.000000|0.000000|1.000000|0.000000|0.000000|0.000000|0.000000|0.000000|0.000000|0.000000|0.000000,0.000000|0.000000|0.000000|0.000000|0.000000|0.000000|0.000000|0.000000|0.000000|1.000000|0.000000|0.000000|0.000000|0.000000|0.000000|0.000000|0.000000|0.000000
RL_LCE_Quest8_PruneQuant-20251030-202125,3600,wikitext,-10.0,-40.0,64.0,51.011910862783445,51.011910862783445,1.0,1.0,0.25,1.0,1.0,0.25,0.200000|1.000000,0.000000|0.000000|0.000000|0.000000|0.000000|0.000000|0.000000|0.000000|0.000000|1.000000|0.000000|0.000000|0.000000|0.000000|0.000000|0.000000|0.000000|0.000000,0.000000|0.000000|0.000000|0.000000|0.000000|0.000000|0.000000|0.000000|0.000000|1.000000|0.000000|0.000000|0.000000|0.000000|0.000000|0.000000|0.000000|0.000000,0.000000|0.000000|0.000000|0.000000|0.000000|0.000000|0.000000|0.000000|0.000000|1.000000|0.000000|0.000000|0.000000|0.000000|0.000000|0.000000|0.000000|0.000000
RL_LCE_Quest8_PruneQuant-20251030-202125,3600,wikitext,-10.0,-30.0,-20.0,9.836480115866582,9.844717223647145,1.0,0.9601562528737954,1.0,1.0,0.9601562283933163,1.0,0.200000|1.000000,0.000000|0.000000|0.000000|0.000000|0.000000|0.000000|0.000000|0.000000|0.000000|0.000000|0.000000|0.800781|0.000000|0.000000|0.199219|0.000000|0.000000|0.000000,0.000000|0.000000|0.000000|0.000000|0.000000|0.000000|0.000000|0.000000|0.000000|0.000000|0.000000|0.800781|0.000000|0.000000|0.199219|0.000000|0.000000|0.000000,0.000000|0.000000|0.000000|0.000000|0.000000|0.000000|0.000000|0.000000|0.000000|0.000000|0.000000|0.800781|0.000000|0.000000|0.199219|0.000000|0.000000|0.000000
RL_LCE_Quest8_PruneQuant-20251030-202125,3600,wikitext,-10.0,-30.0,-16.0,9.836480115866582,9.844717223647145,1.0,0.9601562528737954,1.0,1.0,0.9601562283933163,1.0,0.200000|1.000000,0.000000|0.000000|0.000000|0.000000|0.000000|0.000000|0.000000|0.000000|0.000000|0.000000|0.000000|0.800781|0.000000|0.000000|0.199219|0.000000|0.000000|0.000000,0.000000|0.000000|0.000000|0.000000|0.000000|0.000000|0.000000|0.000000|0.000000|0.000000|0.000000|0.800781|0.000000|0.000000|0.199219|0.000000|0.000000|0.000000,0.000000|0.000000|0.000000|0.000000|0.000000|0.000000|0.000000|0.000000|0.000000|0.000000|0.000000|0.800781|0.000000|0.000000|0.199219|0.000000|0.000000|0.000000
RL_LCE_Quest8_PruneQuant-20251030-202125,3600,wikitext,-10.0,-30.0,-12.0,9.836480115866582,9.844717223647145,1.0,0.9601562528737954,1.0,1.0,0.9601562283933163,1.0,0.200000|1.000000,0.000000|0.000000|0.000000|0.000000|0.000000|0.000000|0.000000|0.000000|0.000000|0.000000|0.000000|0.800781|0.000000|0.000000|0.199219|0.000000|0.000000|0.000000,0.000000|0.000000|0.000000|0.000000|0.000000|0.000000|0.000000|0.000000|0.000000|0.000000|0.000000|0.800781|0.000000|0.000000|0.199219|0.000000|0.000000|0.000000,0.000000|0.000000|0.000000|0.000000|0.000000|0.000000|0.000000|0.000000|0.000000|0.000000|0.000000|0.800781|0.000000|0.000000|0.199219|0.000000|0.000000|0.000000
RL_LCE_Quest8_PruneQuant-20251030-202125,3600,wikitext,-10.0,-30.0,-10.0,9.836480115866582,9.844717223647145,1.0,0.9601562528737954,1.0,1.0,0.9601562283933163,1.0,0.200000|1.000000,0.000000|0.000000|0.000000|0.000000|0.000000|0.000000|0.000000|0.000000|0.000000|0.000000|0.000000|0.800781|0.000000|0.000000|0.199219|0.000000|0.000000|0.000000,0.000000|0.000000|0.000000|0.000000|0.000000|0.000000|0.000000|0.000000|0.000000|0.000000|0.000000|0.800781|0.000000|0.000000|0.199219|0.000000|0.000000|0.000000,0.000000|0.000000|0.000000|0.000000|0.000000|0.000000|0.000000|0.000000|0.000000|0.000000|0.000000|0.800781|0.000000|0.000000|0.199219|0.000000|0.000000|0.000000
RL_LCE_Quest8_PruneQuant-20251030-202125,3600,wikitext,-10.0,-30.0,0.0,14.653948501403466,11.487583323615482,1.0,0.9390625043639115,0.4760044642857143,1.0,0.9390624985098839,0.4760044642857143,0.200000|1.000000,0.000000|0.000000|0.000000|0.000000|0.000000|0.000000|0.000000|0.000000|0.000000|0.236607|0.388393|0.070312|0.000000|0.304688|0.000000|0.000000|0.000000|0.000000,0.000000|0.000000|0.000000|0.000000|0.000000|0.000000|0.000000|0.000000|0.000000|0.056920|0.638393|0.000000|0.039062|0.265625|0.000000|0.000000|0.000000|0.000000,0.000000|0.000000|0.000000|0.000000|0.000000|0.000000|0.000000|0.000000|0.000000|0.056920|0.638393|0.000000|0.039062|0.265625|0.000000|0.000000|0.000000|0.000000
RL_LCE_Quest8_PruneQuant-20251030-202125,3600,wikitext,-10.0,-30.0,10.0,28.797305047839423,29.132694012662554,1.0,0.9353794689689364,0.33523995535714285,1.0,0.9353794609861714,0.33523995535714285,0.200000|1.000000,0.000000|0.000000|0.000000|0.000000|0.000000|0.000000|0.000000|0.000000|0.000000|0.659040|0.017857|0.000000|0.000000|0.323103|0.000000|0.000000|0.000000|0.000000,0.000000|0.000000|0.000000|0.000000|0.000000|0.000000|0.000000|0.000000|0.000000|0.446429|0.230469|0.000000|0.212612|0.110491|0.000000|0.000000|0.000000|0.000000,0.000000|0.000000|0.000000|0.000000|0.000000|0.000000|0.000000|0.000000|0.000000|0.446429|0.230469|0.000000|0.212612|0.110491|0.000000|0.000000|0.000000|0.000000
RL_LCE_Quest8_PruneQuant-20251030-202125,3600,wikitext,-10.0,-30.0,20.0,34.365034913556876,35.38671600207946,1.0,0.9565848218543189,0.3042689732142857,1.0,0.9565848032278674,0.3042689732142857,0.200000|1.000000,0.000000|0.000000|0.000000|0.000000|0.000000|0.000000|0.000000|0.000000|0.000000|0.782924|0.000000|0.000000|0.000000|0.217076|0.000000|0.000000|0.000000|0.000000,0.000000|0.000000|0.000000|0.000000|0.000000|0.000000|0.000000|0.000000|0.000000|0.583705|0.199219|0.000000|0.199219|0.017857|0.000000|0.000000|0.000000|0.000000,0.000000|0.000000|0.000000|0.000000|0.000000|0.000000|0.000000|0.000000|0.000000|0.583705|0.199219|0.000000|0.199219|0.017857|0.000000|0.000000|0.000000|0.000000
RL_LCE_Quest8_PruneQuant-20251030-202125,3600,wikitext,-10.0,-30.0,60.0,51.011910862783445,51.011910862783445,1.0,1.0,0.25,1.0,1.0,0.25,0.200000|1.000000,0.000000|0.000000|0.000000|0.000000|0.000000|0.000000|0.000000|0.000000|0.000000|1.000000|0.000000|0.000000|0.000000|0.000000|0.000000|0.000000|0.000000|0.000000,0.000000|0.000000|0.000000|0.000000|0.000000|0.000000|0.000000|0.000000|0.000000|1.000000|0.000000|0.000000|0.000000|0.000000|0.000000|0.000000|0.000000|0.000000,0.000000|0.000000|0.000000|0.000000|0.000000|0.000000|0.000000|0.000000|0.000000|1.000000|0.000000|0.000000|0.000000|0.000000|0.000000|0.000000|0.000000|0.000000
RL_LCE_Quest8_PruneQuant-20251030-202125,3600,wikitext,-10.0,-30.0,64.0,51.011910862783445,51.011910862783445,1.0,1.0,0.25,1.0,1.0,0.25,0.200000|1.000000,0.000000|0.000000|0.000000|0.000000|0.000000|0.000000|0.000000|0.000000|0.000000|1.000000|0.000000|0.000000|0.000000|0.000000|0.000000|0.000000|0.000000|0.000000,0.000000|0.000000|0.000000|0.000000|0.000000|0.000000|0.000000|0.000000|0.000000|1.000000|0.000000|0.000000|0.000000|0.000000|0.000000|0.000000|0.000000|0.000000,0.000000|0.000000|0.000000|0.000000|0.000000|0.000000|0.000000|0.000000|0.000000|1.000000|0.000000|0.000000|0.000000|0.000000|0.000000|0.000000|0.000000|0.000000
RL_LCE_Quest8_PruneQuant-20251030-202125,3600,wikitext,-10.0,20.0,-20.0,12.044763754753415,12.205459730619316,0.7959821470347899,0.6001116308782782,1.0,0.800000011920929,0.6001116308782782,1.0,0.200000|1.000000,0.000000|0.000000|0.000000|0.000000|0.000000|0.000000|0.000000|0.000000|0.255022|0.000000|0.000000|0.000000|0.000000|0.000000|0.000558|0.000000|0.000000|0.744420,0.000000|0.000000|0.000000|0.000000|0.000000|0.000000|0.000000|0.000000|0.250000|0.000000|0.000000|0.000000|0.000000|0.000000|0.000558|0.000000|0.000000|0.749442,0.000000|0.000000|0.000000|0.000000|0.000000|0.000000|0.000000|0.000000|0.250000|0.000000|0.000000|0.000000|0.000000|0.000000|0.000558|0.000000|0.000000|0.749442
RL_LCE_Quest8_PruneQuant-20251030-202125,3600,wikitext,-10.0,20.0,-16.0,12.044763754753415,12.205459730619316,0.7959821470347899,0.6001116308782782,1.0,0.800000011920929,0.6001116308782782,1.0,0.200000|1.000000,0.000000|0.000000|0.000000|0.000000|0.000000|0.000000|0.000000|0.000000|0.255022|0.000000|0.000000|0.000000|0.000000|0.000000|0.000558|0.000000|0.000000|0.744420,0.000000|0.000000|0.000000|0.000000|0.000000|0.000000|0.000000|0.000000|0.250000|0.000000|0.000000|0.000000|0.000000|0.000000|0.000558|0.000000|0.000000|0.749442,0.000000|0.000000|0.000000|0.000000|0.000000|0.000000|0.000000|0.000000|0.250000|0.000000|0.000000|0.000000|0.000000|0.000000|0.000558|0.000000|0.000000|0.749442
RL_LCE_Quest8_PruneQuant-20251030-202125,3600,wikitext,-10.0,20.0,-12.0,12.065786480867311,12.20290584193173,0.7946428612672857,0.6001116308782782,0.9986049107142857,0.800000011920929,0.6001116308782782,0.9986049107142857,0.200000|1.000000,0.000000|0.000000|0.000000|0.000000|0.000000|0.000000|0.000000|0.000000|0.256696|0.000000|0.000000|0.000000|0.000000|0.000000|0.000558|0.000000|0.002790|0.739955,0.000000|0.000000|0.000000|0.000000|0.000000|0.000000|0.000000|0.000558|0.249442|0.000000|0.000000|0.000000|0.000000|0.000000|0.000558|0.000000|0.002232|0.747210,0.000000|0.000000|0.000000|0.000000|0.000000|0.000000|0.000000|0.000558|0.249442|0.000000|0.000000|0.000000|0.000000|0.000000|0.000558|0.000000|0.002232|0.747210
RL_LCE_Quest8_PruneQuant-20251030-202125,3600,wikitext,-10.0,20.0,-10.0,11.998642600750555,12.184193645941138,0.7959821449060526,0.6001116308782782,0.9701450892857143,0.800000011920929,0.6001116308782782,0.9701450892857143,0.200000|1.000000,0.000000|0.000000|0.000000|0.000000|0.000000|0.000000|0.000000|0.002232|0.252790|0.000000|0.000000|0.000000|0.000000|0.000000|0.000558|0.000000|0.057478|0.686942,0.000000|0.000000|0.000000|0.000000|0.000000|0.000000|0.000000|0.014509|0.235491|0.000000|0.000000|0.000000|0.000000|0.000000|0.000558|0.000000|0.045201|0.704241,0.000000|0.000000|0.000000|0.000000|0.000000|0.000000|0.000000|0.014509|0.235491|0.000000|0.000000|0.000000|0.000000|0.000000|0.000558|0.000000|0.045201|0.704241
RL_LCE_Quest8_PruneQuant-20251030-202125,3600,wikitext,-10.0,20.0,0.0,12.192695629858328,12.320939621971524,0.7406250004257474,0.6006696660603795,0.5016741071428571,0.75,0.6006696660603795,0.5016741071428571,0.200000|1.000000,0.000000|0.000000|0.000000|0.000000|0.001674|0.000000|0.000000|0.322545|0.000000|0.000000|0.000000|0.000000|0.000000|0.001674|0.000000|0.000000|0.670759|0.003348,0.000000|0.000000|0.000000|0.000000|0.000000|0.000000|0.000000|0.310268|0.002232|0.000000|0.000000|0.000000|0.000000|0.003348|0.000000|0.000000|0.683036|0.001116,0.000000|0.000000|0.000000|0.000000|0.000000|0.000000|0.000000|0.310268|0.002232|0.000000|0.000000|0.000000|0.000000|0.003348|0.000000|0.000000|0.683036|0.001116
RL_LCE_Quest8_PruneQuant-20251030-202125,3600,wikitext,-10.0,20.0,10.0,12.314925006703165,12.471393479493909,0.745089285873941,0.600446451987539,0.49790736607142855,0.75,0.600446451987539,0.49790736607142855,0.200000|1.000000,0.000000|0.000000|0.000000|0.000000|0.000558|0.000000|0.000000|0.318080|0.000000|0.000000|0.000000|0.000000|0.000000|0.001674|0.000000|0.008371|0.671317|0.000000,0.000000|0.000000|0.000000|0.000000|0.001116|0.000000|0.002232|0.309152|0.000000|0.000000|0.000000|0.000000|0.000000|0.001116|0.000000|0.006138|0.680246|0.000000,0.000000|0.000000|0.000000|0.000000|0.001116|0.000000|0.002232|0.309152|0.000000|0.000000|0.000000|0.000000|0.000000|0.001116|0.000000|0.006138|0.680246|0.000000
RL_LCE_Quest8_PruneQuant-20251030-202125,3600,wikitext,-10.0,20.0,20.0,14.858780349157605,14.97323016279122,0.8276785739830562,0.6003348449511188,0.4716796875,0.8500000238418579,0.6003348449511188,0.4716796875,0.200000|1.000000,0.000000|0.000000|0.000000|0.000000|0.000000|0.000000|0.000000|0.215402|0.000000|0.000000|0.000000|0.000000|0.000000|0.001674|0.000000|0.113281|0.669643|0.000000,0.000000|0.000000|0.000000|0.000000|0.000000|0.000000|0.023438|0.164062|0.000000|0.000000|0.000000|0.000000|0.000000|0.001674|0.000000|0.089844|0.720982|0.000000,0.000000|0.000000|0.000000|0.000000|0.000000|0.000000|0.023438|0.164062|0.000000|0.000000|0.000000|0.000000|0.000000|0.001674|0.000000|0.089844|0.720982|0.000000
RL_LCE_Quest8_PruneQuant-20251030-202125,3600,wikitext,-10.0,20.0,60.0,45.98587404695795,45.6311920043099,1.0,0.6000000238418579,0.3081752232142857,1.0,0.6000000238418579,0.3081752232142857,0.200000|1.000000,0.000000|0.000000|0.000000|0.000000|0.000000|0.000000|0.000000|0.000000|0.000000|0.000000|0.000000|0.000000|0.000000|0.000000|0.000000|0.767299|0.232701|0.000000,0.000000|0.000000|0.000000|0.000000|0.000000|0.000000|0.000000|0.000000|0.000000|0.000000|0.000000|0.000000|0.000000|0.000000|0.000000|0.767299|0.232701|0.000000,0.000000|0.000000|0.000000|0.000000|0.000000|0.000000|0.000000|0.000000|0.000000|0.000000|0.000000|0.000000|0.000000|0.000000|0.000000|0.767299|0.232701|0.000000
RL_LCE_Quest8_PruneQuant-20251030-202125,3600,wikitext,-10.0,20.0,64.0,50.31571844980081,49.642876740111205,1.0,0.6000000238418579,0.29757254464285715,1.0,0.6000000238418579,0.29757254464285715,0.200000|1.000000,0.000000|0.000000|0.000000|0.000000|0.000000|0.000000|0.000000|0.000000|0.000000|0.000000|0.000000|0.000000|0.000000|0.000000|0.000000|0.809710|0.190290|0.000000,0.000000|0.000000|0.000000|0.000000|0.000000|0.000000|0.000000|0.000000|0.000000|0.000000|0.000000|0.000000|0.000000|0.000000|0.000000|0.809710|0.190290|0.000000,0.000000|0.000000|0.000000|0.000000|0.000000|0.000000|0.000000|0.000000|0.000000|0.000000|0.000000|0.000000|0.000000|0.000000|0.000000|0.809710|0.190290|0.000000
RL_LCE_Quest8_PruneQuant-20251030-202125,3600,wikitext,-10.0,10.0,-20.0,11.83158770997143,12.110476089433524,0.7839285740628839,0.6112723409065178,1.0,0.800000011920929,0.6112723345203059,1.0,0.200000|1.000000,0.000000|0.000000|0.000000|0.000000|0.000000|0.032366|0.000000|0.000000|0.237723|0.000000|0.000000|0.000000|0.000000|0.000000|0.023996|0.000000|0.000000|0.705915,0.000000|0.000000|0.000000|0.000000|0.000000|0.013393|0.000000|0.000000|0.236607|0.000000|0.000000|0.000000|0.000000|0.000000|0.042969|0.000000|0.000000|0.707031,0.000000|0.000000|0.000000|0.000000|0.000000|0.013393|0.000000|0.000000|0.236607|0.000000|0.000000|0.000000|0.000000|0.000000|0.042969|0.000000|0.000000|0.707031
RL_LCE_Quest8_PruneQuant-20251030-202125,3600,wikitext,-10.0,10.0,-16.0,11.83158770997143,12.110476089433524,0.7839285740628839,0.6112723409065178,1.0,0.800000011920929,0.6112723345203059,1.0,0.200000|1.000000,0.000000|0.000000|0.000000|0.000000|0.000000|0.032366|0.000000|0.000000|0.237723|0.000000|0.000000|0.000000|0.000000|0.000000|0.023996|0.000000|0.000000|0.705915,0.000000|0.000000|0.000000|0.000000|0.000000|0.013393|0.000000|0.000000|0.236607|0.000000|0.000000|0.000000|0.000000|0.000000|0.042969|0.000000|0.000000|0.707031,0.000000|0.000000|0.000000|0.000000|0.000000|0.013393|0.000000|0.000000|0.236607|0.000000|0.000000|0.000000|0.000000|0.000000|0.042969|0.000000|0.000000|0.707031
RL_LCE_Quest8_PruneQuant-20251030-202125,3600,wikitext,-10.0,10.0,-12.0,11.874581552399187,12.101187296040196,0.7830357173723834,0.6112723403743335,0.9983258928571429,0.800000011920929,0.6112723345203059,0.9983258928571429,0.200000|1.000000,0.000000|0.000000|0.000000|0.000000|0.000000|0.032924|0.000000|0.000000|0.238281|0.000000|0.000000|0.000000|0.000000|0.000000|0.023438|0.000000|0.003348|0.702009,0.000000|0.000000|0.000000|0.000000|0.000000|0.013393|0.000000|0.001674|0.234933|0.000000|0.000000|0.000000|0.000000|0.000000|0.042969|0.000000|0.001674|0.705357,0.000000|0.000000|0.000000|0.000000|0.000000|0.013393|0.000000|0.001674|0.234933|0.000000|0.000000|0.000000|0.000000|0.000000|0.042969|0.000000|0.001674|0.705357
RL_LCE_Quest8_PruneQuant-20251030-202125,3600,wikitext,-10.0,10.0,-10.0,11.719059316814079,12.22079429097881,0.7861607161217502,0.6111607317413602,0.9698660714285714,0.800000011920929,0.6111607274838856,0.9698660714285714,0.200000|1.000000,0.000000|0.000000|0.000000|0.000000|0.000000|0.028460|0.000000|0.002232|0.236607|0.000000|0.000000|0.000000|0.000000|0.000000|0.027344|0.000000|0.058036|0.647321,0.000000|0.000000|0.000000|0.000000|0.000000|0.013951|0.000000|0.015067|0.220982|0.000000|0.000000|0.000000|0.000000|0.000000|0.041853|0.000000|0.045201|0.662946,0.000000|0.000000|0.000000|0.000000|0.000000|0.013951|0.000000|0.015067|0.220982|0.000000|0.000000|0.000000|0.000000|0.000000|0.041853|0.000000|0.045201|0.662946
RL_LCE_Quest8_PruneQuant-20251030-202125,3600,wikitext,-10.0,10.0,0.0,11.725600795470296,12.271192770227724,0.6812500034325889,0.637611633432763,0.5008370535714286,0.7000000178813934,0.6376116547201361,0.5008370535714286,0.200000|1.000000,0.000000|0.000000|0.000000|0.000000|0.133371|0.000000|0.000000|0.265067|0.000000|0.000000|0.000000|0.000000|0.000000|0.054688|0.000000|0.000000|0.545201|0.001674,0.000000|0.000000|0.000000|0.000000|0.068638|0.000000|0.000000|0.305804|0.000558|0.000000|0.000000|0.000000|0.000000|0.119420|0.000000|0.000000|0.504464|0.001116,0.000000|0.000000|0.000000|0.000000|0.068638|0.000000|0.000000|0.305804|0.000558|0.000000|0.000000|0.000000|0.000000|0.119420|0.000000|0.000000|0.504464|0.001116
RL_LCE_Quest8_PruneQuant-20251030-202125,3600,wikitext,-10.0,10.0,10.0,11.718241888619467,12.265202439484996,0.6808035747547235,0.6375000258641583,0.49986049107142855,0.7000000178813934,0.6375000476837158,0.49986049107142855,0.200000|1.000000,0.000000|0.000000|0.000000|0.000000|0.132812|0.000000|0.000000|0.266183|0.000000|0.000000|0.000000|0.000000|0.000000|0.054688|0.000000|0.000558|0.545759|0.000000,0.000000|0.000000|0.000000|0.000000|0.070312|0.000000|0.000000|0.304688|0.000000|0.000000|0.000000|0.000000|0.000000|0.117188|0.000000|0.000558|0.507254|0.000000,0.000000|0.000000|0.000000|0.000000|0.070312|0.000000|0.000000|0.304688|0.000000|0.000000|0.000000|0.000000|0.000000|0.117188|0.000000|0.000558|0.507254|0.000000
RL_LCE_Quest8_PruneQuant-20251030-202125,3600,wikitext,-10.0,10.0,20.0,12.535935130171552,13.311894037278327,0.712946433174823,0.6354910965476718,0.4898158482142857,0.7000000178813934,0.635491111448833,0.4898158482142857,0.200000|1.000000,0.000000|0.000000|0.000000|0.000000|0.122768|0.000000|0.000000|0.236049|0.000000|0.000000|0.000000|0.000000|0.000000|0.054688|0.000000|0.040737|0.545759|0.000000,0.000000|0.000000|0.000000|0.000558|0.069754|0.000000|0.014509|0.290179|0.000000|0.000000|0.000000|0.000000|0.000558|0.106585|0.000000|0.025112|0.492746|0.000000,0.000000|0.000000|0.000000|0.000558|0.069754|0.000000|0.014509|0.290179|0.000000|0.000000|0.000000|0.000000|0.000558|0.106585|0.000000|0.025112|0.492746|0.000000
RL_LCE_Quest8_PruneQuant-20251030-202125,3600,wikitext,-10.0,10.0,60.0,45.34245824400676,45.47232024806292,1.0,0.6014509153153215,0.30943080357142855,1.0,0.6014509153153215,0.30943080357142855,0.200000|1.000000,0.000000|0.000000|0.000000|0.000000|0.000000|0.000000|0.000000|0.000000|0.000000|0.000000|0.000000|0.000000|0.000000|0.007254|0.000000|0.762277|0.230469|0.000000,0.000000|0.000000|0.000000|0.000000|0.000000|0.000000|0.000000|0.000000|0.000000|0.000000|0.000000|0.000000|0.005022|0.002232|0.000000|0.757254|0.235491|0.000000,0.000000|0.000000|0.000000|0.000000|0.000000|0.000000|0.000000|0.000000|0.000000|0.000000|0.000000|0.000000|0.005022|0.002232|0.000000|0.757254|0.235491|0.000000
RL_LCE_Quest8_PruneQuant-20251030-202125,3600,wikitext,-10.0,10.0,64.0,49.89630673078099,49.55983877218997,1.0,0.6007812730967999,0.2984095982142857,1.0,0.6007812730967999,0.2984095982142857,0.200000|1.000000,0.000000|0.000000|0.000000|0.000000|0.000000|0.000000|0.000000|0.000000|0.000000|0.000000|0.000000|0.000000|0.000000|0.003906|0.000000|0.806362|0.189732|0.000000,0.000000|0.000000|0.000000|0.000000|0.000000|0.000000|0.000000|0.000000|0.000000|0.000000|0.000000|0.000000|0.000000|0.003906|0.000000|0.806362|0.189732|0.000000,0.000000|0.000000|0.000000|0.000000|0.000000|0.000000|0.000000|0.000000|0.000000|0.000000|0.000000|0.000000|0.000000|0.003906|0.000000|0.806362|0.189732|0.000000
RL_LCE_Quest8_PruneQuant-20251030-202125,3600,wikitext,-10.0,0.0,-20.0,10.672558075634225,11.088418970556996,0.7499999994678157,0.7404017991253308,1.0,0.75,0.7404018065759114,1.0,0.200000|1.000000,0.000000|0.000000|0.000000|0.000000|0.000000|0.230469|0.000000|0.000000|0.082031|0.000000|0.000000|0.000000|0.000000|0.000000|0.471540|0.000000|0.000000|0.215960,0.000000|0.000000|0.000000|0.000000|0.000000|0.294643|0.000000|0.000000|0.017857|0.000000|0.000000|0.000000|0.000000|0.000000|0.407366|0.000000|0.000000|0.280134,0.000000|0.000000|0.000000|0.000000|0.000000|0.294643|0.000000|0.000000|0.017857|0.000000|0.000000|0.000000|0.000000|0.000000|0.407366|0.000000|0.000000|0.280134
RL_LCE_Quest8_PruneQuant-20251030-202125,3600,wikitext,-10.0,0.0,-16.0,10.672558075634225,11.088418970556996,0.7499999994678157,0.7404017991253308,1.0,0.75,0.7404018065759114,1.0,0.200000|1.000000,0.000000|0.000000|0.000000|0.000000|0.000000|0.230469|0.000000|0.000000|0.082031|0.000000|0.000000|0.000000|0.000000|0.000000|0.471540|0.000000|0.000000|0.215960,0.000000|0.000000|0.000000|0.000000|0.000000|0.294643|0.000000|0.000000|0.017857|0.000000|0.000000|0.000000|0.000000|0.000000|0.407366|0.000000|0.000000|0.280134,0.000000|0.000000|0.000000|0.000000|0.000000|0.294643|0.000000|0.000000|0.017857|0.000000|0.000000|0.000000|0.000000|0.000000|0.407366|0.000000|0.000000|0.280134
RL_LCE_Quest8_PruneQuant-20251030-202125,3600,wikitext,-10.0,0.0,-12.0,10.683730798286403,11.084552311262724,0.75,0.7404017996575151,0.9994419642857143,0.75,0.7404018065759114,0.9994419642857143,0.200000|1.000000,0.000000|0.000000|0.000000|0.000000|0.000000|0.231027|0.000000|0.000000|0.081473|0.000000|0.000000|0.000000|0.000000|0.000000|0.470982|0.000000|0.001116|0.215402,0.000000|0.000000|0.000000|0.000000|0.000000|0.294643|0.000000|0.000000|0.017857|0.000000|0.000000|0.000000|0.000000|0.001116|0.406250|0.000000|0.000000|0.280134,0.000000|0.000000|0.000000|0.000000|0.000000|0.294643|0.000000|0.000000|0.017857|0.000000|0.000000|0.000000|0.000000|0.001116|0.406250|0.000000|0.000000|0.280134
RL_LCE_Quest8_PruneQuant-20251030-202125,3600,wikitext,-10.0,0.0,-10.0,10.682985586359228,11.270895372485644,0.7504464288109115,0.7392857282289437,0.9670758928571429,0.75,0.7392857372760773,0.9670758928571429,0.200000|1.000000,0.000000|0.000000|0.000000|0.000000|0.023438|0.201451|0.000000|0.001674|0.085379|0.000000|0.000000|0.000000|0.000000|0.000558|0.470982|0.000000|0.040179|0.176339,0.000000|0.000000|0.000000|0.000000|0.016741|0.284598|0.000000|0.000558|0.010603|0.000000|0.000000|0.000000|0.000000|0.018415|0.376674|0.000000|0.030134|0.262277,0.000000|0.000000|0.000000|0.000000|0.016741|0.284598|0.000000|0.000558|0.010603|0.000000|0.000000|0.000000|0.000000|0.018415|0.376674|0.000000|0.030134|0.262277
RL_LCE_Quest8_PruneQuant-20251030-202125,3600,wikitext,-10.0,0.0,0.0,11.23713962543984,11.842321554814934,0.631250001224024,0.7195312646882874,0.5008370535714286,0.6499999761581421,0.7195312604308128,0.5008370535714286,0.200000|1.000000,0.000000|0.000000|0.000000|0.000000|0.303013|0.000000|0.000000|0.157924|0.000000|0.000000|0.000000|0.000000|0.000000|0.294643|0.000000|0.000000|0.242746|0.001674,0.000000|0.000000|0.000000|0.000000|0.343192|0.000558|0.000000|0.093750|0.000000|0.000000|0.000000|0.000000|0.000000|0.253348|0.000558|0.000000|0.308036|0.000558,0.000000|0.000000|0.000000|0.000000|0.343192|0.000558|0.000000|0.093750|0.000000|0.000000|0.000000|0.000000|0.000000|0.253348|0.000558|0.000000|0.308036|0.000558
RL_LCE_Quest8_PruneQuant-20251030-202125,3600,wikitext,-10.0,0.0,10.0,11.228520685313798,11.835714959976672,0.6303571440013391,0.7195312646882874,0.5,0.6499999761581421,0.7195312604308128,0.5,0.200000|1.000000,0.000000|0.000000|0.000000|0.000000|0.302455|0.000000|0.000000|0.159598|0.000000|0.000000|0.000000|0.000000|0.000000|0.295201|0.000000|0.000000|0.242746|0.000000,0.000000|0.000000|0.000000|0.000000|0.343750|0.000000|0.000000|0.093750|0.000000|0.000000|0.000000|0.000000|0.000000|0.253906|0.000000|0.000000|0.308594|0.000000,0.000000|0.000000|0.000000|0.000000|0.343750|0.000000|0.000000|0.093750|0.000000|0.000000|0.000000|0.000000|0.000000|0.253906|0.000000|0.000000|0.308594|0.000000
RL_LCE_Quest8_PruneQuant-20251030-202125,3600,wikitext,-10.0,0.0,20.0,11.375152389280974,11.91773162664739,0.6410714300083262,0.7181919786546912,0.4966517857142857,0.6499999761581421,0.7181919701397419,0.4966517857142857,0.200000|1.000000,0.000000|0.000000|0.000000|0.000000|0.295759|0.000000|0.000000|0.152902|0.000000|0.000000|0.000000|0.000000|0.000000|0.295201|0.000000|0.013393|0.242746|0.000000,0.000000|0.000000|0.000000|0.003906|0.358817|0.000000|0.000558|0.074219|0.000000|0.000000|0.000000|0.000000|0.003906|0.224330|0.000000|0.005022|0.329241|0.000000,0.000000|0.000000|0.000000|0.003906|0.358817|0.000000|0.000558|0.074219|0.000000|0.000000|0.000000|0.000000|0.003906|0.224330|0.000000|0.005022|0.329241|0.000000
RL_LCE_Quest8_PruneQuant-20251030-202125,3600,wikitext,-10.0,0.0,60.0,31.81795305516045,31.764730954859022,1.0,0.7287946588226727,0.3291015625,1.0,0.7287946684019906,0.3291015625,0.200000|1.000000,0.000000|0.000000|0.000000|0.000000|0.000000|0.000000|0.000000|0.000000|0.000000|0.000000|0.000000|0.000000|0.448103|0.195871|0.000000|0.235491|0.120536|0.000000,0.000000|0.000000|0.000000|0.000000|0.000000|0.000000|0.000000|0.000000|0.000000|0.000000|0.000000|0.000000|0.435268|0.208705|0.000000|0.248326|0.107701|0.000000,0.000000|0.000000|0.000000|0.000000|0.000000|0.000000|0.000000|0.000000|0.000000|0.000000|0.000000|0.000000|0.435268|0.208705|0.000000|0.248326|0.107701|0.000000
RL_LCE_Quest8_PruneQuant-20251030-202125,3600,wikitext,-10.0,0.0,64.0,34.690173874785586,40.04529388887625,1.0,0.7284598371812275,0.3187779017857143,1.0,0.7284598462283611,0.3187779017857143,0.200000|1.000000,0.000000|0.000000|0.000000|0.000000|0.000000|0.000000|0.000000|0.000000|0.000000|0.000000|0.000000|0.000000|0.487165|0.155134|0.000000|0.237723|0.119978|0.000000,0.000000|0.000000|0.000000|0.000000|0.000000|0.000000|0.000000|0.000000|0.000000|0.000000|0.000000|0.000000|0.470424|0.171875|0.000000|0.254464|0.103237|0.000000,0.000000|0.000000|0.000000|0.000000|0.000000|0.000000|0.000000|0.000000|0.000000|0.000000|0.000000|0.000000|0.470424|0.171875|0.000000|0.254464|0.103237|0.000000
RL_LCE_Quest8_PruneQuant-20251030-202125,3600,wikitext,-10.0,5.0,-20.0,11.41967347693946,11.73623848693831,0.7540178569033742,0.6643973509115833,1.0,0.75,0.6643973477184772,1.0,0.200000|1.000000,0.000000|0.000000|0.000000|0.000000|0.000000|0.127790|0.000000|0.000000|0.179688|0.000000|0.000000|0.000000|0.000000|0.000000|0.194196|0.000000|0.000000|0.498326,0.000000|0.000000|0.000000|0.000000|0.000000|0.101004|0.000000|0.000000|0.211496|0.000000|0.000000|0.000000|0.000000|0.000000|0.220982|0.000000|0.000000|0.466518,0.000000|0.000000|0.000000|0.000000|0.000000|0.101004|0.000000|0.000000|0.211496|0.000000|0.000000|0.000000|0.000000|0.000000|0.220982|0.000000|0.000000|0.466518
RL_LCE_Quest8_PruneQuant-20251030-202125,3600,wikitext,-10.0,5.0,-16.0,11.41967347693946,11.73623848693831,0.7540178569033742,0.6643973509115833,1.0,0.75,0.6643973477184772,1.0,0.200000|1.000000,0.000000|0.000000|0.000000|0.000000|0.000000|0.127790|0.000000|0.000000|0.179688|0.000000|0.000000|0.000000|0.000000|0.000000|0.194196|0.000000|0.000000|0.498326,0.000000|0.000000|0.000000|0.000000|0.000000|0.101004|0.000000|0.000000|0.211496|0.000000|0.000000|0.000000|0.000000|0.000000|0.220982|0.000000|0.000000|0.466518,0.000000|0.000000|0.000000|0.000000|0.000000|0.101004|0.000000|0.000000|0.211496|0.000000|0.000000|0.000000|0.000000|0.000000|0.220982|0.000000|0.000000|0.466518
RL_LCE_Quest8_PruneQuant-20251030-202125,3600,wikitext,-10.0,5.0,-12.0,11.438807245396776,11.915237942619527,0.7540178569033742,0.6642857438751629,0.9986049107142857,0.75,0.6642857406820569,0.9986049107142857,0.200000|1.000000,0.000000|0.000000|0.000000|0.000000|0.000000|0.126674|0.000000|0.000000|0.180804|0.000000|0.000000|0.000000|0.000000|0.000000|0.194754|0.000000|0.002790|0.494978,0.000000|0.000000|0.000000|0.000000|0.000000|0.103795|0.000000|0.000558|0.208147|0.000000|0.000000|0.000000|0.000000|0.001116|0.216518|0.000000|0.001116|0.468750,0.000000|0.000000|0.000000|0.000000|0.000000|0.103795|0.000000|0.000558|0.208147|0.000000|0.000000|0.000000|0.000000|0.001116|0.216518|0.000000|0.001116|0.468750
RL_LCE_Quest8_PruneQuant-20251030-202125,3600,wikitext,-10.0,5.0,-10.0,11.221473742539846,11.819214593265828,0.7549107154565198,0.6662946705307279,0.9609375,0.75,0.6662946726594653,0.9609375,0.200000|1.000000,0.000000|0.000000|0.000000|0.000000|0.016741|0.112165|0.000000|0.001674|0.175781|0.000000|0.000000|0.000000|0.000000|0.000000|0.202567|0.000000|0.059710|0.431362,0.000000|0.000000|0.000000|0.000000|0.005580|0.099888|0.000000|0.006138|0.200893|0.000000|0.000000|0.000000|0.000000|0.018973|0.207031|0.000000|0.047433|0.414062,0.000000|0.000000|0.000000|0.000000|0.005580|0.099888|0.000000|0.006138|0.200893|0.000000|0.000000|0.000000|0.000000|0.018973|0.207031|0.000000|0.047433|0.414062
RL_LCE_Quest8_PruneQuant-20251030-202125,3600,wikitext,-10.0,5.0,0.0,11.19411098180936,12.134152476991403,0.6437500020755189,0.6795759190406118,0.5011160714285714,0.6499999761581421,0.6795759195727962,0.5011160714285714,0.200000|1.000000,0.000000|0.000000|0.000000|0.000000|0.231027|0.000000|0.000000|0.214286|0.000000|0.000000|0.000000|0.000000|0.000000|0.166853|0.000000|0.000000|0.385603|0.002232,0.000000|0.000000|0.000000|0.000000|0.177455|0.000000|0.000000|0.260045|0.000000|0.000000|0.000000|0.000000|0.000000|0.218750|0.001674|0.000000|0.341518|0.000558,0.000000|0.000000|0.000000|0.000000|0.177455|0.000000|0.000000|0.260045|0.000000|0.000000|0.000000|0.000000|0.000000|0.218750|0.001674|0.000000|0.341518|0.000558
RL_LCE_Quest8_PruneQuant-20251030-202125,3600,wikitext,-10.0,5.0,10.0,11.228520685313798,12.330397095834243,0.6441964306203383,0.679799132581268,0.49986049107142855,0.6499999761581421,0.679799132581268,0.49986049107142855,0.200000|1.000000,0.000000|0.000000|0.000000|0.000000|0.229911|0.000000|0.000000|0.214844|0.000000|0.000000|0.000000|0.000000|0.000000|0.169085|0.000000|0.000558|0.385603|0.000000,0.000000|0.000000|0.000000|0.000558|0.174665|0.000000|0.000000|0.262277|0.000000|0.000000|0.000000|0.000000|0.000000|0.223772|0.000000|0.000000|0.338728|0.000000,0.000000|0.000000|0.000000|0.000558|0.174665|0.000000|0.000000|0.262277|0.000000|0.000000|0.000000|0.000000|0.000000|0.223772|0.000000|0.000000|0.338728|0.000000
RL_LCE_Quest8_PruneQuant-20251030-202125,3600,wikitext,-10.0,5.0,20.0,11.535762688301597,12.464435937984316,0.661160717452211,0.6781250265027795,0.4945591517857143,0.6499999761581421,0.6781250387430191,0.4945591517857143,0.200000|1.000000,0.000000|0.000000|0.000000|0.000000|0.221540|0.000000|0.000000|0.202009|0.000000|0.000000|0.000000|0.000000|0.000000|0.169085|0.000000|0.021763|0.385603|0.000000,0.000000|0.000000|0.000000|0.003906|0.167969|0.000000|0.004464|0.261161|0.000000|0.000000|0.000000|0.000000|0.008371|0.210379|0.000000|0.005022|0.338728|0.000000,0.000000|0.000000|0.000000|0.003906|0.167969|0.000000|0.004464|0.261161|0.000000|0.000000|0.000000|0.000000|0.008371|0.210379|0.000000|0.005022|0.338728|0.000000
RL_LCE_Quest8_PruneQuant-20251030-202125,3600,wikitext,-10.0,5.0,60.0,40.44674008799396,43.92596400110199,1.0,0.6166294866374561,0.31863839285714285,1.0,0.6166294722684792,0.31863839285714285,0.200000|1.000000,0.000000|0.000000|0.000000|0.000000|0.000000|0.000000|0.000000|0.000000|0.000000|0.000000|0.000000|0.000000|0.000000|0.083147|0.000000|0.725446|0.191406|0.000000,0.000000|0.000000|0.000000|0.000000|0.000000|0.000000|0.000000|0.000000|0.000000|0.000000|0.000000|0.000000|0.056920|0.026228|0.000000|0.668527|0.248326|0.000000,0.000000|0.000000|0.000000|0.000000|0.000000|0.000000|0.000000|0.000000|0.000000|0.000000|0.000000|0.000000|0.056920|0.026228|0.000000|0.668527|0.248326|0.000000
RL_LCE_Quest8_PruneQuant-20251030-202125,3600,wikitext,-10.0,5.0,64.0,45.57075545478156,44.88615809628396,1.0,0.6104910948446819,0.30845424107142855,1.0,0.610491085265364,0.30845424107142855,0.200000|1.000000,0.000000|0.000000|0.000000|0.000000|0.000000|0.000000|0.000000|0.000000|0.000000|0.000000|0.000000|0.000000|0.000000|0.052455|0.000000|0.766183|0.181362|0.000000,0.000000|0.000000|0.000000|0.000000|0.000000|0.000000|0.000000|0.000000|0.000000|0.000000|0.000000|0.000000|0.039621|0.012835|0.000000|0.726562|0.220982|0.000000,0.000000|0.000000|0.000000|0.000000|0.000000|0.000000|0.000000|0.000000|0.000000|0.000000|0.000000|0.000000|0.039621|0.012835|0.000000|0.726562|0.220982|0.000000
RL_LCE_Quest8_PruneQuant-20251030-202125,3600,wikitext,-10.0,10.0,-20.0,11.83158770997143,12.110476089433524,0.7839285740628839,0.6112723409065178,1.0,0.800000011920929,0.6112723345203059,1.0,0.200000|1.000000,0.000000|0.000000|0.000000|0.000000|0.000000|0.032366|0.000000|0.000000|0.237723|0.000000|0.000000|0.000000|0.000000|0.000000|0.023996|0.000000|0.000000|0.705915,0.000000|0.000000|0.000000|0.000000|0.000000|0.013393|0.000000|0.000000|0.236607|0.000000|0.000000|0.000000|0.000000|0.000000|0.042969|0.000000|0.000000|0.707031,0.000000|0.000000|0.000000|0.000000|0.000000|0.013393|0.000000|0.000000|0.236607|0.000000|0.000000|0.000000|0.000000|0.000000|0.042969|0.000000|0.000000|0.707031
RL_LCE_Quest8_PruneQuant-20251030-202125,3600,wikitext,-10.0,10.0,-16.0,11.83158770997143,12.110476089433524,0.7839285740628839,0.6112723409065178,1.0,0.800000011920929,0.6112723345203059,1.0,0.200000|1.000000,0.000000|0.000000|0.000000|0.000000|0.000000|0.032366|0.000000|0.000000|0.237723|0.000000|0.000000|0.000000|0.000000|0.000000|0.023996|0.000000|0.000000|0.705915,0.000000|0.000000|0.000000|0.000000|0.000000|0.013393|0.000000|0.000000|0.236607|0.000000|0.000000|0.000000|0.000000|0.000000|0.042969|0.000000|0.000000|0.707031,0.000000|0.000000|0.000000|0.000000|0.000000|0.013393|0.000000|0.000000|0.236607|0.000000|0.000000|0.000000|0.000000|0.000000|0.042969|0.000000|0.000000|0.707031
RL_LCE_Quest8_PruneQuant-20251030-202125,3600,wikitext,-10.0,10.0,-12.0,11.874581552399187,12.101187296040196,0.7830357173723834,0.6112723403743335,0.9983258928571429,0.800000011920929,0.6112723345203059,0.9983258928571429,0.200000|1.000000,0.000000|0.000000|0.000000|0.000000|0.000000|0.032924|0.000000|0.000000|0.238281|0.000000|0.000000|0.000000|0.000000|0.000000|0.023438|0.000000|0.003348|0.702009,0.000000|0.000000|0.000000|0.000000|0.000000|0.013393|0.000000|0.001674|0.234933|0.000000|0.000000|0.000000|0.000000|0.000000|0.042969|0.000000|0.001674|0.705357,0.000000|0.000000|0.000000|0.000000|0.000000|0.013393|0.000000|0.001674|0.234933|0.000000|0.000000|0.000000|0.000000|0.000000|0.042969|0.000000|0.001674|0.705357
RL_LCE_Quest8_PruneQuant-20251030-202125,3600,wikitext,-10.0,10.0,-10.0,11.719059316814079,12.22079429097881,0.7861607161217502,0.6111607317413602,0.9698660714285714,0.800000011920929,0.6111607274838856,0.9698660714285714,0.200000|1.000000,0.000000|0.000000|0.000000|0.000000|0.000000|0.028460|0.000000|0.002232|0.236607|0.000000|0.000000|0.000000|0.000000|0.000000|0.027344|0.000000|0.058036|0.647321,0.000000|0.000000|0.000000|0.000000|0.000000|0.013951|0.000000|0.015067|0.220982|0.000000|0.000000|0.000000|0.000000|0.000000|0.041853|0.000000|0.045201|0.662946,0.000000|0.000000|0.000000|0.000000|0.000000|0.013951|0.000000|0.015067|0.220982|0.000000|0.000000|0.000000|0.000000|0.000000|0.041853|0.000000|0.045201|0.662946
RL_LCE_Quest8_PruneQuant-20251030-202125,3600,wikitext,-10.0,10.0,0.0,11.725600795470296,12.271192770227724,0.6812500034325889,0.637611633432763,0.5008370535714286,0.7000000178813934,0.6376116547201361,0.5008370535714286,0.200000|1.000000,0.000000|0.000000|0.000000|0.000000|0.133371|0.000000|0.000000|0.265067|0.000000|0.000000|0.000000|0.000000|0.000000|0.054688|0.000000|0.000000|0.545201|0.001674,0.000000|0.000000|0.000000|0.000000|0.068638|0.000000|0.000000|0.305804|0.000558|0.000000|0.000000|0.000000|0.000000|0.119420|0.000000|0.000000|0.504464|0.001116,0.000000|0.000000|0.000000|0.000000|0.068638|0.000000|0.000000|0.305804|0.000558|0.000000|0.000000|0.000000|0.000000|0.119420|0.000000|0.000000|0.504464|0.001116
RL_LCE_Quest8_PruneQuant-20251030-202125,3600,wikitext,-10.0,10.0,10.0,11.718241888619467,12.265202439484996,0.6808035747547235,0.6375000258641583,0.49986049107142855,0.7000000178813934,0.6375000476837158,0.49986049107142855,0.200000|1.000000,0.000000|0.000000|0.000000|0.000000|0.132812|0.000000|0.000000|0.266183|0.000000|0.000000|0.000000|0.000000|0.000000|0.054688|0.000000|0.000558|0.545759|0.000000,0.000000|0.000000|0.000000|0.000000|0.070312|0.000000|0.000000|0.304688|0.000000|0.000000|0.000000|0.000000|0.000000|0.117188|0.000000|0.000558|0.507254|0.000000,0.000000|0.000000|0.000000|0.000000|0.070312|0.000000|0.000000|0.304688|0.000000|0.000000|0.000000|0.000000|0.000000|0.117188|0.000000|0.000558|0.507254|0.000000
RL_LCE_Quest8_PruneQuant-20251030-202125,3600,wikitext,-10.0,10.0,20.0,12.535935130171552,13.311894037278327,0.712946433174823,0.6354910965476718,0.4898158482142857,0.7000000178813934,0.635491111448833,0.4898158482142857,0.200000|1.000000,0.000000|0.000000|0.000000|0.000000|0.122768|0.000000|0.000000|0.236049|0.000000|0.000000|0.000000|0.000000|0.000000|0.054688|0.000000|0.040737|0.545759|0.000000,0.000000|0.000000|0.000000|0.000558|0.069754|0.000000|0.014509|0.290179|0.000000|0.000000|0.000000|0.000000|0.000558|0.106585|0.000000|0.025112|0.492746|0.000000,0.000000|0.000000|0.000000|0.000558|0.069754|0.000000|0.014509|0.290179|0.000000|0.000000|0.000000|0.000000|0.000558|0.106585|0.000000|0.025112|0.492746|0.000000
RL_LCE_Quest8_PruneQuant-20251030-202125,3600,wikitext,-10.0,10.0,60.0,45.34245824400676,45.47232024806292,1.0,0.6014509153153215,0.30943080357142855,1.0,0.6014509153153215,0.30943080357142855,0.200000|1.000000,0.000000|0.000000|0.000000|0.000000|0.000000|0.000000|0.000000|0.000000|0.000000|0.000000|0.000000|0.000000|0.000000|0.007254|0.000000|0.762277|0.230469|0.000000,0.000000|0.000000|0.000000|0.000000|0.000000|0.000000|0.000000|0.000000|0.000000|0.000000|0.000000|0.000000|0.005022|0.002232|0.000000|0.757254|0.235491|0.000000,0.000000|0.000000|0.000000|0.000000|0.000000|0.000000|0.000000|0.000000|0.000000|0.000000|0.000000|0.000000|0.005022|0.002232|0.000000|0.757254|0.235491|0.000000
RL_LCE_Quest8_PruneQuant-20251030-202125,3600,wikitext,-10.0,10.0,64.0,49.89630673078099,49.55983877218997,1.0,0.6007812730967999,0.2984095982142857,1.0,0.6007812730967999,0.2984095982142857,0.200000|1.000000,0.000000|0.000000|0.000000|0.000000|0.000000|0.000000|0.000000|0.000000|0.000000|0.000000|0.000000|0.000000|0.000000|0.003906|0.000000|0.806362|0.189732|0.000000,0.000000|0.000000|0.000000|0.000000|0.000000|0.000000|0.000000|0.000000|0.000000|0.000000|0.000000|0.000000|0.000000|0.003906|0.000000|0.806362|0.189732|0.000000,0.000000|0.000000|0.000000|0.000000|0.000000|0.000000|0.000000|0.000000|0.000000|0.000000|0.000000|0.000000|0.000000|0.003906|0.000000|0.806362|0.189732|0.000000
RL_LCE_Quest8_PruneQuant-20251030-202125,3600,wikitext,-6.0,-50.0,-20.0,9.794031391798864,9.794031391798864,1.0,1.0,1.0,1.0,1.0,1.0,0.200000|1.000000,0.000000|0.000000|0.000000|0.000000|0.000000|0.000000|0.000000|0.000000|0.000000|0.000000|0.000000|1.000000|0.000000|0.000000|0.000000|0.000000|0.000000|0.000000,0.000000|0.000000|0.000000|0.000000|0.000000|0.000000|0.000000|0.000000|0.000000|0.000000|0.000000|1.000000|0.000000|0.000000|0.000000|0.000000|0.000000|0.000000,0.000000|0.000000|0.000000|0.000000|0.000000|0.000000|0.000000|0.000000|0.000000|0.000000|0.000000|1.000000|0.000000|0.000000|0.000000|0.000000|0.000000|0.000000
RL_LCE_Quest8_PruneQuant-20251030-202125,3600,wikitext,-6.0,-50.0,-16.0,9.794031391798864,9.794031391798864,1.0,1.0,1.0,1.0,1.0,1.0,0.200000|1.000000,0.000000|0.000000|0.000000|0.000000|0.000000|0.000000|0.000000|0.000000|0.000000|0.000000|0.000000|1.000000|0.000000|0.000000|0.000000|0.000000|0.000000|0.000000,0.000000|0.000000|0.000000|0.000000|0.000000|0.000000|0.000000|0.000000|0.000000|0.000000|0.000000|1.000000|0.000000|0.000000|0.000000|0.000000|0.000000|0.000000,0.000000|0.000000|0.000000|0.000000|0.000000|0.000000|0.000000|0.000000|0.000000|0.000000|0.000000|1.000000|0.000000|0.000000|0.000000|0.000000|0.000000|0.000000
RL_LCE_Quest8_PruneQuant-20251030-202125,3600,wikitext,-6.0,-50.0,-12.0,9.794031391798864,9.794031391798864,1.0,1.0,1.0,1.0,1.0,1.0,0.200000|1.000000,0.000000|0.000000|0.000000|0.000000|0.000000|0.000000|0.000000|0.000000|0.000000|0.000000|0.000000|1.000000|0.000000|0.000000|0.000000|0.000000|0.000000|0.000000,0.000000|0.000000|0.000000|0.000000|0.000000|0.000000|0.000000|0.000000|0.000000|0.000000|0.000000|1.000000|0.000000|0.000000|0.000000|0.000000|0.000000|0.000000,0.000000|0.000000|0.000000|0.000000|0.000000|0.000000|0.000000|0.000000|0.000000|0.000000|0.000000|1.000000|0.000000|0.000000|0.000000|0.000000|0.000000|0.000000
RL_LCE_Quest8_PruneQuant-20251030-202125,3600,wikitext,-6.0,-50.0,-10.0,9.794031391798864,9.794031391798864,1.0,1.0,1.0,1.0,1.0,1.0,0.200000|1.000000,0.000000|0.000000|0.000000|0.000000|0.000000|0.000000|0.000000|0.000000|0.000000|0.000000|0.000000|1.000000|0.000000|0.000000|0.000000|0.000000|0.000000|0.000000,0.000000|0.000000|0.000000|0.000000|0.000000|0.000000|0.000000|0.000000|0.000000|0.000000|0.000000|1.000000|0.000000|0.000000|0.000000|0.000000|0.000000|0.000000,0.000000|0.000000|0.000000|0.000000|0.000000|0.000000|0.000000|0.000000|0.000000|0.000000|0.000000|1.000000|0.000000|0.000000|0.000000|0.000000|0.000000|0.000000
RL_LCE_Quest8_PruneQuant-20251030-202125,3600,wikitext,-6.0,-50.0,0.0,14.246752953777266,11.614890589610315,0.9995535713221345,1.0,0.4740513392857143,1.0,1.0,0.4740513392857143,0.200000|1.000000,0.000000|0.000000|0.000558|0.000000|0.000000|0.000000|0.000000|0.000000|0.000000|0.232143|0.703683|0.063616|0.000000|0.000000|0.000000|0.000000|0.000000|0.000000,0.000000|0.000000|0.000000|0.000000|0.000000|0.000000|0.000000|0.000000|0.000000|0.103795|0.896205|0.000000|0.000000|0.000000|0.000000|0.000000|0.000000|0.000000,0.000000|0.000000|0.000000|0.000000|0.000000|0.000000|0.000000|0.000000|0.000000|0.103795|0.896205|0.000000|0.000000|0.000000|0.000000|0.000000|0.000000|0.000000
RL_LCE_Quest8_PruneQuant-20251030-202125,3600,wikitext,-6.0,-50.0,10.0,25.15252143339407,25.411759861982034,1.0,1.0,0.345703125,1.0,1.0,0.345703125,0.200000|1.000000,0.000000|0.000000|0.000000|0.000000|0.000000|0.000000|0.000000|0.000000|0.000000|0.617188|0.382812|0.000000|0.000000|0.000000|0.000000|0.000000|0.000000|0.000000,0.000000|0.000000|0.000000|0.000000|0.000000|0.000000|0.000000|0.000000|0.000000|0.617188|0.382812|0.000000|0.000000|0.000000|0.000000|0.000000|0.000000|0.000000,0.000000|0.000000|0.000000|0.000000|0.000000|0.000000|0.000000|0.000000|0.000000|0.617188|0.382812|0.000000|0.000000|0.000000|0.000000|0.000000|0.000000|0.000000
RL_LCE_Quest8_PruneQuant-20251030-202125,3600,wikitext,-6.0,-50.0,20.0,51.011910862783445,51.011910862783445,1.0,1.0,0.25,1.0,1.0,0.25,0.200000|1.000000,0.000000|0.000000|0.000000|0.000000|0.000000|0.000000|0.000000|0.000000|0.000000|1.000000|0.000000|0.000000|0.000000|0.000000|0.000000|0.000000|0.000000|0.000000,0.000000|0.000000|0.000000|0.000000|0.000000|0.000000|0.000000|0.000000|0.000000|1.000000|0.000000|0.000000|0.000000|0.000000|0.000000|0.000000|0.000000|0.000000,0.000000|0.000000|0.000000|0.000000|0.000000|0.000000|0.000000|0.000000|0.000000|1.000000|0.000000|0.000000|0.000000|0.000000|0.000000|0.000000|0.000000|0.000000
RL_LCE_Quest8_PruneQuant-20251030-202125,3600,wikitext,-6.0,-50.0,60.0,51.011910862783445,51.011910862783445,1.0,1.0,0.25,1.0,1.0,0.25,0.200000|1.000000,0.000000|0.000000|0.000000|0.000000|0.000000|0.000000|0.000000|0.000000|0.000000|1.000000|0.000000|0.000000|0.000000|0.000000|0.000000|0.000000|0.000000|0.000000,0.000000|0.000000|0.000000|0.000000|0.000000|0.000000|0.000000|0.000000|0.000000|1.000000|0.000000|0.000000|0.000000|0.000000|0.000000|0.000000|0.000000|0.000000,0.000000|0.000000|0.000000|0.000000|0.000000|0.000000|0.000000|0.000000|0.000000|1.000000|0.000000|0.000000|0.000000|0.000000|0.000000|0.000000|0.000000|0.000000
RL_LCE_Quest8_PruneQuant-20251030-202125,3600,wikitext,-6.0,-50.0,64.0,51.011910862783445,51.011910862783445,1.0,1.0,0.25,1.0,1.0,0.25,0.200000|1.000000,0.000000|0.000000|0.000000|0.000000|0.000000|0.000000|0.000000|0.000000|0.000000|1.000000|0.000000|0.000000|0.000000|0.000000|0.000000|0.000000|0.000000|0.000000,0.000000|0.000000|0.000000|0.000000|0.000000|0.000000|0.000000|0.000000|0.000000|1.000000|0.000000|0.000000|0.000000|0.000000|0.000000|0.000000|0.000000|0.000000,0.000000|0.000000|0.000000|0.000000|0.000000|0.000000|0.000000|0.000000|0.000000|1.000000|0.000000|0.000000|0.000000|0.000000|0.000000|0.000000|0.000000|0.000000
RL_LCE_Quest8_PruneQuant-20251030-202125,3600,wikitext,-6.0,-40.0,-20.0,9.794031391798864,9.794031391798864,1.0,1.0,1.0,1.0,1.0,1.0,0.200000|1.000000,0.000000|0.000000|0.000000|0.000000|0.000000|0.000000|0.000000|0.000000|0.000000|0.000000|0.000000|1.000000|0.000000|0.000000|0.000000|0.000000|0.000000|0.000000,0.000000|0.000000|0.000000|0.000000|0.000000|0.000000|0.000000|0.000000|0.000000|0.000000|0.000000|1.000000|0.000000|0.000000|0.000000|0.000000|0.000000|0.000000,0.000000|0.000000|0.000000|0.000000|0.000000|0.000000|0.000000|0.000000|0.000000|0.000000|0.000000|1.000000|0.000000|0.000000|0.000000|0.000000|0.000000|0.000000
RL_LCE_Quest8_PruneQuant-20251030-202125,3600,wikitext,-6.0,-40.0,-16.0,9.794031391798864,9.794031391798864,1.0,1.0,1.0,1.0,1.0,1.0,0.200000|1.000000,0.000000|0.000000|0.000000|0.000000|0.000000|0.000000|0.000000|0.000000|0.000000|0.000000|0.000000|1.000000|0.000000|0.000000|0.000000|0.000000|0.000000|0.000000,0.000000|0.000000|0.000000|0.000000|0.000000|0.000000|0.000000|0.000000|0.000000|0.000000|0.000000|1.000000|0.000000|0.000000|0.000000|0.000000|0.000000|0.000000,0.000000|0.000000|0.000000|0.000000|0.000000|0.000000|0.000000|0.000000|0.000000|0.000000|0.000000|1.000000|0.000000|0.000000|0.000000|0.000000|0.000000|0.000000
RL_LCE_Quest8_PruneQuant-20251030-202125,3600,wikitext,-6.0,-40.0,-12.0,9.794031391798864,9.794031391798864,1.0,1.0,1.0,1.0,1.0,1.0,0.200000|1.000000,0.000000|0.000000|0.000000|0.000000|0.000000|0.000000|0.000000|0.000000|0.000000|0.000000|0.000000|1.000000|0.000000|0.000000|0.000000|0.000000|0.000000|0.000000,0.000000|0.000000|0.000000|0.000000|0.000000|0.000000|0.000000|0.000000|0.000000|0.000000|0.000000|1.000000|0.000000|0.000000|0.000000|0.000000|0.000000|0.000000,0.000000|0.000000|0.000000|0.000000|0.000000|0.000000|0.000000|0.000000|0.000000|0.000000|0.000000|1.000000|0.000000|0.000000|0.000000|0.000000|0.000000|0.000000
RL_LCE_Quest8_PruneQuant-20251030-202125,3600,wikitext,-6.0,-40.0,-10.0,9.794031391798864,9.794031391798864,1.0,1.0,1.0,1.0,1.0,1.0,0.200000|1.000000,0.000000|0.000000|0.000000|0.000000|0.000000|0.000000|0.000000|0.000000|0.000000|0.000000|0.000000|1.000000|0.000000|0.000000|0.000000|0.000000|0.000000|0.000000,0.000000|0.000000|0.000000|0.000000|0.000000|0.000000|0.000000|0.000000|0.000000|0.000000|0.000000|1.000000|0.000000|0.000000|0.000000|0.000000|0.000000|0.000000,0.000000|0.000000|0.000000|0.000000|0.000000|0.000000|0.000000|0.000000|0.000000|0.000000|0.000000|1.000000|0.000000|0.000000|0.000000|0.000000|0.000000|0.000000
RL_LCE_Quest8_PruneQuant-20251030-202125,3600,wikitext,-6.0,-40.0,0.0,14.426760087692458,11.471568292998242,0.9995535713221345,0.9974330365657806,0.47349330357142855,1.0,0.9974330381623336,0.47349330357142855,0.200000|1.000000,0.000000|0.000000|0.000558|0.000000|0.000000|0.000000|0.000000|0.000000|0.000000|0.232143|0.691964|0.062500|0.000000|0.012835|0.000000|0.000000|0.000000|0.000000,0.000000|0.000000|0.000000|0.000000|0.000000|0.000000|0.000000|0.000000|0.000000|0.104911|0.882254|0.000000|0.001116|0.011719|0.000000|0.000000|0.000000|0.000000,0.000000|0.000000|0.000000|0.000000|0.000000|0.000000|0.000000|0.000000|0.000000|0.104911|0.882254|0.000000|0.001116|0.011719|0.000000|0.000000|0.000000|0.000000
RL_LCE_Quest8_PruneQuant-20251030-202125,3600,wikitext,-6.0,-40.0,10.0,24.866422890900804,26.05796971888993,1.0,0.9964285727058139,0.34458705357142855,1.0,0.9964285748345512,0.34458705357142855,0.200000|1.000000,0.000000|0.000000|0.000000|0.000000|0.000000|0.000000|0.000000|0.000000|0.000000|0.621652|0.360491|0.000000|0.000000|0.017857|0.000000|0.000000|0.000000|0.000000,0.000000|0.000000|0.000000|0.000000|0.000000|0.000000|0.000000|0.000000|0.000000|0.610491|0.371652|0.000000|0.011161|0.006696|0.000000|0.000000|0.000000|0.000000,0.000000|0.000000|0.000000|0.000000|0.000000|0.000000|0.000000|0.000000|0.000000|0.610491|0.371652|0.000000|0.011161|0.006696|0.000000|0.000000|0.000000|0.000000
RL_LCE_Quest8_PruneQuant-20251030-202125,3600,wikitext,-6.0,-40.0,20.0,50.93368811106481,51.24015169478249,1.0,0.9988839291036129,0.2513950892857143,1.0,0.9988839296357972,0.2513950892857143,0.200000|1.000000,0.000000|0.000000|0.000000|0.000000|0.000000|0.000000|0.000000|0.000000|0.000000|0.994420|0.000000|0.000000|0.000000|0.005580|0.000000|0.000000|0.000000|0.000000,0.000000|0.000000|0.000000|0.000000|0.000000|0.000000|0.000000|0.000000|0.000000|0.988839|0.005580|0.000000|0.005580|0.000000|0.000000|0.000000|0.000000|0.000000,0.000000|0.000000|0.000000|0.000000|0.000000|0.000000|0.000000|0.000000|0.000000|0.988839|0.005580|0.000000|0.005580|0.000000|0.000000|0.000000|0.000000|0.000000
RL_LCE_Quest8_PruneQuant-20251030-202125,3600,wikitext,-6.0,-40.0,60.0,51.011910862783445,51.011910862783445,1.0,1.0,0.25,1.0,1.0,0.25,0.200000|1.000000,0.000000|0.000000|0.000000|0.000000|0.000000|0.000000|0.000000|0.000000|0.000000|1.000000|0.000000|0.000000|0.000000|0.000000|0.000000|0.000000|0.000000|0.000000,0.000000|0.000000|0.000000|0.000000|0.000000|0.000000|0.000000|0.000000|0.000000|1.000000|0.000000|0.000000|0.000000|0.000000|0.000000|0.000000|0.000000|0.000000,0.000000|0.000000|0.000000|0.000000|0.000000|0.000000|0.000000|0.000000|0.000000|1.000000|0.000000|0.000000|0.000000|0.000000|0.000000|0.000000|0.000000|0.000000
RL_LCE_Quest8_PruneQuant-20251030-202125,3600,wikitext,-6.0,-40.0,64.0,51.011910862783445,51.011910862783445,1.0,1.0,0.25,1.0,1.0,0.25,0.200000|1.000000,0.000000|0.000000|0.000000|0.000000|0.000000|0.000000|0.000000|0.000000|0.000000|1.000000|0.000000|0.000000|0.000000|0.000000|0.000000|0.000000|0.000000|0.000000,0.000000|0.000000|0.000000|0.000000|0.000000|0.000000|0.000000|0.000000|0.000000|1.000000|0.000000|0.000000|0.000000|0.000000|0.000000|0.000000|0.000000|0.000000,0.000000|0.000000|0.000000|0.000000|0.000000|0.000000|0.000000|0.000000|0.000000|1.000000|0.000000|0.000000|0.000000|0.000000|0.000000|0.000000|0.000000|0.000000
RL_LCE_Quest8_PruneQuant-20251030-202125,3600,wikitext,-6.0,-30.0,-20.0,9.845060586122866,9.808388630458829,0.9977678566106728,0.959040179848671,1.0,1.0,0.9590401580291135,1.0,0.200000|1.000000,0.000000|0.000000|0.000000|0.000000|0.000000|0.002790|0.000000|0.000000|0.000000|0.000000|0.000000|0.795201|0.000000|0.000000|0.202009|0.000000|0.000000|0.000000,0.000000|0.000000|0.000000|0.000000|0.000000|0.000000|0.000000|0.000000|0.000000|0.000000|0.000000|0.795201|0.000000|0.000000|0.204799|0.000000|0.000000|0.000000,0.000000|0.000000|0.000000|0.000000|0.000000|0.000000|0.000000|0.000000|0.000000|0.000000|0.000000|0.795201|0.000000|0.000000|0.204799|0.000000|0.000000|0.000000
RL_LCE_Quest8_PruneQuant-20251030-202125,3600,wikitext,-6.0,-30.0,-16.0,9.845060586122866,9.808388630458829,0.9977678566106728,0.959040179848671,1.0,1.0,0.9590401580291135,1.0,0.200000|1.000000,0.000000|0.000000|0.000000|0.000000|0.000000|0.002790|0.000000|0.000000|0.000000|0.000000|0.000000|0.795201|0.000000|0.000000|0.202009|0.000000|0.000000|0.000000,0.000000|0.000000|0.000000|0.000000|0.000000|0.000000|0.000000|0.000000|0.000000|0.000000|0.000000|0.795201|0.000000|0.000000|0.204799|0.000000|0.000000|0.000000,0.000000|0.000000|0.000000|0.000000|0.000000|0.000000|0.000000|0.000000|0.000000|0.000000|0.000000|0.795201|0.000000|0.000000|0.204799|0.000000|0.000000|0.000000
RL_LCE_Quest8_PruneQuant-20251030-202125,3600,wikitext,-6.0,-30.0,-12.0,9.845060586122866,9.808388630458829,0.9977678566106728,0.959040179848671,1.0,1.0,0.9590401580291135,1.0,0.200000|1.000000,0.000000|0.000000|0.000000|0.000000|0.000000|0.002790|0.000000|0.000000|0.000000|0.000000|0.000000|0.795201|0.000000|0.000000|0.202009|0.000000|0.000000|0.000000,0.000000|0.000000|0.000000|0.000000|0.000000|0.000000|0.000000|0.000000|0.000000|0.000000|0.000000|0.795201|0.000000|0.000000|0.204799|0.000000|0.000000|0.000000,0.000000|0.000000|0.000000|0.000000|0.000000|0.000000|0.000000|0.000000|0.000000|0.000000|0.000000|0.795201|0.000000|0.000000|0.204799|0.000000|0.000000|0.000000
RL_LCE_Quest8_PruneQuant-20251030-202125,3600,wikitext,-6.0,-30.0,-10.0,9.845060586122866,9.808388630458829,0.9977678566106728,0.959040179848671,1.0,1.0,0.9590401580291135,1.0,0.200000|1.000000,0.000000|0.000000|0.000000|0.000000|0.000000|0.002790|0.000000|0.000000|0.000000|0.000000|0.000000|0.795201|0.000000|0.000000|0.202009|0.000000|0.000000|0.000000,0.000000|0.000000|0.000000|0.000000|0.000000|0.000000|0.000000|0.000000|0.000000|0.000000|0.000000|0.795201|0.000000|0.000000|0.204799|0.000000|0.000000|0.000000,0.000000|0.000000|0.000000|0.000000|0.000000|0.000000|0.000000|0.000000|0.000000|0.000000|0.000000|0.795201|0.000000|0.000000|0.204799|0.000000|0.000000|0.000000
RL_LCE_Quest8_PruneQuant-20251030-202125,3600,wikitext,-6.0,-30.0,0.0,13.90508310486837,13.190806231159323,0.849107143602201,0.8991071480725493,0.4638671875,0.8500000238418579,0.8991071230598858,0.4638671875,0.200000|1.000000,0.000000|0.000000|0.000558|0.000000|0.188058|0.000000|0.000000|0.000000|0.000000|0.207031|0.257254|0.030692|0.000000|0.316406|0.000000|0.000000|0.000000|0.000000,0.006696|0.087054|0.000000|0.047991|0.045759|0.000000|0.000000|0.000000|0.000000|0.035714|0.366071|0.000000|0.054129|0.356585|0.000000|0.000000|0.000000|0.000000,0.006696|0.087054|0.000000|0.047991|0.045759|0.000000|0.000000|0.000000|0.000000|0.035714|0.366071|0.000000|0.054129|0.356585|0.000000|0.000000|0.000000|0.000000
RL_LCE_Quest8_PruneQuant-20251030-202125,3600,wikitext,-6.0,-30.0,10.0,21.121531464862677,21.75251433969929,0.8611607159088764,0.9004464325095926,0.37806919642857145,0.8500000238418579,0.9004464064325605,0.37806919642857145,0.200000|1.000000,0.000000|0.000000|0.000000|0.000000|0.173549|0.000000|0.000000|0.000000|0.000000|0.487723|0.014509|0.000000|0.000000|0.324219|0.000000|0.000000|0.000000|0.000000,0.009487|0.083147|0.000000|0.082589|0.012277|0.000000|0.000000|0.000000|0.000000|0.044085|0.365513|0.000000|0.351562|0.051339|0.000000|0.000000|0.000000|0.000000,0.009487|0.083147|0.000000|0.082589|0.012277|0.000000|0.000000|0.000000|0.000000|0.044085|0.365513|0.000000|0.351562|0.051339|0.000000|0.000000|0.000000|0.000000
RL_LCE_Quest8_PruneQuant-20251030-202125,3600,wikitext,-6.0,-30.0,20.0,33.92678427754736,32.87837971321488,0.9915178561849254,0.9542410730251244,0.3071986607142857,1.0,0.9542410554630416,0.3071986607142857,0.200000|1.000000,0.000000|0.000000|0.000000|0.000000|0.010603|0.000000|0.000000|0.000000|0.000000|0.771205|0.000000|0.000000|0.000000|0.218192|0.000000|0.000000|0.000000|0.000000,0.000000|0.000000|0.000000|0.000000|0.000000|0.000000|0.000000|0.000000|0.000000|0.553571|0.217634|0.000000|0.217634|0.011161|0.000000|0.000000|0.000000|0.000000,0.000000|0.000000|0.000000|0.000000|0.000000|0.000000|0.000000|0.000000|0.000000|0.553571|0.217634|0.000000|0.217634|0.011161|0.000000|0.000000|0.000000|0.000000
RL_LCE_Quest8_PruneQuant-20251030-202125,3600,wikitext,-6.0,-30.0,60.0,51.011910862783445,51.011910862783445,1.0,1.0,0.25,1.0,1.0,0.25,0.200000|1.000000,0.000000|0.000000|0.000000|0.000000|0.000000|0.000000|0.000000|0.000000|0.000000|1.000000|0.000000|0.000000|0.000000|0.000000|0.000000|0.000000|0.000000|0.000000,0.000000|0.000000|0.000000|0.000000|0.000000|0.000000|0.000000|0.000000|0.000000|1.000000|0.000000|0.000000|0.000000|0.000000|0.000000|0.000000|0.000000|0.000000,0.000000|0.000000|0.000000|0.000000|0.000000|0.000000|0.000000|0.000000|0.000000|1.000000|0.000000|0.000000|0.000000|0.000000|0.000000|0.000000|0.000000|0.000000
RL_LCE_Quest8_PruneQuant-20251030-202125,3600,wikitext,-6.0,-30.0,64.0,51.011910862783445,51.011910862783445,1.0,1.0,0.25,1.0,1.0,0.25,0.200000|1.000000,0.000000|0.000000|0.000000|0.000000|0.000000|0.000000|0.000000|0.000000|0.000000|1.000000|0.000000|0.000000|0.000000|0.000000|0.000000|0.000000|0.000000|0.000000,0.000000|0.000000|0.000000|0.000000|0.000000|0.000000|0.000000|0.000000|0.000000|1.000000|0.000000|0.000000|0.000000|0.000000|0.000000|0.000000|0.000000|0.000000,0.000000|0.000000|0.000000|0.000000|0.000000|0.000000|0.000000|0.000000|0.000000|1.000000|0.000000|0.000000|0.000000|0.000000|0.000000|0.000000|0.000000|0.000000
RL_LCE_Quest8_PruneQuant-20251030-202125,3600,wikitext,-6.0,20.0,-20.0,12.464435937984316,12.982678831173606,0.6000000024214387,0.6001116308782782,1.0,0.6000000238418579,0.6001116308782782,1.0,0.200000|1.000000,0.000000|0.000000|0.000000|0.000000|0.000000|0.000000|0.000000|0.000000|0.500000|0.000000|0.000000|0.000000|0.000000|0.000000|0.000558|0.000000|0.000000|0.499442,0.000000|0.000000|0.000000|0.000000|0.000000|0.000558|0.000000|0.000000|0.499442|0.000000|0.000000|0.000000|0.000000|0.000000|0.000000|0.000000|0.000000|0.500000,0.000000|0.000000|0.000000|0.000000|0.000000|0.000558|0.000000|0.000000|0.499442|0.000000|0.000000|0.000000|0.000000|0.000000|0.000000|0.000000|0.000000|0.500000
RL_LCE_Quest8_PruneQuant-20251030-202125,3600,wikitext,-6.0,20.0,-16.0,12.464435937984316,12.982678831173606,0.6000000024214387,0.6001116308782782,1.0,0.6000000238418579,0.6001116308782782,1.0,0.200000|1.000000,0.000000|0.000000|0.000000|0.000000|0.000000|0.000000|0.000000|0.000000|0.500000|0.000000|0.000000|0.000000|0.000000|0.000000|0.000558|0.000000|0.000000|0.499442,0.000000|0.000000|0.000000|0.000000|0.000000|0.000558|0.000000|0.000000|0.499442|0.000000|0.000000|0.000000|0.000000|0.000000|0.000000|0.000000|0.000000|0.500000,0.000000|0.000000|0.000000|0.000000|0.000000|0.000558|0.000000|0.000000|0.499442|0.000000|0.000000|0.000000|0.000000|0.000000|0.000000|0.000000|0.000000|0.500000
RL_LCE_Quest8_PruneQuant-20251030-202125,3600,wikitext,-6.0,20.0,-12.0,12.439247371797483,13.015321392425882,0.6004464313653963,0.6001116308782782,0.9983258928571429,0.6000000238418579,0.6001116308782782,0.9983258928571429,0.200000|1.000000,0.000000|0.000000|0.000000|0.000000|0.000000|0.000000|0.000000|0.000000|0.499442|0.000000|0.000000|0.000000|0.000000|0.000000|0.000558|0.000000|0.003348|0.496652,0.000000|0.000000|0.000000|0.000000|0.000000|0.000558|0.000000|0.001674|0.497768|0.000000|0.000000|0.000000|0.000000|0.000000|0.000000|0.000000|0.001674|0.498326,0.000000|0.000000|0.000000|0.000000|0.000000|0.000558|0.000000|0.001674|0.497768|0.000000|0.000000|0.000000|0.000000|0.000000|0.000000|0.000000|0.001674|0.498326
RL_LCE_Quest8_PruneQuant-20251030-202125,3600,wikitext,-6.0,20.0,-10.0,12.408915157213984,13.060794483670257,0.5955357160419226,0.6001116308782782,0.9547991071428571,0.6000000238418579,0.6001116308782782,0.9547991071428571,0.200000|1.000000,0.000000|0.000000|0.000000|0.000000|0.000000|0.000000|0.000000|0.035156|0.470424|0.000000|0.000000|0.000000|0.000000|0.000000|0.000558|0.000000|0.055246|0.438616,0.000000|0.000000|0.000000|0.000000|0.000000|0.000558|0.000000|0.044085|0.455357|0.000000|0.000000|0.000000|0.000000|0.000000|0.000000|0.000000|0.046317|0.453683,0.000000|0.000000|0.000000|0.000000|0.000000|0.000558|0.000000|0.044085|0.455357|0.000000|0.000000|0.000000|0.000000|0.000000|0.000000|0.000000|0.046317|0.453683
RL_LCE_Quest8_PruneQuant-20251030-202125,3600,wikitext,-6.0,20.0,0.0,12.043923608012589,13.125639384772418,0.5660714302212,0.6012277012424809,0.5013950892857143,0.550000011920929,0.6012277012424809,0.5013950892857143,0.200000|1.000000,0.000000|0.000000|0.000000|0.000000|0.003906|0.000000|0.000000|0.538504|0.000000|0.000000|0.000000|0.000000|0.000000|0.002232|0.000000|0.000000|0.452567|0.002790,0.000000|0.000000|0.000000|0.000000|0.002790|0.000000|0.000000|0.558594|0.001116|0.000000|0.000000|0.000000|0.000000|0.003348|0.000000|0.000000|0.432478|0.001674,0.000000|0.000000|0.000000|0.000000|0.002790|0.000000|0.000000|0.558594|0.001116|0.000000|0.000000|0.000000|0.000000|0.003348|0.000000|0.000000|0.432478|0.001674
RL_LCE_Quest8_PruneQuant-20251030-202125,3600,wikitext,-6.0,20.0,10.0,12.058214075807347,13.126554988649472,0.5647321441876036,0.6012277012424809,0.5,0.550000011920929,0.6012277012424809,0.5,0.200000|1.000000,0.000000|0.000000|0.000000|0.000000|0.003906|0.000000|0.000000|0.540179|0.000000|0.000000|0.000000|0.000000|0.000000|0.002232|0.000000|0.000000|0.453683|0.000000,0.000000|0.000000|0.000000|0.000000|0.002790|0.000000|0.000000|0.559710|0.000000|0.000000|0.000000|0.000000|0.000000|0.003348|0.000000|0.000000|0.434152|0.000000,0.000000|0.000000|0.000000|0.000000|0.002790|0.000000|0.000000|0.559710|0.000000|0.000000|0.000000|0.000000|0.000000|0.003348|0.000000|0.000000|0.434152|0.000000
RL_LCE_Quest8_PruneQuant-20251030-202125,3600,wikitext,-6.0,20.0,20.0,12.113855599970947,13.173335576129464,0.5656250012772424,0.6011160942060607,0.49972098214285715,0.550000011920929,0.6011160942060607,0.49972098214285715,0.200000|1.000000,0.000000|0.000000|0.000000|0.000000|0.003348|0.000000|0.000000|0.539621|0.000000|0.000000|0.000000|0.000000|0.000000|0.002232|0.000000|0.001116|0.453683|0.000000,0.000000|0.000000|0.000000|0.000000|0.002232|0.000000|0.001116|0.559152|0.000000|0.000000|0.000000|0.000000|0.000000|0.003348|0.000000|0.000000|0.434152|0.000000,0.000000|0.000000|0.000000|0.000000|0.002232|0.000000|0.001116|0.559152|0.000000|0.000000|0.000000|0.000000|0.000000|0.003348|0.000000|0.000000|0.434152|0.000000
RL_LCE_Quest8_PruneQuant-20251030-202125,3600,wikitext,-6.0,20.0,60.0,45.98587404695795,45.6311920043099,1.0,0.6000000238418579,0.3081752232142857,1.0,0.6000000238418579,0.3081752232142857,0.200000|1.000000,0.000000|0.000000|0.000000|0.000000|0.000000|0.000000|0.000000|0.000000|0.000000|0.000000|0.000000|0.000000|0.000000|0.000000|0.000000|0.767299|0.232701|0.000000,0.000000|0.000000|0.000000|0.000000|0.000000|0.000000|0.000000|0.000000|0.000000|0.000000|0.000000|0.000000|0.000000|0.000000|0.000000|0.767299|0.232701|0.000000,0.000000|0.000000|0.000000|0.000000|0.000000|0.000000|0.000000|0.000000|0.000000|0.000000|0.000000|0.000000|0.000000|0.000000|0.000000|0.767299|0.232701|0.000000
RL_LCE_Quest8_PruneQuant-20251030-202125,3600,wikitext,-6.0,20.0,64.0,50.31571844980081,49.642876740111205,1.0,0.6000000238418579,0.29757254464285715,1.0,0.6000000238418579,0.29757254464285715,0.200000|1.000000,0.000000|0.000000|0.000000|0.000000|0.000000|0.000000|0.000000|0.000000|0.000000|0.000000|0.000000|0.000000|0.000000|0.000000|0.000000|0.809710|0.190290|0.000000,0.000000|0.000000|0.000000|0.000000|0.000000|0.000000|0.000000|0.000000|0.000000|0.000000|0.000000|0.000000|0.000000|0.000000|0.000000|0.809710|0.190290|0.000000,0.000000|0.000000|0.000000|0.000000|0.000000|0.000000|0.000000|0.000000|0.000000|0.000000|0.000000|0.000000|0.000000|0.000000|0.000000|0.809710|0.190290|0.000000
RL_LCE_Quest8_PruneQuant-20251030-202125,3600,wikitext,-6.0,10.0,-20.0,12.23188123154835,13.105512249494055,0.5968750014102885,0.6122768026377473,1.0,0.6000000238418579,0.6122767978480884,1.0,0.200000|1.000000,0.000000|0.000000|0.000000|0.000000|0.000000|0.050223|0.000000|0.000000|0.453683|0.000000|0.000000|0.000000|0.000000|0.000000|0.011161|0.000000|0.000000|0.484933,0.000000|0.000000|0.000000|0.000000|0.000000|0.030692|0.000000|0.000000|0.469308|0.000000|0.000000|0.000000|0.000000|0.000000|0.030692|0.000000|0.000000|0.469308,0.000000|0.000000|0.000000|0.000000|0.000000|0.030692|0.000000|0.000000|0.469308|0.000000|0.000000|0.000000|0.000000|0.000000|0.030692|0.000000|0.000000|0.469308
RL_LCE_Quest8_PruneQuant-20251030-202125,3600,wikitext,-6.0,10.0,-16.0,12.23188123154835,13.105512249494055,0.5968750014102885,0.6122768026377473,1.0,0.6000000238418579,0.6122767978480884,1.0,0.200000|1.000000,0.000000|0.000000|0.000000|0.000000|0.000000|0.050223|0.000000|0.000000|0.453683|0.000000|0.000000|0.000000|0.000000|0.000000|0.011161|0.000000|0.000000|0.484933,0.000000|0.000000|0.000000|0.000000|0.000000|0.030692|0.000000|0.000000|0.469308|0.000000|0.000000|0.000000|0.000000|0.000000|0.030692|0.000000|0.000000|0.469308,0.000000|0.000000|0.000000|0.000000|0.000000|0.030692|0.000000|0.000000|0.469308|0.000000|0.000000|0.000000|0.000000|0.000000|0.030692|0.000000|0.000000|0.469308
RL_LCE_Quest8_PruneQuant-20251030-202125,3600,wikitext,-6.0,10.0,-12.0,12.23785528819717,13.096373757256215,0.5964285729985151,0.6126116237470082,0.9983258928571429,0.6000000238418579,0.6126116189573493,0.9983258928571429,0.200000|1.000000,0.000000|0.000000|0.000000|0.000000|0.000000|0.052455|0.000000|0.000000|0.452009|0.000000|0.000000|0.000000|0.000000|0.000000|0.010603|0.000000|0.003348|0.481585,0.000000|0.000000|0.000000|0.000000|0.000000|0.032366|0.000000|0.001674|0.465960|0.000000|0.000000|0.000000|0.000000|0.000000|0.030692|0.000000|0.001674|0.467634,0.000000|0.000000|0.000000|0.000000|0.000000|0.032366|0.000000|0.001674|0.465960|0.000000|0.000000|0.000000|0.000000|0.000000|0.030692|0.000000|0.001674|0.467634
RL_LCE_Quest8_PruneQuant-20251030-202125,3600,wikitext,-6.0,10.0,-10.0,12.278042445054236,13.066261920058865,0.5937500018626451,0.6136160897357124,0.951171875,0.6000000238418579,0.6136160822851318,0.951171875,0.200000|1.000000,0.000000|0.000000|0.000000|0.000000|0.008929|0.046317|0.000000|0.033482|0.419085|0.000000|0.000000|0.000000|0.000000|0.000000|0.012835|0.000000|0.055246|0.424107,0.000000|0.000000|0.000000|0.000000|0.000000|0.030692|0.000000|0.054688|0.414621|0.000000|0.000000|0.000000|0.000000|0.000558|0.036830|0.000000|0.042411|0.420201,0.000000|0.000000|0.000000|0.000000|0.000000|0.030692|0.000000|0.054688|0.414621|0.000000|0.000000|0.000000|0.000000|0.000558|0.036830|0.000000|0.042411|0.420201
RL_LCE_Quest8_PruneQuant-20251030-202125,3600,wikitext,-6.0,10.0,0.0,11.732964323621026,12.83142604138282,0.5535714297688433,0.6418527045420238,0.5011160714285714,0.550000011920929,0.6418527221041066,0.5011160714285714,0.200000|1.000000,0.000000|0.000000|0.000000|0.000000|0.167411|0.000000|0.000000|0.390625|0.000000|0.000000|0.000000|0.000000|0.000000|0.041853|0.000000|0.000000|0.397879|0.002232,0.000000|0.000000|0.000000|0.000000|0.121652|0.000000|0.000000|0.439732|0.001116|0.000000|0.000000|0.000000|0.000000|0.087612|0.000000|0.000000|0.348772|0.001116,0.000000|0.000000|0.000000|0.000000|0.121652|0.000000|0.000000|0.439732|0.001116|0.000000|0.000000|0.000000|0.000000|0.087612|0.000000|0.000000|0.348772|0.001116
RL_LCE_Quest8_PruneQuant-20251030-202125,3600,wikitext,-6.0,10.0,10.0,11.730509300580577,12.879849843565724,0.5526785725461585,0.6419643110462597,0.5,0.550000011920929,0.6419643291405269,0.5,0.200000|1.000000,0.000000|0.000000|0.000000|0.000000|0.167411|0.000000|0.000000|0.391741|0.000000|0.000000|0.000000|0.000000|0.000000|0.042411|0.000000|0.000000|0.398438|0.000000,0.000000|0.000000|0.000000|0.000000|0.119420|0.000000|0.000000|0.443080|0.000000|0.000000|0.000000|0.000000|0.000000|0.090402|0.000000|0.000000|0.347098|0.000000,0.000000|0.000000|0.000000|0.000000|0.119420|0.000000|0.000000|0.443080|0.000000|0.000000|0.000000|0.000000|0.000000|0.090402|0.000000|0.000000|0.347098|0.000000
RL_LCE_Quest8_PruneQuant-20251030-202125,3600,wikitext,-6.0,10.0,20.0,11.730509300580577,12.879849843565724,0.5526785725461585,0.6419643110462597,0.5,0.550000011920929,0.6419643291405269,0.5,0.200000|1.000000,0.000000|0.000000|0.000000|0.000000|0.167411|0.000000|0.000000|0.391741|0.000000|0.000000|0.000000|0.000000|0.000000|0.042411|0.000000|0.000000|0.398438|0.000000,0.000000|0.000000|0.000000|0.000000|0.119420|0.000000|0.000000|0.443080|0.000000|0.000000|0.000000|0.000000|0.000000|0.090402|0.000000|0.000000|0.347098|0.000000,0.000000|0.000000|0.000000|0.000000|0.119420|0.000000|0.000000|0.443080|0.000000|0.000000|0.000000|0.000000|0.000000|0.090402|0.000000|0.000000|0.347098|0.000000
RL_LCE_Quest8_PruneQuant-20251030-202125,3600,wikitext,-6.0,10.0,60.0,45.34245824400676,45.47232024806292,1.0,0.6014509153153215,0.30943080357142855,1.0,0.6014509153153215,0.30943080357142855,0.200000|1.000000,0.000000|0.000000|0.000000|0.000000|0.000000|0.000000|0.000000|0.000000|0.000000|0.000000|0.000000|0.000000|0.000000|0.007254|0.000000|0.762277|0.230469|0.000000,0.000000|0.000000|0.000000|0.000000|0.000000|0.000000|0.000000|0.000000|0.000000|0.000000|0.000000|0.000000|0.005022|0.002232|0.000000|0.757254|0.235491|0.000000,0.000000|0.000000|0.000000|0.000000|0.000000|0.000000|0.000000|0.000000|0.000000|0.000000|0.000000|0.000000|0.005022|0.002232|0.000000|0.757254|0.235491|0.000000
RL_LCE_Quest8_PruneQuant-20251030-202125,3600,wikitext,-6.0,10.0,64.0,49.89630673078099,49.55983877218997,1.0,0.6007812730967999,0.2984095982142857,1.0,0.6007812730967999,0.2984095982142857,0.200000|1.000000,0.000000|0.000000|0.000000|0.000000|0.000000|0.000000|0.000000|0.000000|0.000000|0.000000|0.000000|0.000000|0.000000|0.003906|0.000000|0.806362|0.189732|0.000000,0.000000|0.000000|0.000000|0.000000|0.000000|0.000000|0.000000|0.000000|0.000000|0.000000|0.000000|0.000000|0.000000|0.003906|0.000000|0.806362|0.189732|0.000000,0.000000|0.000000|0.000000|0.000000|0.000000|0.000000|0.000000|0.000000|0.000000|0.000000|0.000000|0.000000|0.000000|0.003906|0.000000|0.806362|0.189732|0.000000
RL_LCE_Quest8_PruneQuant-20251030-202125,3600,wikitext,-6.0,0.0,-20.0,11.046730331848238,11.677443093164023,0.5915178608681474,0.7388392974223409,1.0,0.6000000238418579,0.7388393101947648,1.0,0.200000|1.000000,0.000000|0.000000|0.000000|0.000000|0.000000|0.386719|0.000000|0.000000|0.123884|0.000000|0.000000|0.000000|0.000000|0.000000|0.307478|0.000000|0.000000|0.181920,0.000000|0.000000|0.000000|0.000000|0.000000|0.351562|0.000000|0.000000|0.148438|0.000000|0.000000|0.000000|0.000000|0.000000|0.342634|0.000000|0.000000|0.157366,0.000000|0.000000|0.000000|0.000000|0.000000|0.351562|0.000000|0.000000|0.148438|0.000000|0.000000|0.000000|0.000000|0.000000|0.342634|0.000000|0.000000|0.157366
RL_LCE_Quest8_PruneQuant-20251030-202125,3600,wikitext,-6.0,0.0,-16.0,11.046730331848238,11.677443093164023,0.5915178608681474,0.7388392974223409,1.0,0.6000000238418579,0.7388393101947648,1.0,0.200000|1.000000,0.000000|0.000000|0.000000|0.000000|0.000000|0.386719|0.000000|0.000000|0.123884|0.000000|0.000000|0.000000|0.000000|0.000000|0.307478|0.000000|0.000000|0.181920,0.000000|0.000000|0.000000|0.000000|0.000000|0.351562|0.000000|0.000000|0.148438|0.000000|0.000000|0.000000|0.000000|0.000000|0.342634|0.000000|0.000000|0.157366,0.000000|0.000000|0.000000|0.000000|0.000000|0.351562|0.000000|0.000000|0.148438|0.000000|0.000000|0.000000|0.000000|0.000000|0.342634|0.000000|0.000000|0.157366
RL_LCE_Quest8_PruneQuant-20251030-202125,3600,wikitext,-6.0,0.0,-12.0,11.055980907998899,11.711704515350508,0.5915178611342397,0.738727690918105,0.9997209821428571,0.6000000238418579,0.7387277031583446,0.9997209821428571,0.200000|1.000000,0.000000|0.000000|0.000000|0.000000|0.000000|0.386161|0.000000|0.000000|0.124442|0.000000|0.000000|0.000000|0.000000|0.000000|0.307478|0.000000|0.000558|0.181362,0.000000|0.000000|0.000000|0.000000|0.000000|0.344866|0.000000|0.000000|0.155134|0.000000|0.000000|0.000000|0.000000|0.000558|0.348214|0.000000|0.000000|0.151228,0.000000|0.000000|0.000000|0.000000|0.000000|0.344866|0.000000|0.000000|0.155134|0.000000|0.000000|0.000000|0.000000|0.000558|0.348214|0.000000|0.000000|0.151228
RL_LCE_Quest8_PruneQuant-20251030-202125,3600,wikitext,-6.0,0.0,-10.0,11.198796997640677,11.98693089587242,0.5848214308332119,0.7275669840829713,0.8984375,0.6000000238418579,0.7275669888726303,0.8984375,0.200000|1.000000,0.000000|0.000000|0.000000|0.000000|0.156250|0.198661|0.000000|0.007254|0.156808|0.000000|0.000000|0.000000|0.000000|0.000558|0.282366|0.000000|0.039062|0.159040,0.000000|0.000000|0.000000|0.000000|0.087612|0.233817|0.000000|0.045201|0.133371|0.000000|0.000000|0.000000|0.000000|0.049107|0.267299|0.000000|0.021205|0.162388,0.000000|0.000000|0.000000|0.000000|0.087612|0.233817|0.000000|0.045201|0.133371|0.000000|0.000000|0.000000|0.000000|0.049107|0.267299|0.000000|0.021205|0.162388
RL_LCE_Quest8_PruneQuant-20251030-202125,3600,wikitext,-6.0,0.0,0.0,11.135700962413912,12.216532759379573,0.5486607153766921,0.7189732332314763,0.5002790178571429,0.550000011920929,0.7189732215234211,0.5002790178571429,0.200000|1.000000,0.000000|0.000000|0.000000|0.000000|0.349888|0.000000|0.000000|0.214286|0.000000|0.000000|0.000000|0.000000|0.000000|0.244978|0.000000|0.000000|0.190290|0.000558,0.000000|0.000000|0.000000|0.000000|0.335938|0.000000|0.000000|0.226004|0.000558|0.000000|0.000000|0.000000|0.000000|0.258929|0.000000|0.000000|0.178571|0.000000,0.000000|0.000000|0.000000|0.000000|0.335938|0.000000|0.000000|0.226004|0.000558|0.000000|0.000000|0.000000|0.000000|0.258929|0.000000|0.000000|0.178571|0.000000
RL_LCE_Quest8_PruneQuant-20251030-202125,3600,wikitext,-6.0,0.0,10.0,11.12948857710093,12.01706983184115,0.5486607153766921,0.7190848397357124,0.5,0.550000011920929,0.71908482962421,0.5,0.200000|1.000000,0.000000|0.000000|0.000000|0.000000|0.349888|0.000000|0.000000|0.214286|0.000000|0.000000|0.000000|0.000000|0.000000|0.245536|0.000000|0.000000|0.190290|0.000000,0.000000|0.000000|0.000000|0.000000|0.335379|0.000000|0.000000|0.227121|0.000000|0.000000|0.000000|0.000000|0.000000|0.260045|0.000000|0.000000|0.177455|0.000000,0.000000|0.000000|0.000000|0.000000|0.335379|0.000000|0.000000|0.227121|0.000000|0.000000|0.000000|0.000000|0.000000|0.260045|0.000000|0.000000|0.177455|0.000000
RL_LCE_Quest8_PruneQuant-20251030-202125,3600,wikitext,-6.0,0.0,20.0,11.12948857710093,12.01706983184115,0.5486607153766921,0.7190848397357124,0.5,0.550000011920929,0.71908482962421,0.5,0.200000|1.000000,0.000000|0.000000|0.000000|0.000000|0.349888|0.000000|0.000000|0.214286|0.000000|0.000000|0.000000|0.000000|0.000000|0.245536|0.000000|0.000000|0.190290|0.000000,0.000000|0.000000|0.000000|0.000000|0.335379|0.000000|0.000000|0.227121|0.000000|0.000000|0.000000|0.000000|0.000000|0.260045|0.000000|0.000000|0.177455|0.000000,0.000000|0.000000|0.000000|0.000000|0.335379|0.000000|0.000000|0.227121|0.000000|0.000000|0.000000|0.000000|0.000000|0.260045|0.000000|0.000000|0.177455|0.000000
RL_LCE_Quest8_PruneQuant-20251030-202125,3600,wikitext,-6.0,0.0,60.0,28.47173470338948,29.00090420341681,0.9638392845434802,0.7274553695959705,0.34193638392857145,0.949999988079071,0.7274553829005787,0.34193638392857145,0.200000|1.000000,0.000000|0.000000|0.000000|0.000000|0.045201|0.000000|0.000000|0.000000|0.000000|0.000000|0.000000|0.000000|0.395647|0.196429|0.000000|0.236607|0.126116|0.000000,0.000000|0.000000|0.000000|0.024554|0.015625|0.000000|0.013393|0.008929|0.000000|0.000000|0.000000|0.000000|0.377790|0.219308|0.000000|0.216518|0.123884|0.000000,0.000000|0.000000|0.000000|0.024554|0.015625|0.000000|0.013393|0.008929|0.000000|0.000000|0.000000|0.000000|0.377790|0.219308|0.000000|0.216518|0.123884|0.000000
RL_LCE_Quest8_PruneQuant-20251030-202125,3600,wikitext,-6.0,0.0,64.0,34.70953763307436,36.809198304091616,0.9995535713221345,0.7285714442176479,0.3187779017857143,1.0,0.7285714532647815,0.3187779017857143,0.200000|1.000000,0.000000|0.000000|0.000000|0.000000|0.000558|0.000000|0.000000|0.000000|0.000000|0.000000|0.000000|0.000000|0.487723|0.154576|0.000000|0.237165|0.119978|0.000000,0.000000|0.000000|0.000000|0.000000|0.000000|0.000000|0.000000|0.000000|0.000000|0.000000|0.000000|0.000000|0.454241|0.188616|0.000000|0.270647|0.086496|0.000000,0.000000|0.000000|0.000000|0.000000|0.000000|0.000000|0.000000|0.000000|0.000000|0.000000|0.000000|0.000000|0.454241|0.188616|0.000000|0.270647|0.086496|0.000000
RL_LCE_Quest8_PruneQuant-20251030-202125,3600,wikitext,-6.0,5.0,-20.0,11.661163375890181,12.48793320946303,0.5883928597239512,0.6633928859872478,1.0,0.6000000238418579,0.6633928822619575,1.0,0.200000|1.000000,0.000000|0.000000|0.000000|0.000000|0.000000|0.231027|0.000000|0.000000|0.283482|0.000000|0.000000|0.000000|0.000000|0.000000|0.085938|0.000000|0.000000|0.399554,0.000000|0.000000|0.000000|0.000000|0.000000|0.158482|0.000000|0.000000|0.341518|0.000000|0.000000|0.000000|0.000000|0.000000|0.158482|0.000000|0.000000|0.341518,0.000000|0.000000|0.000000|0.000000|0.000000|0.158482|0.000000|0.000000|0.341518|0.000000|0.000000|0.000000|0.000000|0.000000|0.158482|0.000000|0.000000|0.341518
RL_LCE_Quest8_PruneQuant-20251030-202125,3600,wikitext,-6.0,5.0,-16.0,11.661163375890181,12.48793320946303,0.5883928597239512,0.6633928859872478,1.0,0.6000000238418579,0.6633928822619575,1.0,0.200000|1.000000,0.000000|0.000000|0.000000|0.000000|0.000000|0.231027|0.000000|0.000000|0.283482|0.000000|0.000000|0.000000|0.000000|0.000000|0.085938|0.000000|0.000000|0.399554,0.000000|0.000000|0.000000|0.000000|0.000000|0.158482|0.000000|0.000000|0.341518|0.000000|0.000000|0.000000|0.000000|0.000000|0.158482|0.000000|0.000000|0.341518,0.000000|0.000000|0.000000|0.000000|0.000000|0.158482|0.000000|0.000000|0.341518|0.000000|0.000000|0.000000|0.000000|0.000000|0.158482|0.000000|0.000000|0.341518
RL_LCE_Quest8_PruneQuant-20251030-202125,3600,wikitext,-6.0,5.0,-12.0,11.64328189934726,12.382974991440992,0.5879464318443622,0.663504493023668,0.9988839285714286,0.6000000238418579,0.6635044892983777,0.9988839285714286,0.200000|1.000000,0.000000|0.000000|0.000000|0.000000|0.000000|0.230469|0.000000|0.000000|0.284598|0.000000|0.000000|0.000000|0.000000|0.000000|0.087054|0.000000|0.002232|0.395647,0.000000|0.000000|0.000000|0.000000|0.000558|0.160714|0.000000|0.000558|0.338170|0.000000|0.000000|0.000000|0.000000|0.000558|0.155692|0.000000|0.000558|0.343192,0.000000|0.000000|0.000000|0.000000|0.000558|0.160714|0.000000|0.000558|0.338170|0.000000|0.000000|0.000000|0.000000|0.000558|0.155692|0.000000|0.000558|0.343192
RL_LCE_Quest8_PruneQuant-20251030-202125,3600,wikitext,-6.0,5.0,-10.0,11.67499968746905,12.517585386980219,0.5848214318975806,0.6622768129621234,0.9098772321428571,0.6000000238418579,0.6622768097690174,0.9098772321428571,0.200000|1.000000,0.000000|0.000000|0.000000|0.000000|0.099888|0.127232|0.000000|0.025112|0.266741|0.000000|0.000000|0.000000|0.000000|0.000000|0.084263|0.000000|0.055246|0.341518,0.000000|0.000000|0.000000|0.000000|0.042969|0.110491|0.000000|0.049107|0.297433|0.000000|0.000000|0.000000|0.000000|0.043527|0.114397|0.000000|0.044643|0.297433,0.000000|0.000000|0.000000|0.000000|0.042969|0.110491|0.000000|0.049107|0.297433|0.000000|0.000000|0.000000|0.000000|0.043527|0.114397|0.000000|0.044643|0.297433
RL_LCE_Quest8_PruneQuant-20251030-202125,3600,wikitext,-6.0,5.0,0.0,11.420470077928075,12.56570128663547,0.5508928581007889,0.6816964468785695,0.5002790178571429,0.550000011920929,0.6816964490073067,0.5002790178571429,0.200000|1.000000,0.000000|0.000000|0.000000|0.000000|0.276786|0.000000|0.000000|0.284598|0.000000|0.000000|0.000000|0.000000|0.000000|0.131696|0.000000|0.000000|0.306362|0.000558,0.000000|0.000000|0.000000|0.000000|0.331473|0.000558|0.000000|0.230469|0.000000|0.000000|0.000000|0.000000|0.000000|0.076451|0.000000|0.000000|0.361049|0.000000,0.000000|0.000000|0.000000|0.000000|0.331473|0.000558|0.000000|0.230469|0.000000|0.000000|0.000000|0.000000|0.000000|0.076451|0.000000|0.000000|0.361049|0.000000
RL_LCE_Quest8_PruneQuant-20251030-202125,3600,wikitext,-6.0,5.0,10.0,11.41091453247161,12.65542450014893,0.5508928581007889,0.6819196604192257,0.5,0.550000011920929,0.68191966095141,0.5,0.200000|1.000000,0.000000|0.000000|0.000000|0.000000|0.277344|0.000000|0.000000|0.284040|0.000000|0.000000|0.000000|0.000000|0.000000|0.132254|0.000000|0.000000|0.306362|0.000000,0.000000|0.000000|0.000000|0.000000|0.336496|0.000000|0.000000|0.226004|0.000000|0.000000|0.000000|0.000000|0.000000|0.073103|0.000000|0.000000|0.364397|0.000000,0.000000|0.000000|0.000000|0.000000|0.336496|0.000000|0.000000|0.226004|0.000000|0.000000|0.000000|0.000000|0.000000|0.073103|0.000000|0.000000|0.364397|0.000000
RL_LCE_Quest8_PruneQuant-20251030-202125,3600,wikitext,-6.0,5.0,20.0,11.41091453247161,12.65542450014893,0.5508928581007889,0.6819196604192257,0.5,0.550000011920929,0.68191966095141,0.5,0.200000|1.000000,0.000000|0.000000|0.000000|0.000000|0.277344|0.000000|0.000000|0.284040|0.000000|0.000000|0.000000|0.000000|0.000000|0.132254|0.000000|0.000000|0.306362|0.000000,0.000000|0.000000|0.000000|0.000000|0.336496|0.000000|0.000000|0.226004|0.000000|0.000000|0.000000|0.000000|0.000000|0.073103|0.000000|0.000000|0.364397|0.000000,0.000000|0.000000|0.000000|0.000000|0.336496|0.000000|0.000000|0.226004|0.000000|0.000000|0.000000|0.000000|0.000000|0.073103|0.000000|0.000000|0.364397|0.000000
RL_LCE_Quest8_PruneQuant-20251030-202125,3600,wikitext,-6.0,5.0,60.0,40.31716640944483,44.14712922792053,0.9995535713221345,0.6167410936738763,0.3187779017857143,1.0,0.6167410793048995,0.3187779017857143,0.200000|1.000000,0.000000|0.000000|0.000000|0.000000|0.000558|0.000000|0.000000|0.000000|0.000000|0.000000|0.000000|0.000000|0.000000|0.083147|0.000000|0.724888|0.191406|0.000000,0.000000|0.000000|0.000000|0.000000|0.000000|0.000000|0.000000|0.000000|0.000000|0.000000|0.000000|0.000000|0.056362|0.027344|0.000000|0.668527|0.247768|0.000000,0.000000|0.000000|0.000000|0.000000|0.000000|0.000000|0.000000|0.000000|0.000000|0.000000|0.000000|0.000000|0.056362|0.027344|0.000000|0.668527|0.247768|0.000000
RL_LCE_Quest8_PruneQuant-20251030-202125,3600,wikitext,-6.0,5.0,64.0,45.57075545478156,44.88615809628396,1.0,0.6104910948446819,0.30845424107142855,1.0,0.610491085265364,0.30845424107142855,0.200000|1.000000,0.000000|0.000000|0.000000|0.000000|0.000000|0.000000|0.000000|0.000000|0.000000|0.000000|0.000000|0.000000|0.000000|0.052455|0.000000|0.766183|0.181362|0.000000,0.000000|0.000000|0.000000|0.000000|0.000000|0.000000|0.000000|0.000000|0.000000|0.000000|0.000000|0.000000|0.039621|0.012835|0.000000|0.726562|0.220982|0.000000,0.000000|0.000000|0.000000|0.000000|0.000000|0.000000|0.000000|0.000000|0.000000|0.000000|0.000000|0.000000|0.039621|0.012835|0.000000|0.726562|0.220982|0.000000
RL_LCE_Quest8_PruneQuant-20251030-202125,3600,wikitext,-6.0,10.0,-20.0,12.23188123154835,13.105512249494055,0.5968750014102885,0.6122768026377473,1.0,0.6000000238418579,0.6122767978480884,1.0,0.200000|1.000000,0.000000|0.000000|0.000000|0.000000|0.000000|0.050223|0.000000|0.000000|0.453683|0.000000|0.000000|0.000000|0.000000|0.000000|0.011161|0.000000|0.000000|0.484933,0.000000|0.000000|0.000000|0.000000|0.000000|0.030692|0.000000|0.000000|0.469308|0.000000|0.000000|0.000000|0.000000|0.000000|0.030692|0.000000|0.000000|0.469308,0.000000|0.000000|0.000000|0.000000|0.000000|0.030692|0.000000|0.000000|0.469308|0.000000|0.000000|0.000000|0.000000|0.000000|0.030692|0.000000|0.000000|0.469308
RL_LCE_Quest8_PruneQuant-20251030-202125,3600,wikitext,-6.0,10.0,-16.0,12.23188123154835,13.105512249494055,0.5968750014102885,0.6122768026377473,1.0,0.6000000238418579,0.6122767978480884,1.0,0.200000|1.000000,0.000000|0.000000|0.000000|0.000000|0.000000|0.050223|0.000000|0.000000|0.453683|0.000000|0.000000|0.000000|0.000000|0.000000|0.011161|0.000000|0.000000|0.484933,0.000000|0.000000|0.000000|0.000000|0.000000|0.030692|0.000000|0.000000|0.469308|0.000000|0.000000|0.000000|0.000000|0.000000|0.030692|0.000000|0.000000|0.469308,0.000000|0.000000|0.000000|0.000000|0.000000|0.030692|0.000000|0.000000|0.469308|0.000000|0.000000|0.000000|0.000000|0.000000|0.030692|0.000000|0.000000|0.469308
RL_LCE_Quest8_PruneQuant-20251030-202125,3600,wikitext,-6.0,10.0,-12.0,12.23785528819717,13.096373757256215,0.5964285729985151,0.6126116237470082,0.9983258928571429,0.6000000238418579,0.6126116189573493,0.9983258928571429,0.200000|1.000000,0.000000|0.000000|0.000000|0.000000|0.000000|0.052455|0.000000|0.000000|0.452009|0.000000|0.000000|0.000000|0.000000|0.000000|0.010603|0.000000|0.003348|0.481585,0.000000|0.000000|0.000000|0.000000|0.000000|0.032366|0.000000|0.001674|0.465960|0.000000|0.000000|0.000000|0.000000|0.000000|0.030692|0.000000|0.001674|0.467634,0.000000|0.000000|0.000000|0.000000|0.000000|0.032366|0.000000|0.001674|0.465960|0.000000|0.000000|0.000000|0.000000|0.000000|0.030692|0.000000|0.001674|0.467634
RL_LCE_Quest8_PruneQuant-20251030-202125,3600,wikitext,-6.0,10.0,-10.0,12.278042445054236,13.066261920058865,0.5937500018626451,0.6136160897357124,0.951171875,0.6000000238418579,0.6136160822851318,0.951171875,0.200000|1.000000,0.000000|0.000000|0.000000|0.000000|0.008929|0.046317|0.000000|0.033482|0.419085|0.000000|0.000000|0.000000|0.000000|0.000000|0.012835|0.000000|0.055246|0.424107,0.000000|0.000000|0.000000|0.000000|0.000000|0.030692|0.000000|0.054688|0.414621|0.000000|0.000000|0.000000|0.000000|0.000558|0.036830|0.000000|0.042411|0.420201,0.000000|0.000000|0.000000|0.000000|0.000000|0.030692|0.000000|0.054688|0.414621|0.000000|0.000000|0.000000|0.000000|0.000558|0.036830|0.000000|0.042411|0.420201
RL_LCE_Quest8_PruneQuant-20251030-202125,3600,wikitext,-6.0,10.0,0.0,11.732964323621026,12.83142604138282,0.5535714297688433,0.6418527045420238,0.5011160714285714,0.550000011920929,0.6418527221041066,0.5011160714285714,0.200000|1.000000,0.000000|0.000000|0.000000|0.000000|0.167411|0.000000|0.000000|0.390625|0.000000|0.000000|0.000000|0.000000|0.000000|0.041853|0.000000|0.000000|0.397879|0.002232,0.000000|0.000000|0.000000|0.000000|0.121652|0.000000|0.000000|0.439732|0.001116|0.000000|0.000000|0.000000|0.000000|0.087612|0.000000|0.000000|0.348772|0.001116,0.000000|0.000000|0.000000|0.000000|0.121652|0.000000|0.000000|0.439732|0.001116|0.000000|0.000000|0.000000|0.000000|0.087612|0.000000|0.000000|0.348772|0.001116
RL_LCE_Quest8_PruneQuant-20251030-202125,3600,wikitext,-6.0,10.0,10.0,11.730509300580577,12.879849843565724,0.5526785725461585,0.6419643110462597,0.5,0.550000011920929,0.6419643291405269,0.5,0.200000|1.000000,0.000000|0.000000|0.000000|0.000000|0.167411|0.000000|0.000000|0.391741|0.000000|0.000000|0.000000|0.000000|0.000000|0.042411|0.000000|0.000000|0.398438|0.000000,0.000000|0.000000|0.000000|0.000000|0.119420|0.000000|0.000000|0.443080|0.000000|0.000000|0.000000|0.000000|0.000000|0.090402|0.000000|0.000000|0.347098|0.000000,0.000000|0.000000|0.000000|0.000000|0.119420|0.000000|0.000000|0.443080|0.000000|0.000000|0.000000|0.000000|0.000000|0.090402|0.000000|0.000000|0.347098|0.000000
RL_LCE_Quest8_PruneQuant-20251030-202125,3600,wikitext,-6.0,10.0,20.0,11.730509300580577,12.879849843565724,0.5526785725461585,0.6419643110462597,0.5,0.550000011920929,0.6419643291405269,0.5,0.200000|1.000000,0.000000|0.000000|0.000000|0.000000|0.167411|0.000000|0.000000|0.391741|0.000000|0.000000|0.000000|0.000000|0.000000|0.042411|0.000000|0.000000|0.398438|0.000000,0.000000|0.000000|0.000000|0.000000|0.119420|0.000000|0.000000|0.443080|0.000000|0.000000|0.000000|0.000000|0.000000|0.090402|0.000000|0.000000|0.347098|0.000000,0.000000|0.000000|0.000000|0.000000|0.119420|0.000000|0.000000|0.443080|0.000000|0.000000|0.000000|0.000000|0.000000|0.090402|0.000000|0.000000|0.347098|0.000000
RL_LCE_Quest8_PruneQuant-20251030-202125,3600,wikitext,-6.0,10.0,60.0,45.34245824400676,45.47232024806292,1.0,0.6014509153153215,0.30943080357142855,1.0,0.6014509153153215,0.30943080357142855,0.200000|1.000000,0.000000|0.000000|0.000000|0.000000|0.000000|0.000000|0.000000|0.000000|0.000000|0.000000|0.000000|0.000000|0.000000|0.007254|0.000000|0.762277|0.230469|0.000000,0.000000|0.000000|0.000000|0.000000|0.000000|0.000000|0.000000|0.000000|0.000000|0.000000|0.000000|0.000000|0.005022|0.002232|0.000000|0.757254|0.235491|0.000000,0.000000|0.000000|0.000000|0.000000|0.000000|0.000000|0.000000|0.000000|0.000000|0.000000|0.000000|0.000000|0.005022|0.002232|0.000000|0.757254|0.235491|0.000000
RL_LCE_Quest8_PruneQuant-20251030-202125,3600,wikitext,-6.0,10.0,64.0,49.89630673078099,49.55983877218997,1.0,0.6007812730967999,0.2984095982142857,1.0,0.6007812730967999,0.2984095982142857,0.200000|1.000000,0.000000|0.000000|0.000000|0.000000|0.000000|0.000000|0.000000|0.000000|0.000000|0.000000|0.000000|0.000000|0.000000|0.003906|0.000000|0.806362|0.189732|0.000000,0.000000|0.000000|0.000000|0.000000|0.000000|0.000000|0.000000|0.000000|0.000000|0.000000|0.000000|0.000000|0.000000|0.003906|0.000000|0.806362|0.189732|0.000000,0.000000|0.000000|0.000000|0.000000|0.000000|0.000000|0.000000|0.000000|0.000000|0.000000|0.000000|0.000000|0.000000|0.003906|0.000000|0.806362|0.189732|0.000000
RL_LCE_Quest8_PruneQuant-20251030-202125,3600,wikitext,-2.0,-50.0,-20.0,10.487325268389192,11.166036035185211,0.5214285740096655,1.0,1.0,0.5,1.0,1.0,0.200000|1.000000,0.000000|0.000000|0.598214|0.000000|0.000000|0.000000|0.000000|0.000000|0.000000|0.000000|0.000000|0.401786|0.000000|0.000000|0.000000|0.000000|0.000000|0.000000,0.000000|0.000000|0.625000|0.000000|0.000000|0.000000|0.000000|0.000000|0.000000|0.000000|0.000000|0.375000|0.000000|0.000000|0.000000|0.000000|0.000000|0.000000,0.000000|0.000000|0.625000|0.000000|0.000000|0.000000|0.000000|0.000000|0.000000|0.000000|0.000000|0.375000|0.000000|0.000000|0.000000|0.000000|0.000000|0.000000
RL_LCE_Quest8_PruneQuant-20251030-202125,3600,wikitext,-2.0,-50.0,-16.0,10.487325268389192,11.166036035185211,0.5214285740096655,1.0,1.0,0.5,1.0,1.0,0.200000|1.000000,0.000000|0.000000|0.598214|0.000000|0.000000|0.000000|0.000000|0.000000|0.000000|0.000000|0.000000|0.401786|0.000000|0.000000|0.000000|0.000000|0.000000|0.000000,0.000000|0.000000|0.625000|0.000000|0.000000|0.000000|0.000000|0.000000|0.000000|0.000000|0.000000|0.375000|0.000000|0.000000|0.000000|0.000000|0.000000|0.000000,0.000000|0.000000|0.625000|0.000000|0.000000|0.000000|0.000000|0.000000|0.000000|0.000000|0.000000|0.375000|0.000000|0.000000|0.000000|0.000000|0.000000|0.000000
RL_LCE_Quest8_PruneQuant-20251030-202125,3600,wikitext,-2.0,-50.0,-12.0,10.487325268389192,11.166036035185211,0.5214285740096655,1.0,1.0,0.5,1.0,1.0,0.200000|1.000000,0.000000|0.000000|0.598214|0.000000|0.000000|0.000000|0.000000|0.000000|0.000000|0.000000|0.000000|0.401786|0.000000|0.000000|0.000000|0.000000|0.000000|0.000000,0.000000|0.000000|0.625000|0.000000|0.000000|0.000000|0.000000|0.000000|0.000000|0.000000|0.000000|0.375000|0.000000|0.000000|0.000000|0.000000|0.000000|0.000000,0.000000|0.000000|0.625000|0.000000|0.000000|0.000000|0.000000|0.000000|0.000000|0.000000|0.000000|0.375000|0.000000|0.000000|0.000000|0.000000|0.000000|0.000000
RL_LCE_Quest8_PruneQuant-20251030-202125,3600,wikitext,-2.0,-50.0,-10.0,10.487325268389192,11.166036035185211,0.5214285740096655,1.0,1.0,0.5,1.0,1.0,0.200000|1.000000,0.000000|0.000000|0.598214|0.000000|0.000000|0.000000|0.000000|0.000000|0.000000|0.000000|0.000000|0.401786|0.000000|0.000000|0.000000|0.000000|0.000000|0.000000,0.000000|0.000000|0.625000|0.000000|0.000000|0.000000|0.000000|0.000000|0.000000|0.000000|0.000000|0.375000|0.000000|0.000000|0.000000|0.000000|0.000000|0.000000,0.000000|0.000000|0.625000|0.000000|0.000000|0.000000|0.000000|0.000000|0.000000|0.000000|0.000000|0.375000|0.000000|0.000000|0.000000|0.000000|0.000000|0.000000
RL_LCE_Quest8_PruneQuant-20251030-202125,3600,wikitext,-2.0,-50.0,0.0,10.466862201193461,11.28663025108845,0.5763392875503216,1.0,0.6263950892857143,0.6000000238418579,1.0,0.6263950892857143,0.200000|1.000000,0.000000|0.276786|0.252790|0.000000|0.000000|0.000000|0.000000|0.000000|0.000000|0.000000|0.470424|0.000000|0.000000|0.000000|0.000000|0.000000|0.000000|0.000000,0.000000|0.372768|0.127232|0.000000|0.000000|0.000000|0.000000|0.000000|0.000000|0.000000|0.374442|0.125558|0.000000|0.000000|0.000000|0.000000|0.000000|0.000000,0.000000|0.372768|0.127232|0.000000|0.000000|0.000000|0.000000|0.000000|0.000000|0.000000|0.374442|0.125558|0.000000|0.000000|0.000000|0.000000|0.000000|0.000000
RL_LCE_Quest8_PruneQuant-20251030-202125,3600,wikitext,-2.0,-50.0,10.0,18.97685096470788,20.5819414460654,0.8660714287044746,1.0,0.388671875,0.8500000238418579,1.0,0.388671875,0.200000|1.000000,0.000000|0.167411|0.000000|0.000000|0.000000|0.000000|0.000000|0.000000|0.000000|0.445312|0.387277|0.000000|0.000000|0.000000|0.000000|0.000000|0.000000|0.000000,0.066406|0.121094|0.000000|0.000000|0.000000|0.000000|0.000000|0.000000|0.000000|0.378906|0.433594|0.000000|0.000000|0.000000|0.000000|0.000000|0.000000|0.000000,0.066406|0.121094|0.000000|0.000000|0.000000|0.000000|0.000000|0.000000|0.000000|0.378906|0.433594|0.000000|0.000000|0.000000|0.000000|0.000000|0.000000|0.000000
RL_LCE_Quest8_PruneQuant-20251030-202125,3600,wikitext,-2.0,-50.0,20.0,51.011910862783445,51.011910862783445,1.0,1.0,0.25,1.0,1.0,0.25,0.200000|1.000000,0.000000|0.000000|0.000000|0.000000|0.000000|0.000000|0.000000|0.000000|0.000000|1.000000|0.000000|0.000000|0.000000|0.000000|0.000000|0.000000|0.000000|0.000000,0.000000|0.000000|0.000000|0.000000|0.000000|0.000000|0.000000|0.000000|0.000000|1.000000|0.000000|0.000000|0.000000|0.000000|0.000000|0.000000|0.000000|0.000000,0.000000|0.000000|0.000000|0.000000|0.000000|0.000000|0.000000|0.000000|0.000000|1.000000|0.000000|0.000000|0.000000|0.000000|0.000000|0.000000|0.000000|0.000000
RL_LCE_Quest8_PruneQuant-20251030-202125,3600,wikitext,-2.0,-50.0,60.0,51.011910862783445,51.011910862783445,1.0,1.0,0.25,1.0,1.0,0.25,0.200000|1.000000,0.000000|0.000000|0.000000|0.000000|0.000000|0.000000|0.000000|0.000000|0.000000|1.000000|0.000000|0.000000|0.000000|0.000000|0.000000|0.000000|0.000000|0.000000,0.000000|0.000000|0.000000|0.000000|0.000000|0.000000|0.000000|0.000000|0.000000|1.000000|0.000000|0.000000|0.000000|0.000000|0.000000|0.000000|0.000000|0.000000,0.000000|0.000000|0.000000|0.000000|0.000000|0.000000|0.000000|0.000000|0.000000|1.000000|0.000000|0.000000|0.000000|0.000000|0.000000|0.000000|0.000000|0.000000
RL_LCE_Quest8_PruneQuant-20251030-202125,3600,wikitext,-2.0,-50.0,64.0,51.011910862783445,51.011910862783445,1.0,1.0,0.25,1.0,1.0,0.25,0.200000|1.000000,0.000000|0.000000|0.000000|0.000000|0.000000|0.000000|0.000000|0.000000|0.000000|1.000000|0.000000|0.000000|0.000000|0.000000|0.000000|0.000000|0.000000|0.000000,0.000000|0.000000|0.000000|0.000000|0.000000|0.000000|0.000000|0.000000|0.000000|1.000000|0.000000|0.000000|0.000000|0.000000|0.000000|0.000000|0.000000|0.000000,0.000000|0.000000|0.000000|0.000000|0.000000|0.000000|0.000000|0.000000|0.000000|1.000000|0.000000|0.000000|0.000000|0.000000|0.000000|0.000000|0.000000|0.000000
RL_LCE_Quest8_PruneQuant-20251030-202125,3600,wikitext,-2.0,-40.0,-20.0,10.486593756146725,11.161363727825327,0.5209821455978921,0.9997767859271595,1.0,0.5,0.9997767859271595,1.0,0.200000|1.000000,0.000000|0.000000|0.598772|0.000000|0.000000|0.000000|0.000000|0.000000|0.000000|0.000000|0.000000|0.400112|0.000000|0.000000|0.001116|0.000000|0.000000|0.000000,0.000000|0.000000|0.624442|0.000000|0.000000|0.000558|0.000000|0.000000|0.000000|0.000000|0.000000|0.374442|0.000000|0.000000|0.000558|0.000000|0.000000|0.000000,0.000000|0.000000|0.624442|0.000000|0.000000|0.000558|0.000000|0.000000|0.000000|0.000000|0.000000|0.374442|0.000000|0.000000|0.000558|0.000000|0.000000|0.000000
RL_LCE_Quest8_PruneQuant-20251030-202125,3600,wikitext,-2.0,-40.0,-16.0,10.486593756146725,11.161363727825327,0.5209821455978921,0.9997767859271595,1.0,0.5,0.9997767859271595,1.0,0.200000|1.000000,0.000000|0.000000|0.598772|0.000000|0.000000|0.000000|0.000000|0.000000|0.000000|0.000000|0.000000|0.400112|0.000000|0.000000|0.001116|0.000000|0.000000|0.000000,0.000000|0.000000|0.624442|0.000000|0.000000|0.000558|0.000000|0.000000|0.000000|0.000000|0.000000|0.374442|0.000000|0.000000|0.000558|0.000000|0.000000|0.000000,0.000000|0.000000|0.624442|0.000000|0.000000|0.000558|0.000000|0.000000|0.000000|0.000000|0.000000|0.374442|0.000000|0.000000|0.000558|0.000000|0.000000|0.000000
RL_LCE_Quest8_PruneQuant-20251030-202125,3600,wikitext,-2.0,-40.0,-12.0,10.486593756146725,11.161363727825327,0.5209821455978921,0.9997767859271595,1.0,0.5,0.9997767859271595,1.0,0.200000|1.000000,0.000000|0.000000|0.598772|0.000000|0.000000|0.000000|0.000000|0.000000|0.000000|0.000000|0.000000|0.400112|0.000000|0.000000|0.001116|0.000000|0.000000|0.000000,0.000000|0.000000|0.624442|0.000000|0.000000|0.000558|0.000000|0.000000|0.000000|0.000000|0.000000|0.374442|0.000000|0.000000|0.000558|0.000000|0.000000|0.000000,0.000000|0.000000|0.624442|0.000000|0.000000|0.000558|0.000000|0.000000|0.000000|0.000000|0.000000|0.374442|0.000000|0.000000|0.000558|0.000000|0.000000|0.000000
RL_LCE_Quest8_PruneQuant-20251030-202125,3600,wikitext,-2.0,-40.0,-10.0,10.486593756146725,11.161363727825327,0.5209821455978921,0.9997767859271595,1.0,0.5,0.9997767859271595,1.0,0.200000|1.000000,0.000000|0.000000|0.598772|0.000000|0.000000|0.000000|0.000000|0.000000|0.000000|0.000000|0.000000|0.400112|0.000000|0.000000|0.001116|0.000000|0.000000|0.000000,0.000000|0.000000|0.624442|0.000000|0.000000|0.000558|0.000000|0.000000|0.000000|0.000000|0.000000|0.374442|0.000000|0.000000|0.000558|0.000000|0.000000|0.000000,0.000000|0.000000|0.624442|0.000000|0.000000|0.000558|0.000000|0.000000|0.000000|0.000000|0.000000|0.374442|0.000000|0.000000|0.000558|0.000000|0.000000|0.000000
RL_LCE_Quest8_PruneQuant-20251030-202125,3600,wikitext,-2.0,-40.0,0.0,10.482936960230186,10.879260375549476,0.5700892876567585,0.9715401796357972,0.6090959821428571,0.550000011920929,0.9715401892151151,0.6090959821428571,0.200000|1.000000,0.000000|0.189732|0.218192|0.000000|0.129464|0.000000|0.000000|0.000000|0.000000|0.000000|0.449777|0.000000|0.000000|0.012835|0.000000|0.000000|0.000000|0.000000,0.000000|0.378348|0.106585|0.000000|0.060826|0.016741|0.000000|0.000000|0.000000|0.000000|0.293527|0.079241|0.000000|0.049107|0.015625|0.000000|0.000000|0.000000,0.000000|0.378348|0.106585|0.000000|0.060826|0.016741|0.000000|0.000000|0.000000|0.000000|0.293527|0.079241|0.000000|0.049107|0.015625|0.000000|0.000000|0.000000
RL_LCE_Quest8_PruneQuant-20251030-202125,3600,wikitext,-2.0,-40.0,10.0,18.81210523373653,19.757594447626904,0.8406250003193106,0.9683035702577659,0.3920200892857143,0.8500000238418579,0.9683035697255816,0.3920200892857143,0.200000|1.000000,0.000000|0.055246|0.000000|0.000000|0.143973|0.000000|0.000000|0.000000|0.000000|0.431920|0.354353|0.000000|0.000000|0.014509|0.000000|0.000000|0.000000|0.000000,0.071429|0.104911|0.000000|0.004464|0.006696|0.000000|0.000000|0.000000|0.000000|0.282924|0.382254|0.000000|0.073103|0.074219|0.000000|0.000000|0.000000|0.000000,0.071429|0.104911|0.000000|0.004464|0.006696|0.000000|0.000000|0.000000|0.000000|0.282924|0.382254|0.000000|0.073103|0.074219|0.000000|0.000000|0.000000|0.000000
RL_LCE_Quest8_PruneQuant-20251030-202125,3600,wikitext,-2.0,-40.0,20.0,48.6962818230625,49.99036851351003,0.985714283904859,0.9952008953051907,0.25599888392857145,1.0,0.995200897433928,0.25599888392857145,0.200000|1.000000,0.000000|0.000000|0.000000|0.000000|0.017857|0.000000|0.000000|0.000000|0.000000|0.976004|0.000000|0.000000|0.000000|0.006138|0.000000|0.000000|0.000000|0.000000,0.000000|0.000000|0.000000|0.000000|0.000000|0.000000|0.000000|0.000000|0.000000|0.952009|0.023996|0.000000|0.023996|0.000000|0.000000|0.000000|0.000000|0.000000,0.000000|0.000000|0.000000|0.000000|0.000000|0.000000|0.000000|0.000000|0.000000|0.952009|0.023996|0.000000|0.023996|0.000000|0.000000|0.000000|0.000000|0.000000
RL_LCE_Quest8_PruneQuant-20251030-202125,3600,wikitext,-2.0,-40.0,60.0,51.011910862783445,51.011910862783445,1.0,1.0,0.25,1.0,1.0,0.25,0.200000|1.000000,0.000000|0.000000|0.000000|0.000000|0.000000|0.000000|0.000000|0.000000|0.000000|1.000000|0.000000|0.000000|0.000000|0.000000|0.000000|0.000000|0.000000|0.000000,0.000000|0.000000|0.000000|0.000000|0.000000|0.000000|0.000000|0.000000|0.000000|1.000000|0.000000|0.000000|0.000000|0.000000|0.000000|0.000000|0.000000|0.000000,0.000000|0.000000|0.000000|0.000000|0.000000|0.000000|0.000000|0.000000|0.000000|1.000000|0.000000|0.000000|0.000000|0.000000|0.000000|0.000000|0.000000|0.000000
RL_LCE_Quest8_PruneQuant-20251030-202125,3600,wikitext,-2.0,-40.0,64.0,51.011910862783445,51.011910862783445,1.0,1.0,0.25,1.0,1.0,0.25,0.200000|1.000000,0.000000|0.000000|0.000000|0.000000|0.000000|0.000000|0.000000|0.000000|0.000000|1.000000|0.000000|0.000000|0.000000|0.000000|0.000000|0.000000|0.000000|0.000000,0.000000|0.000000|0.000000|0.000000|0.000000|0.000000|0.000000|0.000000|0.000000|1.000000|0.000000|0.000000|0.000000|0.000000|0.000000|0.000000|0.000000|0.000000,0.000000|0.000000|0.000000|0.000000|0.000000|0.000000|0.000000|0.000000|0.000000|1.000000|0.000000|0.000000|0.000000|0.000000|0.000000|0.000000|0.000000|0.000000
RL_LCE_Quest8_PruneQuant-20251030-202125,3600,wikitext,-2.0,-30.0,-20.0,10.499768786704216,11.363256598833681,0.5232142888541732,0.9047991106552737,1.0,0.5,0.9047991016081401,1.0,0.200000|1.000000,0.000000|0.000000|0.433594|0.000000|0.000000|0.162388|0.000000|0.000000|0.000000|0.000000|0.000000|0.090402|0.000000|0.000000|0.313616|0.000000|0.000000|0.000000,0.000000|0.000000|0.327009|0.000000|0.000000|0.297991|0.000000|0.000000|0.000000|0.000000|0.000000|0.196987|0.000000|0.000000|0.178013|0.000000|0.000000|0.000000,0.000000|0.000000|0.327009|0.000000|0.000000|0.297991|0.000000|0.000000|0.000000|0.000000|0.000000|0.196987|0.000000|0.000000|0.178013|0.000000|0.000000|0.000000
RL_LCE_Quest8_PruneQuant-20251030-202125,3600,wikitext,-2.0,-30.0,-16.0,10.499768786704216,11.363256598833681,0.5232142888541732,0.9047991106552737,1.0,0.5,0.9047991016081401,1.0,0.200000|1.000000,0.000000|0.000000|0.433594|0.000000|0.000000|0.162388|0.000000|0.000000|0.000000|0.000000|0.000000|0.090402|0.000000|0.000000|0.313616|0.000000|0.000000|0.000000,0.000000|0.000000|0.327009|0.000000|0.000000|0.297991|0.000000|0.000000|0.000000|0.000000|0.000000|0.196987|0.000000|0.000000|0.178013|0.000000|0.000000|0.000000,0.000000|0.000000|0.327009|0.000000|0.000000|0.297991|0.000000|0.000000|0.000000|0.000000|0.000000|0.196987|0.000000|0.000000|0.178013|0.000000|0.000000|0.000000
RL_LCE_Quest8_PruneQuant-20251030-202125,3600,wikitext,-2.0,-30.0,-12.0,10.499768786704216,11.363256598833681,0.5232142888541732,0.9047991106552737,1.0,0.5,0.9047991016081401,1.0,0.200000|1.000000,0.000000|0.000000|0.433594|0.000000|0.000000|0.162388|0.000000|0.000000|0.000000|0.000000|0.000000|0.090402|0.000000|0.000000|0.313616|0.000000|0.000000|0.000000,0.000000|0.000000|0.327009|0.000000|0.000000|0.297991|0.000000|0.000000|0.000000|0.000000|0.000000|0.196987|0.000000|0.000000|0.178013|0.000000|0.000000|0.000000,0.000000|0.000000|0.327009|0.000000|0.000000|0.297991|0.000000|0.000000|0.000000|0.000000|0.000000|0.196987|0.000000|0.000000|0.178013|0.000000|0.000000|0.000000
RL_LCE_Quest8_PruneQuant-20251030-202125,3600,wikitext,-2.0,-30.0,-10.0,10.515160577920179,11.430033625236517,0.5232142877898046,0.904799111187458,0.96875,0.5,0.9047991016081401,0.96875,0.200000|1.000000,0.000000|0.000000|0.428571|0.000000|0.062500|0.104911|0.000000|0.000000|0.000000|0.000000|0.000000|0.095424|0.000000|0.000000|0.308594|0.000000|0.000000|0.000000,0.000000|0.021763|0.305246|0.000000|0.017299|0.280692|0.000000|0.000000|0.000000|0.000000|0.007812|0.189174|0.000000|0.015625|0.162388|0.000000|0.000000|0.000000,0.000000|0.021763|0.305246|0.000000|0.017299|0.280692|0.000000|0.000000|0.000000|0.000000|0.007812|0.189174|0.000000|0.015625|0.162388|0.000000|0.000000|0.000000
RL_LCE_Quest8_PruneQuant-20251030-202125,3600,wikitext,-2.0,-30.0,0.0,10.663628310647969,11.704354329710021,0.5209821447996157,0.8102678709796497,0.5072544642857143,0.5,0.8102678592715945,0.5072544642857143,0.200000|1.000000,0.000000|0.005022|0.014509|0.000000|0.579241|0.000000|0.000000|0.000000|0.000000|0.000000|0.031808|0.000000|0.000000|0.369420|0.000000|0.000000|0.000000|0.000000,0.000000|0.031808|0.000000|0.000000|0.584821|0.008371|0.000000|0.000000|0.000000|0.000000|0.019531|0.000000|0.000000|0.349330|0.006138|0.000000|0.000000|0.000000,0.000000|0.031808|0.000000|0.000000|0.584821|0.008371|0.000000|0.000000|0.000000|0.000000|0.019531|0.000000|0.000000|0.349330|0.006138|0.000000|0.000000|0.000000
RL_LCE_Quest8_PruneQuant-20251030-202125,3600,wikitext,-2.0,-30.0,10.0,11.488384661784295,12.867278004795136,0.5580357177449125,0.8176339423017842,0.48032924107142855,0.550000011920929,0.8176339481558118,0.48032924107142855,0.200000|1.000000,0.000000|0.000558|0.000000|0.000000|0.551897|0.000000|0.000000|0.000000|0.000000|0.078683|0.008929|0.000000|0.000000|0.359933|0.000000|0.000000|0.000000|0.000000,0.002232|0.050223|0.000000|0.039621|0.470424|0.000000|0.000000|0.000000|0.000000|0.001116|0.034598|0.000000|0.035714|0.366071|0.000000|0.000000|0.000000|0.000000,0.002232|0.050223|0.000000|0.039621|0.470424|0.000000|0.000000|0.000000|0.000000|0.001116|0.034598|0.000000|0.035714|0.366071|0.000000|0.000000|0.000000|0.000000
RL_LCE_Quest8_PruneQuant-20251030-202125,3600,wikitext,-2.0,-30.0,20.0,18.220603484836364,20.996669696905535,0.7183035781074848,0.8815848289855889,0.3980189732142857,0.7000000178813934,0.8815848385649068,0.3980189732142857,0.200000|1.000000,0.000000|0.000000|0.000000|0.000000|0.352121|0.000000|0.000000|0.000000|0.000000|0.407924|0.000000|0.000000|0.000000|0.239955|0.000000|0.000000|0.000000|0.000000,0.087612|0.075335|0.000000|0.117188|0.094866|0.000000|0.000000|0.000000|0.000000|0.071987|0.172991|0.000000|0.131138|0.248884|0.000000|0.000000|0.000000|0.000000,0.087612|0.075335|0.000000|0.117188|0.094866|0.000000|0.000000|0.000000|0.000000|0.071987|0.172991|0.000000|0.131138|0.248884|0.000000|0.000000|0.000000|0.000000
RL_LCE_Quest8_PruneQuant-20251030-202125,3600,wikitext,-2.0,-30.0,60.0,51.011910862783445,51.011910862783445,1.0,1.0,0.25,1.0,1.0,0.25,0.200000|1.000000,0.000000|0.000000|0.000000|0.000000|0.000000|0.000000|0.000000|0.000000|0.000000|1.000000|0.000000|0.000000|0.000000|0.000000|0.000000|0.000000|0.000000|0.000000,0.000000|0.000000|0.000000|0.000000|0.000000|0.000000|0.000000|0.000000|0.000000|1.000000|0.000000|0.000000|0.000000|0.000000|0.000000|0.000000|0.000000|0.000000,0.000000|0.000000|0.000000|0.000000|0.000000|0.000000|0.000000|0.000000|0.000000|1.000000|0.000000|0.000000|0.000000|0.000000|0.000000|0.000000|0.000000|0.000000
RL_LCE_Quest8_PruneQuant-20251030-202125,3600,wikitext,-2.0,-30.0,64.0,51.011910862783445,51.011910862783445,1.0,1.0,0.25,1.0,1.0,0.25,0.200000|1.000000,0.000000|0.000000|0.000000|0.000000|0.000000|0.000000|0.000000|0.000000|0.000000|1.000000|0.000000|0.000000|0.000000|0.000000|0.000000|0.000000|0.000000|0.000000,0.000000|0.000000|0.000000|0.000000|0.000000|0.000000|0.000000|0.000000|0.000000|1.000000|0.000000|0.000000|0.000000|0.000000|0.000000|0.000000|0.000000|0.000000,0.000000|0.000000|0.000000|0.000000|0.000000|0.000000|0.000000|0.000000|0.000000|1.000000|0.000000|0.000000|0.000000|0.000000|0.000000|0.000000|0.000000|0.000000
RL_LCE_Quest8_PruneQuant-20251030-202125,3600,wikitext,-2.0,20.0,-20.0,12.545557633201023,13.339780125905515,0.5232142893863576,0.600446451987539,1.0,0.5,0.600446451987539,1.0,0.200000|1.000000,0.000000|0.000000|0.000000|0.000000|0.000000|0.001674|0.000000|0.000000|0.594308|0.000000|0.000000|0.000000|0.000000|0.000000|0.000558|0.000000|0.000000|0.403460,0.000000|0.000000|0.000000|0.000000|0.000000|0.001674|0.000000|0.000000|0.623326|0.000000|0.000000|0.000000|0.000000|0.000000|0.000558|0.000000|0.000000|0.374442,0.000000|0.000000|0.000000|0.000000|0.000000|0.001674|0.000000|0.000000|0.623326|0.000000|0.000000|0.000000|0.000000|0.000000|0.000558|0.000000|0.000000|0.374442
RL_LCE_Quest8_PruneQuant-20251030-202125,3600,wikitext,-2.0,20.0,-16.0,12.545557633201023,13.339780125905515,0.5232142893863576,0.600446451987539,1.0,0.5,0.600446451987539,1.0,0.200000|1.000000,0.000000|0.000000|0.000000|0.000000|0.000000|0.001674|0.000000|0.000000|0.594308|0.000000|0.000000|0.000000|0.000000|0.000000|0.000558|0.000000|0.000000|0.403460,0.000000|0.000000|0.000000|0.000000|0.000000|0.001674|0.000000|0.000000|0.623326|0.000000|0.000000|0.000000|0.000000|0.000000|0.000558|0.000000|0.000000|0.374442,0.000000|0.000000|0.000000|0.000000|0.000000|0.001674|0.000000|0.000000|0.623326|0.000000|0.000000|0.000000|0.000000|0.000000|0.000558|0.000000|0.000000|0.374442
RL_LCE_Quest8_PruneQuant-20251030-202125,3600,wikitext,-2.0,20.0,-12.0,12.52806766303532,13.306323818779266,0.523660718064223,0.6003348449511188,0.9994419642857143,0.5,0.6003348449511188,0.9994419642857143,0.200000|1.000000,0.000000|0.000000|0.000000|0.000000|0.000000|0.001116|0.000000|0.000000|0.594308|0.000000|0.000000|0.000000|0.000000|0.000000|0.000558|0.000000|0.001116|0.402902,0.000000|0.000000|0.000000|0.000000|0.000000|0.001116|0.000000|0.001116|0.622768|0.000000|0.000000|0.000000|0.000000|0.000000|0.000558|0.000000|0.000000|0.374442,0.000000|0.000000|0.000000|0.000000|0.000000|0.001116|0.000000|0.001116|0.622768|0.000000|0.000000|0.000000|0.000000|0.000000|0.000558|0.000000|0.000000|0.374442
RL_LCE_Quest8_PruneQuant-20251030-202125,3600,wikitext,-2.0,20.0,-10.0,12.496647139197824,13.368657122001412,0.5245535742225391,0.600446451987539,0.9813058035714286,0.5,0.600446451987539,0.9813058035714286,0.200000|1.000000,0.000000|0.000000|0.000000|0.000000|0.000000|0.001674|0.000000|0.012835|0.579799|0.000000|0.000000|0.000000|0.000000|0.000000|0.000558|0.000000|0.024554|0.380580,0.000000|0.000000|0.000000|0.000000|0.000000|0.001674|0.000000|0.023438|0.599888|0.000000|0.000000|0.000000|0.000000|0.000000|0.000558|0.000000|0.013951|0.360491,0.000000|0.000000|0.000000|0.000000|0.000000|0.001674|0.000000|0.023438|0.599888|0.000000|0.000000|0.000000|0.000000|0.000000|0.000558|0.000000|0.013951|0.360491
RL_LCE_Quest8_PruneQuant-20251030-202125,3600,wikitext,-2.0,20.0,0.0,12.478354904643652,13.708616182404137,0.5035714307533843,0.6013393082789013,0.5005580357142857,0.5,0.6013393082789013,0.5005580357142857,0.200000|1.000000,0.000000|0.000000|0.000000|0.000000|0.003906|0.000000|0.000000|0.616629|0.000000|0.000000|0.000000|0.000000|0.000000|0.002790|0.000000|0.000000|0.375558|0.001116,0.000000|0.000000|0.000000|0.000000|0.004464|0.000000|0.000000|0.619978|0.000558|0.000000|0.000000|0.000000|0.000000|0.002232|0.000000|0.000000|0.372210|0.000558,0.000000|0.000000|0.000000|0.000000|0.004464|0.000000|0.000000|0.619978|0.000558|0.000000|0.000000|0.000000|0.000000|0.002232|0.000000|0.000000|0.372210|0.000558
RL_LCE_Quest8_PruneQuant-20251030-202125,3600,wikitext,-2.0,20.0,10.0,12.491418051971317,13.678050718643012,0.5026785736637456,0.6013393082789013,0.5,0.5,0.6013393082789013,0.5,0.200000|1.000000,0.000000|0.000000|0.000000|0.000000|0.003906|0.000000|0.000000|0.617746|0.000000|0.000000|0.000000|0.000000|0.000000|0.002790|0.000000|0.000000|0.375558|0.000000,0.000000|0.000000|0.000000|0.000000|0.004464|0.000000|0.000000|0.620536|0.000000|0.000000|0.000000|0.000000|0.000000|0.002232|0.000000|0.000000|0.372768|0.000000,0.000000|0.000000|0.000000|0.000000|0.004464|0.000000|0.000000|0.620536|0.000000|0.000000|0.000000|0.000000|0.000000|0.002232|0.000000|0.000000|0.372768|0.000000
RL_LCE_Quest8_PruneQuant-20251030-202125,3600,wikitext,-2.0,20.0,20.0,12.491418051971317,13.678050718643012,0.5026785736637456,0.6013393082789013,0.5,0.5,0.6013393082789013,0.5,0.200000|1.000000,0.000000|0.000000|0.000000|0.000000|0.003906|0.000000|0.000000|0.617746|0.000000|0.000000|0.000000|0.000000|0.000000|0.002790|0.000000|0.000000|0.375558|0.000000,0.000000|0.000000|0.000000|0.000000|0.004464|0.000000|0.000000|0.620536|0.000000|0.000000|0.000000|0.000000|0.000000|0.002232|0.000000|0.000000|0.372768|0.000000,0.000000|0.000000|0.000000|0.000000|0.004464|0.000000|0.000000|0.620536|0.000000|0.000000|0.000000|0.000000|0.000000|0.002232|0.000000|0.000000|0.372768|0.000000
RL_LCE_Quest8_PruneQuant-20251030-202125,3600,wikitext,-2.0,20.0,60.0,26.27700432465614,26.2111013248506,0.7607142885348627,0.6000000238418579,0.39857700892857145,0.75,0.6000000238418579,0.39857700892857145,0.200000|1.000000,0.000000|0.000000|0.000000|0.000000|0.000000|0.000000|0.004464|0.294643|0.000000|0.000000|0.000000|0.000000|0.000000|0.000000|0.000000|0.401228|0.299665|0.000000,0.000000|0.000000|0.000000|0.000000|0.000000|0.000000|0.123884|0.188616|0.000000|0.000000|0.000000|0.000000|0.000000|0.000000|0.000000|0.281808|0.405692|0.000000,0.000000|0.000000|0.000000|0.000000|0.000000|0.000000|0.123884|0.188616|0.000000|0.000000|0.000000|0.000000|0.000000|0.000000|0.000000|0.281808|0.405692|0.000000
RL_LCE_Quest8_PruneQuant-20251030-202125,3600,wikitext,-2.0,20.0,64.0,44.15328857625066,41.89106442518244,0.9120535704174212,0.6000000238418579,0.3197544642857143,0.8999999761581421,0.6000000238418579,0.3197544642857143,0.200000|1.000000,0.000000|0.000000|0.000000|0.000000|0.000000|0.000000|0.030692|0.079241|0.000000|0.000000|0.000000|0.000000|0.000000|0.000000|0.000000|0.690290|0.199777|0.000000,0.000000|0.000000|0.000000|0.000000|0.000000|0.000000|0.088728|0.036272|0.000000|0.000000|0.000000|0.000000|0.000000|0.000000|0.000000|0.632254|0.242746|0.000000,0.000000|0.000000|0.000000|0.000000|0.000000|0.000000|0.088728|0.036272|0.000000|0.000000|0.000000|0.000000|0.000000|0.000000|0.000000|0.632254|0.242746|0.000000
RL_LCE_Quest8_PruneQuant-20251030-202125,3600,wikitext,-2.0,10.0,-20.0,12.336419267678341,13.352813617908678,0.5227678609745843,0.6110491252371243,1.0,0.5,0.6110491204474654,1.0,0.200000|1.000000,0.000000|0.000000|0.000000|0.000000|0.000000|0.046875|0.000000|0.000000|0.549665|0.000000|0.000000|0.000000|0.000000|0.000000|0.008371|0.000000|0.000000|0.395089,0.000000|0.000000|0.000000|0.000000|0.000000|0.034598|0.000000|0.000000|0.590402|0.000000|0.000000|0.000000|0.000000|0.000000|0.020647|0.000000|0.000000|0.354353,0.000000|0.000000|0.000000|0.000000|0.000000|0.034598|0.000000|0.000000|0.590402|0.000000|0.000000|0.000000|0.000000|0.000000|0.020647|0.000000|0.000000|0.354353
RL_LCE_Quest8_PruneQuant-20251030-202125,3600,wikitext,-2.0,10.0,-16.0,12.336419267678341,13.352813617908678,0.5227678609745843,0.6110491252371243,1.0,0.5,0.6110491204474654,1.0,0.200000|1.000000,0.000000|0.000000|0.000000|0.000000|0.000000|0.046875|0.000000|0.000000|0.549665|0.000000|0.000000|0.000000|0.000000|0.000000|0.008371|0.000000|0.000000|0.395089,0.000000|0.000000|0.000000|0.000000|0.000000|0.034598|0.000000|0.000000|0.590402|0.000000|0.000000|0.000000|0.000000|0.000000|0.020647|0.000000|0.000000|0.354353,0.000000|0.000000|0.000000|0.000000|0.000000|0.034598|0.000000|0.000000|0.590402|0.000000|0.000000|0.000000|0.000000|0.000000|0.020647|0.000000|0.000000|0.354353
RL_LCE_Quest8_PruneQuant-20251030-202125,3600,wikitext,-2.0,10.0,-12.0,12.343305351377735,13.348157338143505,0.5227678609745843,0.6110491252371243,0.9994419642857143,0.5,0.6110491204474654,0.9994419642857143,0.200000|1.000000,0.000000|0.000000|0.000000|0.000000|0.000000|0.047433|0.000000|0.000000|0.549107|0.000000|0.000000|0.000000|0.000000|0.000000|0.007812|0.000000|0.001116|0.394531,0.000000|0.000000|0.000000|0.000000|0.000000|0.034598|0.000000|0.001116|0.589286|0.000000|0.000000|0.000000|0.000000|0.000000|0.020647|0.000000|0.000000|0.354353,0.000000|0.000000|0.000000|0.000000|0.000000|0.034598|0.000000|0.001116|0.589286|0.000000|0.000000|0.000000|0.000000|0.000000|0.020647|0.000000|0.000000|0.354353
RL_LCE_Quest8_PruneQuant-20251030-202125,3600,wikitext,-2.0,10.0,-10.0,12.22505730914153,13.40040054883585,0.5232142887211272,0.6127232318477971,0.9729352678571429,0.5,0.6127232259937695,0.9729352678571429,0.200000|1.000000,0.000000|0.000000|0.000000|0.000000|0.018973|0.036272|0.000000|0.010603|0.530134|0.000000|0.000000|0.000000|0.000000|0.000000|0.008371|0.000000|0.024554|0.371094,0.000000|0.000000|0.000000|0.000000|0.000000|0.040737|0.000000|0.033482|0.550781|0.000000|0.000000|0.000000|0.000000|0.000000|0.022879|0.000000|0.020647|0.331473,0.000000|0.000000|0.000000|0.000000|0.000000|0.040737|0.000000|0.033482|0.550781|0.000000|0.000000|0.000000|0.000000|0.000000|0.022879|0.000000|0.020647|0.331473
RL_LCE_Quest8_PruneQuant-20251030-202125,3600,wikitext,-2.0,10.0,0.0,12.033007031670948,13.07994052639663,0.5013392868318728,0.6407366331134524,0.5,0.5,0.6407366517399039,0.5,0.200000|1.000000,0.000000|0.000000|0.000000|0.000000|0.169085|0.000000|0.000000|0.454241|0.000000|0.000000|0.000000|0.000000|0.000000|0.034598|0.000000|0.000000|0.342076|0.000000,0.000000|0.000000|0.000000|0.000000|0.128348|0.000000|0.000000|0.496652|0.000000|0.000000|0.000000|0.000000|0.000000|0.075335|0.000000|0.000000|0.299665|0.000000,0.000000|0.000000|0.000000|0.000000|0.128348|0.000000|0.000000|0.496652|0.000000|0.000000|0.000000|0.000000|0.000000|0.075335|0.000000|0.000000|0.299665|0.000000
RL_LCE_Quest8_PruneQuant-20251030-202125,3600,wikitext,-2.0,10.0,10.0,12.033007031670948,13.07994052639663,0.5013392868318728,0.6407366331134524,0.5,0.5,0.6407366517399039,0.5,0.200000|1.000000,0.000000|0.000000|0.000000|0.000000|0.169085|0.000000|0.000000|0.454241|0.000000|0.000000|0.000000|0.000000|0.000000|0.034598|0.000000|0.000000|0.342076|0.000000,0.000000|0.000000|0.000000|0.000000|0.128348|0.000000|0.000000|0.496652|0.000000|0.000000|0.000000|0.000000|0.000000|0.075335|0.000000|0.000000|0.299665|0.000000,0.000000|0.000000|0.000000|0.000000|0.128348|0.000000|0.000000|0.496652|0.000000|0.000000|0.000000|0.000000|0.000000|0.075335|0.000000|0.000000|0.299665|0.000000
RL_LCE_Quest8_PruneQuant-20251030-202125,3600,wikitext,-2.0,10.0,20.0,12.033007031670948,13.07994052639663,0.5013392868318728,0.6407366331134524,0.5,0.5,0.6407366517399039,0.5,0.200000|1.000000,0.000000|0.000000|0.000000|0.000000|0.169085|0.000000|0.000000|0.454241|0.000000|0.000000|0.000000|0.000000|0.000000|0.034598|0.000000|0.000000|0.342076|0.000000,0.000000|0.000000|0.000000|0.000000|0.128348|0.000000|0.000000|0.496652|0.000000|0.000000|0.000000|0.000000|0.000000|0.075335|0.000000|0.000000|0.299665|0.000000,0.000000|0.000000|0.000000|0.000000|0.128348|0.000000|0.000000|0.496652|0.000000|0.000000|0.000000|0.000000|0.000000|0.075335|0.000000|0.000000|0.299665|0.000000
RL_LCE_Quest8_PruneQuant-20251030-202125,3600,wikitext,-2.0,10.0,60.0,12.969101938176046,13.838317934101523,0.5334821449858802,0.6366071669118745,0.48897879464285715,0.550000011920929,0.636607187134879,0.48897879464285715,0.200000|1.000000,0.000000|0.000000|0.000000|0.000000|0.148996|0.000000|0.000558|0.433594|0.000000|0.000000|0.000000|0.000000|0.000000|0.034040|0.000000|0.043527|0.339286|0.000000,0.000000|0.000000|0.000000|0.000558|0.107143|0.000000|0.021763|0.433036|0.000000|0.000000|0.000000|0.000000|0.000000|0.075335|0.000000|0.021763|0.340402|0.000000,0.000000|0.000000|0.000000|0.000558|0.107143|0.000000|0.021763|0.433036|0.000000|0.000000|0.000000|0.000000|0.000000|0.075335|0.000000|0.021763|0.340402|0.000000
RL_LCE_Quest8_PruneQuant-20251030-202125,3600,wikitext,-2.0,10.0,64.0,38.38780977264375,35.53265059762654,0.8611607147114617,0.6062500232032367,0.34486607142857145,0.8500000238418579,0.6062500178813934,0.34486607142857145,0.200000|1.000000,0.000000|0.000000|0.000000|0.000000|0.023438|0.000000|0.030134|0.119978|0.000000|0.000000|0.000000|0.000000|0.000000|0.007812|0.000000|0.590402|0.228237|0.000000,0.000000|0.000000|0.000000|0.000000|0.000000|0.000000|0.112165|0.075335|0.000000|0.000000|0.000000|0.000000|0.018973|0.012277|0.000000|0.489397|0.291853|0.000000,0.000000|0.000000|0.000000|0.000000|0.000000|0.000000|0.112165|0.075335|0.000000|0.000000|0.000000|0.000000|0.018973|0.012277|0.000000|0.489397|0.291853|0.000000
RL_LCE_Quest8_PruneQuant-20251030-202125,3600,wikitext,-2.0,0.0,-20.0,10.952357035695274,12.12484552369497,0.5245535740894931,0.7344866224697658,1.0,0.5,0.7344866336456367,1.0,0.200000|1.000000,0.000000|0.000000|0.000000|0.000000|0.000000|0.412946|0.000000|0.000000|0.181362|0.000000|0.000000|0.000000|0.000000|0.000000|0.259487|0.000000|0.000000|0.146205,0.000000|0.000000|0.000000|0.000000|0.000000|0.422433|0.000000|0.000000|0.202567|0.000000|0.000000|0.000000|0.000000|0.000000|0.250000|0.000000|0.000000|0.125000,0.000000|0.000000|0.000000|0.000000|0.000000|0.422433|0.000000|0.000000|0.202567|0.000000|0.000000|0.000000|0.000000|0.000000|0.250000|0.000000|0.000000|0.125000
RL_LCE_Quest8_PruneQuant-20251030-202125,3600,wikitext,-2.0,0.0,-16.0,10.952357035695274,12.12484552369497,0.5245535740894931,0.7344866224697658,1.0,0.5,0.7344866336456367,1.0,0.200000|1.000000,0.000000|0.000000|0.000000|0.000000|0.000000|0.412946|0.000000|0.000000|0.181362|0.000000|0.000000|0.000000|0.000000|0.000000|0.259487|0.000000|0.000000|0.146205,0.000000|0.000000|0.000000|0.000000|0.000000|0.422433|0.000000|0.000000|0.202567|0.000000|0.000000|0.000000|0.000000|0.000000|0.250000|0.000000|0.000000|0.125000,0.000000|0.000000|0.000000|0.000000|0.000000|0.422433|0.000000|0.000000|0.202567|0.000000|0.000000|0.000000|0.000000|0.000000|0.250000|0.000000|0.000000|0.125000
RL_LCE_Quest8_PruneQuant-20251030-202125,3600,wikitext,-2.0,0.0,-12.0,10.938614100821836,12.186743618441355,0.5245535740894931,0.7347098360104221,0.9997209821428571,0.5,0.7347098477184772,0.9997209821428571,0.200000|1.000000,0.000000|0.000000|0.000000|0.000000|0.000558|0.413504|0.000000|0.000000|0.180246|0.000000|0.000000|0.000000|0.000000|0.000000|0.259487|0.000000|0.000000|0.146205,0.000000|0.000000|0.000000|0.000000|0.000000|0.426339|0.000000|0.000000|0.198661|0.000000|0.000000|0.000000|0.000000|0.000000|0.247210|0.000000|0.000558|0.127232,0.000000|0.000000|0.000000|0.000000|0.000000|0.426339|0.000000|0.000000|0.198661|0.000000|0.000000|0.000000|0.000000|0.000000|0.247210|0.000000|0.000558|0.127232
RL_LCE_Quest8_PruneQuant-20251030-202125,3600,wikitext,-2.0,0.0,-10.0,11.107772508725157,12.146008023168427,0.5254464325095926,0.7185268072145325,0.9020647321428571,0.550000011920929,0.7185267923133714,0.9020647321428571,0.200000|1.000000,0.000000|0.000000|0.000000|0.000000|0.184152|0.173549|0.000000|0.001116|0.234375|0.000000|0.000000|0.000000|0.000000|0.000000|0.234933|0.000000|0.010603|0.161272,0.000000|0.000000|0.000000|0.000000|0.064732|0.271763|0.000000|0.043527|0.182478|0.000000|0.000000|0.000000|0.000000|0.055246|0.200893|0.000000|0.032366|0.148996,0.000000|0.000000|0.000000|0.000000|0.064732|0.271763|0.000000|0.043527|0.182478|0.000000|0.000000|0.000000|0.000000|0.055246|0.200893|0.000000|0.032366|0.148996
RL_LCE_Quest8_PruneQuant-20251030-202125,3600,wikitext,-2.0,0.0,0.0,11.230087273478027,12.438379709022975,0.5013392872310111,0.7233259129737105,0.5,0.5,0.7233259124415261,0.5,0.200000|1.000000,0.000000|0.000000|0.000000|0.000000|0.433036|0.000000|0.000000|0.190290|0.000000|0.000000|0.000000|0.000000|0.000000|0.183594|0.000000|0.000000|0.193080|0.000000,0.000000|0.000000|0.000000|0.000000|0.399554|0.000000|0.000000|0.225446|0.000000|0.000000|0.000000|0.000000|0.000000|0.217076|0.000000|0.000000|0.157924|0.000000,0.000000|0.000000|0.000000|0.000000|0.399554|0.000000|0.000000|0.225446|0.000000|0.000000|0.000000|0.000000|0.000000|0.217076|0.000000|0.000000|0.157924|0.000000
RL_LCE_Quest8_PruneQuant-20251030-202125,3600,wikitext,-2.0,0.0,10.0,11.230087273478027,12.438379709022975,0.5013392872310111,0.7233259129737105,0.5,0.5,0.7233259124415261,0.5,0.200000|1.000000,0.000000|0.000000|0.000000|0.000000|0.433036|0.000000|0.000000|0.190290|0.000000|0.000000|0.000000|0.000000|0.000000|0.183594|0.000000|0.000000|0.193080|0.000000,0.000000|0.000000|0.000000|0.000000|0.399554|0.000000|0.000000|0.225446|0.000000|0.000000|0.000000|0.000000|0.000000|0.217076|0.000000|0.000000|0.157924|0.000000,0.000000|0.000000|0.000000|0.000000|0.399554|0.000000|0.000000|0.225446|0.000000|0.000000|0.000000|0.000000|0.000000|0.217076|0.000000|0.000000|0.157924|0.000000
RL_LCE_Quest8_PruneQuant-20251030-202125,3600,wikitext,-2.0,0.0,20.0,11.230087273478027,12.438379709022975,0.5013392872310111,0.7233259129737105,0.5,0.5,0.7233259124415261,0.5,0.200000|1.000000,0.000000|0.000000|0.000000|0.000000|0.433036|0.000000|0.000000|0.190290|0.000000|0.000000|0.000000|0.000000|0.000000|0.183594|0.000000|0.000000|0.193080|0.000000,0.000000|0.000000|0.000000|0.000000|0.399554|0.000000|0.000000|0.225446|0.000000|0.000000|0.000000|0.000000|0.000000|0.217076|0.000000|0.000000|0.157924|0.000000,0.000000|0.000000|0.000000|0.000000|0.399554|0.000000|0.000000|0.225446|0.000000|0.000000|0.000000|0.000000|0.000000|0.217076|0.000000|0.000000|0.157924|0.000000
RL_LCE_Quest8_PruneQuant-20251030-202125,3600,wikitext,-2.0,0.0,60.0,11.25361234121987,12.558691132682533,0.5031250015433345,0.7231026978365013,0.4994419642857143,0.5,0.723102697304317,0.4994419642857143,0.200000|1.000000,0.000000|0.000000|0.000000|0.000000|0.431362|0.000000|0.000000|0.189732|0.000000|0.000000|0.000000|0.000000|0.000558|0.183594|0.000000|0.001674|0.193080|0.000000,0.000000|0.000000|0.000000|0.000558|0.396763|0.000000|0.000558|0.227121|0.000000|0.000000|0.000000|0.000000|0.000000|0.218192|0.000000|0.001116|0.155692|0.000000,0.000000|0.000000|0.000000|0.000558|0.396763|0.000000|0.000558|0.227121|0.000000|0.000000|0.000000|0.000000|0.000000|0.218192|0.000000|0.001116|0.155692|0.000000
RL_LCE_Quest8_PruneQuant-20251030-202125,3600,wikitext,-2.0,0.0,64.0,12.00869031204145,12.80370949241905,0.5312500026609216,0.7244419828057289,0.4892578125,0.550000011920929,0.7244419865310192,0.4892578125,0.200000|1.000000,0.000000|0.000000|0.000000|0.000000|0.416853|0.000000|0.000000|0.169085|0.000000|0.000000|0.000000|0.000000|0.025670|0.179688|0.000000|0.017299|0.191406|0.000000,0.000000|0.000000|0.000000|0.011719|0.339286|0.000000|0.011719|0.199777|0.000000|0.000000|0.000000|0.000000|0.007812|0.263393|0.000000|0.011719|0.154576|0.000000,0.000000|0.000000|0.000000|0.011719|0.339286|0.000000|0.011719|0.199777|0.000000|0.000000|0.000000|0.000000|0.007812|0.263393|0.000000|0.011719|0.154576|0.000000
RL_LCE_Quest8_PruneQuant-20251030-202125,3600,wikitext,-2.0,5.0,-20.0,11.678257675361253,12.988113567226748,0.5223214317645345,0.6570312774607113,1.0,0.5,0.6570312790572643,1.0,0.200000|1.000000,0.000000|0.000000|0.000000|0.000000|0.000000|0.231027|0.000000|0.000000|0.366071|0.000000|0.000000|0.000000|0.000000|0.000000|0.054129|0.000000|0.000000|0.348772,0.000000|0.000000|0.000000|0.000000|0.000000|0.183594|0.000000|0.000000|0.441406|0.000000|0.000000|0.000000|0.000000|0.000000|0.101562|0.000000|0.000000|0.273438,0.000000|0.000000|0.000000|0.000000|0.000000|0.183594|0.000000|0.000000|0.441406|0.000000|0.000000|0.000000|0.000000|0.000000|0.101562|0.000000|0.000000|0.273438
RL_LCE_Quest8_PruneQuant-20251030-202125,3600,wikitext,-2.0,5.0,-16.0,11.678257675361253,12.988113567226748,0.5223214317645345,0.6570312774607113,1.0,0.5,0.6570312790572643,1.0,0.200000|1.000000,0.000000|0.000000|0.000000|0.000000|0.000000|0.231027|0.000000|0.000000|0.366071|0.000000|0.000000|0.000000|0.000000|0.000000|0.054129|0.000000|0.000000|0.348772,0.000000|0.000000|0.000000|0.000000|0.000000|0.183594|0.000000|0.000000|0.441406|0.000000|0.000000|0.000000|0.000000|0.000000|0.101562|0.000000|0.000000|0.273438,0.000000|0.000000|0.000000|0.000000|0.000000|0.183594|0.000000|0.000000|0.441406|0.000000|0.000000|0.000000|0.000000|0.000000|0.101562|0.000000|0.000000|0.273438
RL_LCE_Quest8_PruneQuant-20251030-202125,3600,wikitext,-2.0,5.0,-12.0,11.741151445139215,12.989925651432703,0.5223214317645345,0.6568080623235021,0.9997209821428571,0.5,0.6568080649844238,0.9997209821428571,0.200000|1.000000,0.000000|0.000000|0.000000|0.000000|0.000000|0.230469|0.000000|0.000000|0.366629|0.000000|0.000000|0.000000|0.000000|0.000000|0.053571|0.000000|0.000558|0.348772,0.000000|0.000000|0.000000|0.000000|0.000000|0.178013|0.000000|0.000000|0.446987|0.000000|0.000000|0.000000|0.000000|0.000000|0.106027|0.000000|0.000558|0.268415,0.000000|0.000000|0.000000|0.000000|0.000000|0.178013|0.000000|0.000000|0.446987|0.000000|0.000000|0.000000|0.000000|0.000000|0.106027|0.000000|0.000558|0.268415
RL_LCE_Quest8_PruneQuant-20251030-202125,3600,wikitext,-2.0,5.0,-10.0,11.767388644166495,13.159559300072436,0.5245535747547235,0.6533482388726303,0.9263392857142857,0.5,0.6533482468553952,0.9263392857142857,0.200000|1.000000,0.000000|0.000000|0.000000|0.000000|0.115513|0.105469|0.000000|0.007812|0.365513|0.000000|0.000000|0.000000|0.000000|0.000000|0.045759|0.000000|0.023996|0.335938,0.000000|0.000000|0.000000|0.000000|0.024554|0.141741|0.000000|0.053013|0.405692|0.000000|0.000000|0.000000|0.000000|0.015625|0.084821|0.000000|0.054129|0.220424,0.000000|0.000000|0.000000|0.000000|0.024554|0.141741|0.000000|0.053013|0.405692|0.000000|0.000000|0.000000|0.000000|0.015625|0.084821|0.000000|0.054129|0.220424
RL_LCE_Quest8_PruneQuant-20251030-202125,3600,wikitext,-2.0,5.0,0.0,11.458772345309564,12.858305633633261,0.5013392868318728,0.6829241280044828,0.5,0.5,0.6829241226826396,0.5,0.200000|1.000000,0.000000|0.000000|0.000000|0.000000|0.339844|0.000000|0.000000|0.283482|0.000000|0.000000|0.000000|0.000000|0.000000|0.074777|0.000000|0.000000|0.301897|0.000000,0.000000|0.000000|0.000000|0.000000|0.310826|0.000000|0.000000|0.314174|0.000000|0.000000|0.000000|0.000000|0.000000|0.103795|0.000000|0.000000|0.271205|0.000000,0.000000|0.000000|0.000000|0.000000|0.310826|0.000000|0.000000|0.314174|0.000000|0.000000|0.000000|0.000000|0.000000|0.103795|0.000000|0.000000|0.271205|0.000000
RL_LCE_Quest8_PruneQuant-20251030-202125,3600,wikitext,-2.0,5.0,10.0,11.458772345309564,12.858305633633261,0.5013392868318728,0.6829241280044828,0.5,0.5,0.6829241226826396,0.5,0.200000|1.000000,0.000000|0.000000|0.000000|0.000000|0.339844|0.000000|0.000000|0.283482|0.000000|0.000000|0.000000|0.000000|0.000000|0.074777|0.000000|0.000000|0.301897|0.000000,0.000000|0.000000|0.000000|0.000000|0.310826|0.000000|0.000000|0.314174|0.000000|0.000000|0.000000|0.000000|0.000000|0.103795|0.000000|0.000000|0.271205|0.000000,0.000000|0.000000|0.000000|0.000000|0.310826|0.000000|0.000000|0.314174|0.000000|0.000000|0.000000|0.000000|0.000000|0.103795|0.000000|0.000000|0.271205|0.000000
RL_LCE_Quest8_PruneQuant-20251030-202125,3600,wikitext,-2.0,5.0,20.0,11.458772345309564,12.858305633633261,0.5013392868318728,0.6829241280044828,0.5,0.5,0.6829241226826396,0.5,0.200000|1.000000,0.000000|0.000000|0.000000|0.000000|0.339844|0.000000|0.000000|0.283482|0.000000|0.000000|0.000000|0.000000|0.000000|0.074777|0.000000|0.000000|0.301897|0.000000,0.000000|0.000000|0.000000|0.000000|0.310826|0.000000|0.000000|0.314174|0.000000|0.000000|0.000000|0.000000|0.000000|0.103795|0.000000|0.000000|0.271205|0.000000,0.000000|0.000000|0.000000|0.000000|0.310826|0.000000|0.000000|0.314174|0.000000|0.000000|0.000000|0.000000|0.000000|0.103795|0.000000|0.000000|0.271205|0.000000
RL_LCE_Quest8_PruneQuant-20251030-202125,3600,wikitext,-2.0,5.0,60.0,11.517270094820777,12.889736333313149,0.5031250011441963,0.6827009128672736,0.4994419642857143,0.5,0.6827009091419833,0.4994419642857143,0.200000|1.000000,0.000000|0.000000|0.000000|0.000000|0.338728|0.000000|0.000000|0.282366|0.000000|0.000000|0.000000|0.000000|0.000000|0.074777|0.000000|0.002232|0.301897|0.000000,0.000000|0.000000|0.000000|0.001116|0.311942|0.000000|0.000000|0.311942|0.000000|0.000000|0.000000|0.000000|0.000558|0.099888|0.000000|0.000558|0.273996|0.000000,0.000000|0.000000|0.000000|0.001116|0.311942|0.000000|0.000000|0.311942|0.000000|0.000000|0.000000|0.000000|0.000558|0.099888|0.000000|0.000558|0.273996|0.000000
RL_LCE_Quest8_PruneQuant-20251030-202125,3600,wikitext,-2.0,5.0,64.0,11.871268794280796,13.055329335071445,0.517857144719788,0.6814732344022819,0.49483816964285715,0.5,0.6814732344022819,0.49483816964285715,0.200000|1.000000,0.000000|0.000000|0.000000|0.000000|0.332589|0.000000|0.000000|0.270089|0.000000|0.000000|0.000000|0.000000|0.000000|0.074777|0.000000|0.020647|0.301897|0.000000,0.000000|0.000000|0.000000|0.006696|0.316406|0.000000|0.006138|0.295759|0.000000|0.000000|0.000000|0.000000|0.002232|0.082031|0.000000|0.005580|0.285156|0.000000,0.000000|0.000000|0.000000|0.006696|0.316406|0.000000|0.006138|0.295759|0.000000|0.000000|0.000000|0.000000|0.002232|0.082031|0.000000|0.005580|0.285156|0.000000
RL_LCE_Quest8_PruneQuant-20251030-202125,3600,wikitext,-2.0,10.0,-20.0,12.336419267678341,13.352813617908678,0.5227678609745843,0.6110491252371243,1.0,0.5,0.6110491204474654,1.0,0.200000|1.000000,0.000000|0.000000|0.000000|0.000000|0.000000|0.046875|0.000000|0.000000|0.549665|0.000000|0.000000|0.000000|0.000000|0.000000|0.008371|0.000000|0.000000|0.395089,0.000000|0.000000|0.000000|0.000000|0.000000|0.034598|0.000000|0.000000|0.590402|0.000000|0.000000|0.000000|0.000000|0.000000|0.020647|0.000000|0.000000|0.354353,0.000000|0.000000|0.000000|0.000000|0.000000|0.034598|0.000000|0.000000|0.590402|0.000000|0.000000|0.000000|0.000000|0.000000|0.020647|0.000000|0.000000|0.354353
RL_LCE_Quest8_PruneQuant-20251030-202125,3600,wikitext,-2.0,10.0,-16.0,12.336419267678341,13.352813617908678,0.5227678609745843,0.6110491252371243,1.0,0.5,0.6110491204474654,1.0,0.200000|1.000000,0.000000|0.000000|0.000000|0.000000|0.000000|0.046875|0.000000|0.000000|0.549665|0.000000|0.000000|0.000000|0.000000|0.000000|0.008371|0.000000|0.000000|0.395089,0.000000|0.000000|0.000000|0.000000|0.000000|0.034598|0.000000|0.000000|0.590402|0.000000|0.000000|0.000000|0.000000|0.000000|0.020647|0.000000|0.000000|0.354353,0.000000|0.000000|0.000000|0.000000|0.000000|0.034598|0.000000|0.000000|0.590402|0.000000|0.000000|0.000000|0.000000|0.000000|0.020647|0.000000|0.000000|0.354353
RL_LCE_Quest8_PruneQuant-20251030-202125,3600,wikitext,-2.0,10.0,-12.0,12.343305351377735,13.348157338143505,0.5227678609745843,0.6110491252371243,0.9994419642857143,0.5,0.6110491204474654,0.9994419642857143,0.200000|1.000000,0.000000|0.000000|0.000000|0.000000|0.000000|0.047433|0.000000|0.000000|0.549107|0.000000|0.000000|0.000000|0.000000|0.000000|0.007812|0.000000|0.001116|0.394531,0.000000|0.000000|0.000000|0.000000|0.000000|0.034598|0.000000|0.001116|0.589286|0.000000|0.000000|0.000000|0.000000|0.000000|0.020647|0.000000|0.000000|0.354353,0.000000|0.000000|0.000000|0.000000|0.000000|0.034598|0.000000|0.001116|0.589286|0.000000|0.000000|0.000000|0.000000|0.000000|0.020647|0.000000|0.000000|0.354353
RL_LCE_Quest8_PruneQuant-20251030-202125,3600,wikitext,-2.0,10.0,-10.0,12.22505730914153,13.40040054883585,0.5232142887211272,0.6127232318477971,0.9729352678571429,0.5,0.6127232259937695,0.9729352678571429,0.200000|1.000000,0.000000|0.000000|0.000000|0.000000|0.018973|0.036272|0.000000|0.010603|0.530134|0.000000|0.000000|0.000000|0.000000|0.000000|0.008371|0.000000|0.024554|0.371094,0.000000|0.000000|0.000000|0.000000|0.000000|0.040737|0.000000|0.033482|0.550781|0.000000|0.000000|0.000000|0.000000|0.000000|0.022879|0.000000|0.020647|0.331473,0.000000|0.000000|0.000000|0.000000|0.000000|0.040737|0.000000|0.033482|0.550781|0.000000|0.000000|0.000000|0.000000|0.000000|0.022879|0.000000|0.020647|0.331473
RL_LCE_Quest8_PruneQuant-20251030-202125,3600,wikitext,-2.0,10.0,0.0,12.033007031670948,13.07994052639663,0.5013392868318728,0.6407366331134524,0.5,0.5,0.6407366517399039,0.5,0.200000|1.000000,0.000000|0.000000|0.000000|0.000000|0.169085|0.000000|0.000000|0.454241|0.000000|0.000000|0.000000|0.000000|0.000000|0.034598|0.000000|0.000000|0.342076|0.000000,0.000000|0.000000|0.000000|0.000000|0.128348|0.000000|0.000000|0.496652|0.000000|0.000000|0.000000|0.000000|0.000000|0.075335|0.000000|0.000000|0.299665|0.000000,0.000000|0.000000|0.000000|0.000000|0.128348|0.000000|0.000000|0.496652|0.000000|0.000000|0.000000|0.000000|0.000000|0.075335|0.000000|0.000000|0.299665|0.000000
RL_LCE_Quest8_PruneQuant-20251030-202125,3600,wikitext,-2.0,10.0,10.0,12.033007031670948,13.07994052639663,0.5013392868318728,0.6407366331134524,0.5,0.5,0.6407366517399039,0.5,0.200000|1.000000,0.000000|0.000000|0.000000|0.000000|0.169085|0.000000|0.000000|0.454241|0.000000|0.000000|0.000000|0.000000|0.000000|0.034598|0.000000|0.000000|0.342076|0.000000,0.000000|0.000000|0.000000|0.000000|0.128348|0.000000|0.000000|0.496652|0.000000|0.000000|0.000000|0.000000|0.000000|0.075335|0.000000|0.000000|0.299665|0.000000,0.000000|0.000000|0.000000|0.000000|0.128348|0.000000|0.000000|0.496652|0.000000|0.000000|0.000000|0.000000|0.000000|0.075335|0.000000|0.000000|0.299665|0.000000
RL_LCE_Quest8_PruneQuant-20251030-202125,3600,wikitext,-2.0,10.0,20.0,12.033007031670948,13.07994052639663,0.5013392868318728,0.6407366331134524,0.5,0.5,0.6407366517399039,0.5,0.200000|1.000000,0.000000|0.000000|0.000000|0.000000|0.169085|0.000000|0.000000|0.454241|0.000000|0.000000|0.000000|0.000000|0.000000|0.034598|0.000000|0.000000|0.342076|0.000000,0.000000|0.000000|0.000000|0.000000|0.128348|0.000000|0.000000|0.496652|0.000000|0.000000|0.000000|0.000000|0.000000|0.075335|0.000000|0.000000|0.299665|0.000000,0.000000|0.000000|0.000000|0.000000|0.128348|0.000000|0.000000|0.496652|0.000000|0.000000|0.000000|0.000000|0.000000|0.075335|0.000000|0.000000|0.299665|0.000000
RL_LCE_Quest8_PruneQuant-20251030-202125,3600,wikitext,-2.0,10.0,60.0,12.969101938176046,13.838317934101523,0.5334821449858802,0.6366071669118745,0.48897879464285715,0.550000011920929,0.636607187134879,0.48897879464285715,0.200000|1.000000,0.000000|0.000000|0.000000|0.000000|0.148996|0.000000|0.000558|0.433594|0.000000|0.000000|0.000000|0.000000|0.000000|0.034040|0.000000|0.043527|0.339286|0.000000,0.000000|0.000000|0.000000|0.000558|0.107143|0.000000|0.021763|0.433036|0.000000|0.000000|0.000000|0.000000|0.000000|0.075335|0.000000|0.021763|0.340402|0.000000,0.000000|0.000000|0.000000|0.000558|0.107143|0.000000|0.021763|0.433036|0.000000|0.000000|0.000000|0.000000|0.000000|0.075335|0.000000|0.021763|0.340402|0.000000
RL_LCE_Quest8_PruneQuant-20251030-202125,3600,wikitext,-2.0,10.0,64.0,38.38780977264375,35.53265059762654,0.8611607147114617,0.6062500232032367,0.34486607142857145,0.8500000238418579,0.6062500178813934,0.34486607142857145,0.200000|1.000000,0.000000|0.000000|0.000000|0.000000|0.023438|0.000000|0.030134|0.119978|0.000000|0.000000|0.000000|0.000000|0.000000|0.007812|0.000000|0.590402|0.228237|0.000000,0.000000|0.000000|0.000000|0.000000|0.000000|0.000000|0.112165|0.075335|0.000000|0.000000|0.000000|0.000000|0.018973|0.012277|0.000000|0.489397|0.291853|0.000000,0.000000|0.000000|0.000000|0.000000|0.000000|0.000000|0.112165|0.075335|0.000000|0.000000|0.000000|0.000000|0.018973|0.012277|0.000000|0.489397|0.291853|0.000000
RL_LCE_Quest8_PruneQuant-20251030-202125,3600,wikitext,0.0,-50.0,-20.0,10.789327786768215,11.213648993019108,0.38705357403627466,1.0,1.0,0.4000000059604645,1.0,1.0,0.200000|1.000000,0.000000|0.000000|0.766183|0.000000|0.000000|0.000000|0.000000|0.000000|0.000000|0.000000|0.000000|0.233817|0.000000|0.000000|0.000000|0.000000|0.000000|0.000000,0.000000|0.000000|0.750000|0.000000|0.000000|0.000000|0.000000|0.000000|0.000000|0.000000|0.000000|0.250000|0.000000|0.000000|0.000000|0.000000|0.000000|0.000000,0.000000|0.000000|0.750000|0.000000|0.000000|0.000000|0.000000|0.000000|0.000000|0.000000|0.000000|0.250000|0.000000|0.000000|0.000000|0.000000|0.000000|0.000000
RL_LCE_Quest8_PruneQuant-20251030-202125,3600,wikitext,0.0,-50.0,-16.0,10.789327786768215,11.213648993019108,0.38705357403627466,1.0,1.0,0.4000000059604645,1.0,1.0,0.200000|1.000000,0.000000|0.000000|0.766183|0.000000|0.000000|0.000000|0.000000|0.000000|0.000000|0.000000|0.000000|0.233817|0.000000|0.000000|0.000000|0.000000|0.000000|0.000000,0.000000|0.000000|0.750000|0.000000|0.000000|0.000000|0.000000|0.000000|0.000000|0.000000|0.000000|0.250000|0.000000|0.000000|0.000000|0.000000|0.000000|0.000000,0.000000|0.000000|0.750000|0.000000|0.000000|0.000000|0.000000|0.000000|0.000000|0.000000|0.000000|0.250000|0.000000|0.000000|0.000000|0.000000|0.000000|0.000000
RL_LCE_Quest8_PruneQuant-20251030-202125,3600,wikitext,0.0,-50.0,-12.0,10.789327786768215,11.213648993019108,0.38705357403627466,1.0,1.0,0.4000000059604645,1.0,1.0,0.200000|1.000000,0.000000|0.000000|0.766183|0.000000|0.000000|0.000000|0.000000|0.000000|0.000000|0.000000|0.000000|0.233817|0.000000|0.000000|0.000000|0.000000|0.000000|0.000000,0.000000|0.000000|0.750000|0.000000|0.000000|0.000000|0.000000|0.000000|0.000000|0.000000|0.000000|0.250000|0.000000|0.000000|0.000000|0.000000|0.000000|0.000000,0.000000|0.000000|0.750000|0.000000|0.000000|0.000000|0.000000|0.000000|0.000000|0.000000|0.000000|0.250000|0.000000|0.000000|0.000000|0.000000|0.000000|0.000000
RL_LCE_Quest8_PruneQuant-20251030-202125,3600,wikitext,0.0,-50.0,-10.0,10.789327786768215,11.213648993019108,0.38705357403627466,1.0,1.0,0.4000000059604645,1.0,1.0,0.200000|1.000000,0.000000|0.000000|0.766183|0.000000|0.000000|0.000000|0.000000|0.000000|0.000000|0.000000|0.000000|0.233817|0.000000|0.000000|0.000000|0.000000|0.000000|0.000000,0.000000|0.000000|0.750000|0.000000|0.000000|0.000000|0.000000|0.000000|0.000000|0.000000|0.000000|0.250000|0.000000|0.000000|0.000000|0.000000|0.000000|0.000000,0.000000|0.000000|0.750000|0.000000|0.000000|0.000000|0.000000|0.000000|0.000000|0.000000|0.000000|0.250000|0.000000|0.000000|0.000000|0.000000|0.000000|0.000000
RL_LCE_Quest8_PruneQuant-20251030-202125,3600,wikitext,0.0,-50.0,0.0,10.53351356062488,11.009805362391553,0.4982142886146903,1.0,0.580078125,0.5,1.0,0.580078125,0.200000|1.000000,0.000000|0.467076|0.160156|0.000000|0.000000|0.000000|0.000000|0.000000|0.000000|0.000000|0.372768|0.000000|0.000000|0.000000|0.000000|0.000000|0.000000|0.000000,0.000000|0.523438|0.101562|0.000000|0.000000|0.000000|0.000000|0.000000|0.000000|0.000000|0.316406|0.058594|0.000000|0.000000|0.000000|0.000000|0.000000|0.000000,0.000000|0.523438|0.101562|0.000000|0.000000|0.000000|0.000000|0.000000|0.000000|0.000000|0.316406|0.058594|0.000000|0.000000|0.000000|0.000000|0.000000|0.000000
RL_LCE_Quest8_PruneQuant-20251030-202125,3600,wikitext,0.0,-50.0,10.0,10.55778855582965,11.34662338892627,0.5031250014102885,1.0,0.49986049107142855,0.5,1.0,0.49986049107142855,0.200000|1.000000,0.000558|0.620536|0.000000|0.000000|0.000000|0.000000|0.000000|0.000000|0.000000|0.000000|0.378906|0.000000|0.000000|0.000000|0.000000|0.000000|0.000000|0.000000,0.000000|0.625000|0.000000|0.000000|0.000000|0.000000|0.000000|0.000000|0.000000|0.000558|0.374442|0.000000|0.000000|0.000000|0.000000|0.000000|0.000000|0.000000,0.000000|0.625000|0.000000|0.000000|0.000000|0.000000|0.000000|0.000000|0.000000|0.000558|0.374442|0.000000|0.000000|0.000000|0.000000|0.000000|0.000000|0.000000
RL_LCE_Quest8_PruneQuant-20251030-202125,3600,wikitext,0.0,-50.0,20.0,74.17013731804903,67.89164282990501,0.36964286491274834,1.0,0.25,0.3500000014901161,1.0,0.25,0.200000|1.000000,0.787946|0.000000|0.000000|0.000000|0.000000|0.000000|0.000000|0.000000|0.000000|0.212054|0.000000|0.000000|0.000000|0.000000|0.000000|0.000000|0.000000|0.000000,0.812500|0.000000|0.000000|0.000000|0.000000|0.000000|0.000000|0.000000|0.000000|0.187500|0.000000|0.000000|0.000000|0.000000|0.000000|0.000000|0.000000|0.000000,0.812500|0.000000|0.000000|0.000000|0.000000|0.000000|0.000000|0.000000|0.000000|0.187500|0.000000|0.000000|0.000000|0.000000|0.000000|0.000000|0.000000|0.000000
RL_LCE_Quest8_PruneQuant-20251030-202125,3600,wikitext,0.0,-50.0,60.0,74.17013731804903,67.89164282990501,0.36964286491274834,1.0,0.25,0.3500000014901161,1.0,0.25,0.200000|1.000000,0.787946|0.000000|0.000000|0.000000|0.000000|0.000000|0.000000|0.000000|0.000000|0.212054|0.000000|0.000000|0.000000|0.000000|0.000000|0.000000|0.000000|0.000000,0.812500|0.000000|0.000000|0.000000|0.000000|0.000000|0.000000|0.000000|0.000000|0.187500|0.000000|0.000000|0.000000|0.000000|0.000000|0.000000|0.000000|0.000000,0.812500|0.000000|0.000000|0.000000|0.000000|0.000000|0.000000|0.000000|0.000000|0.187500|0.000000|0.000000|0.000000|0.000000|0.000000|0.000000|0.000000|0.000000
RL_LCE_Quest8_PruneQuant-20251030-202125,3600,wikitext,0.0,-50.0,64.0,74.17013731804903,67.89164282990501,0.36964286491274834,1.0,0.25,0.3500000014901161,1.0,0.25,0.200000|1.000000,0.787946|0.000000|0.000000|0.000000|0.000000|0.000000|0.000000|0.000000|0.000000|0.212054|0.000000|0.000000|0.000000|0.000000|0.000000|0.000000|0.000000|0.000000,0.812500|0.000000|0.000000|0.000000|0.000000|0.000000|0.000000|0.000000|0.000000|0.187500|0.000000|0.000000|0.000000|0.000000|0.000000|0.000000|0.000000|0.000000,0.812500|0.000000|0.000000|0.000000|0.000000|0.000000|0.000000|0.000000|0.000000|0.187500|0.000000|0.000000|0.000000|0.000000|0.000000|0.000000|0.000000|0.000000
RL_LCE_Quest8_PruneQuant-20251030-202125,3600,wikitext,0.0,-40.0,-20.0,10.787070211651061,11.23478834950238,0.38705357416932074,0.9983258928571429,1.0,0.4000000059604645,0.9983258944536958,1.0,0.200000|1.000000,0.000000|0.000000|0.766183|0.000000|0.000000|0.000000|0.000000|0.000000|0.000000|0.000000|0.000000|0.225446|0.000000|0.000000|0.008371|0.000000|0.000000|0.000000,0.000000|0.000000|0.743862|0.000000|0.000000|0.006138|0.000000|0.000000|0.000000|0.000000|0.000000|0.247768|0.000000|0.000000|0.002232|0.000000|0.000000|0.000000,0.000000|0.000000|0.743862|0.000000|0.000000|0.006138|0.000000|0.000000|0.000000|0.000000|0.000000|0.247768|0.000000|0.000000|0.002232|0.000000|0.000000|0.000000
RL_LCE_Quest8_PruneQuant-20251030-202125,3600,wikitext,0.0,-40.0,-16.0,10.787070211651061,11.23478834950238,0.38705357416932074,0.9983258928571429,1.0,0.4000000059604645,0.9983258944536958,1.0,0.200000|1.000000,0.000000|0.000000|0.766183|0.000000|0.000000|0.000000|0.000000|0.000000|0.000000|0.000000|0.000000|0.225446|0.000000|0.000000|0.008371|0.000000|0.000000|0.000000,0.000000|0.000000|0.743862|0.000000|0.000000|0.006138|0.000000|0.000000|0.000000|0.000000|0.000000|0.247768|0.000000|0.000000|0.002232|0.000000|0.000000|0.000000,0.000000|0.000000|0.743862|0.000000|0.000000|0.006138|0.000000|0.000000|0.000000|0.000000|0.000000|0.247768|0.000000|0.000000|0.002232|0.000000|0.000000|0.000000
RL_LCE_Quest8_PruneQuant-20251030-202125,3600,wikitext,0.0,-40.0,-12.0,10.787070211651061,11.23478834950238,0.38705357416932074,0.9983258928571429,1.0,0.4000000059604645,0.9983258944536958,1.0,0.200000|1.000000,0.000000|0.000000|0.766183|0.000000|0.000000|0.000000|0.000000|0.000000|0.000000|0.000000|0.000000|0.225446|0.000000|0.000000|0.008371|0.000000|0.000000|0.000000,0.000000|0.000000|0.743862|0.000000|0.000000|0.006138|0.000000|0.000000|0.000000|0.000000|0.000000|0.247768|0.000000|0.000000|0.002232|0.000000|0.000000|0.000000,0.000000|0.000000|0.743862|0.000000|0.000000|0.006138|0.000000|0.000000|0.000000|0.000000|0.000000|0.247768|0.000000|0.000000|0.002232|0.000000|0.000000|0.000000
RL_LCE_Quest8_PruneQuant-20251030-202125,3600,wikitext,0.0,-40.0,-10.0,10.787070211651061,11.23478834950238,0.38705357416932074,0.9983258928571429,1.0,0.4000000059604645,0.9983258944536958,1.0,0.200000|1.000000,0.000000|0.000000|0.766183|0.000000|0.000000|0.000000|0.000000|0.000000|0.000000|0.000000|0.000000|0.225446|0.000000|0.000000|0.008371|0.000000|0.000000|0.000000,0.000000|0.000000|0.743862|0.000000|0.000000|0.006138|0.000000|0.000000|0.000000|0.000000|0.000000|0.247768|0.000000|0.000000|0.002232|0.000000|0.000000|0.000000,0.000000|0.000000|0.743862|0.000000|0.000000|0.006138|0.000000|0.000000|0.000000|0.000000|0.000000|0.247768|0.000000|0.000000|0.002232|0.000000|0.000000|0.000000
RL_LCE_Quest8_PruneQuant-20251030-202125,3600,wikitext,0.0,-40.0,0.0,10.647276475642075,11.434818401679003,0.49910714463996037,0.9415178527789456,0.5574776785714286,0.5,0.94151785331113,0.5574776785714286,0.200000|1.000000,0.000000|0.256696|0.114955|0.000000|0.254464|0.000000|0.000000|0.000000|0.000000|0.000000|0.335938|0.000000|0.000000|0.037946|0.000000|0.000000|0.000000|0.000000,0.000000|0.384487|0.056362|0.000000|0.156250|0.027902|0.000000|0.000000|0.000000|0.000000|0.239397|0.027344|0.000000|0.104911|0.003348|0.000000|0.000000|0.000000,0.000000|0.384487|0.056362|0.000000|0.156250|0.027902|0.000000|0.000000|0.000000|0.000000|0.239397|0.027344|0.000000|0.104911|0.003348|0.000000|0.000000|0.000000
RL_LCE_Quest8_PruneQuant-20251030-202125,3600,wikitext,0.0,-40.0,10.0,10.674791685045788,11.464368815208264,0.5049107153234738,0.9450892806053162,0.4994419642857143,0.5,0.9450892784765789,0.4994419642857143,0.200000|1.000000,0.002232|0.373326|0.000000|0.000000|0.243304|0.000000|0.000000|0.000000|0.000000|0.000000|0.349888|0.000000|0.000000|0.031250|0.000000|0.000000|0.000000|0.000000,0.001116|0.451451|0.000000|0.000000|0.172433|0.000000|0.000000|0.000000|0.000000|0.001116|0.271763|0.000000|0.000000|0.102121|0.000000|0.000000|0.000000|0.000000,0.001116|0.451451|0.000000|0.000000|0.172433|0.000000|0.000000|0.000000|0.000000|0.001116|0.271763|0.000000|0.000000|0.102121|0.000000|0.000000|0.000000|0.000000
RL_LCE_Quest8_PruneQuant-20251030-202125,3600,wikitext,0.0,-40.0,20.0,66.54135677268029,62.9298169838968,0.3491071497223207,0.9918526826160294,0.2601841517857143,0.3500000014901161,0.9918526863413197,0.2601841517857143,0.200000|1.000000,0.779018|0.000000|0.000000|0.000000|0.034598|0.000000|0.000000|0.000000|0.000000|0.180246|0.000000|0.000000|0.000000|0.006138|0.000000|0.000000|0.000000|0.000000,0.746652|0.035714|0.000000|0.030134|0.000000|0.000000|0.000000|0.000000|0.000000|0.171875|0.005022|0.000000|0.010603|0.000000|0.000000|0.000000|0.000000|0.000000,0.746652|0.035714|0.000000|0.030134|0.000000|0.000000|0.000000|0.000000|0.000000|0.171875|0.005022|0.000000|0.010603|0.000000|0.000000|0.000000|0.000000|0.000000
RL_LCE_Quest8_PruneQuant-20251030-202125,3600,wikitext,0.0,-40.0,60.0,74.17013731804903,67.89164282990501,0.36964286491274834,1.0,0.25,0.3500000014901161,1.0,0.25,0.200000|1.000000,0.787946|0.000000|0.000000|0.000000|0.000000|0.000000|0.000000|0.000000|0.000000|0.212054|0.000000|0.000000|0.000000|0.000000|0.000000|0.000000|0.000000|0.000000,0.812500|0.000000|0.000000|0.000000|0.000000|0.000000|0.000000|0.000000|0.000000|0.187500|0.000000|0.000000|0.000000|0.000000|0.000000|0.000000|0.000000|0.000000,0.812500|0.000000|0.000000|0.000000|0.000000|0.000000|0.000000|0.000000|0.000000|0.187500|0.000000|0.000000|0.000000|0.000000|0.000000|0.000000|0.000000|0.000000
RL_LCE_Quest8_PruneQuant-20251030-202125,3600,wikitext,0.0,-40.0,64.0,74.17013731804903,67.89164282990501,0.36964286491274834,1.0,0.25,0.3500000014901161,1.0,0.25,0.200000|1.000000,0.787946|0.000000|0.000000|0.000000|0.000000|0.000000|0.000000|0.000000|0.000000|0.212054|0.000000|0.000000|0.000000|0.000000|0.000000|0.000000|0.000000|0.000000,0.812500|0.000000|0.000000|0.000000|0.000000|0.000000|0.000000|0.000000|0.000000|0.187500|0.000000|0.000000|0.000000|0.000000|0.000000|0.000000|0.000000|0.000000,0.812500|0.000000|0.000000|0.000000|0.000000|0.000000|0.000000|0.000000|0.000000|0.187500|0.000000|0.000000|0.000000|0.000000|0.000000|0.000000|0.000000|0.000000
RL_LCE_Quest8_PruneQuant-20251030-202125,3600,wikitext,0.0,-30.0,-20.0,10.700885027447017,11.456374694609615,0.48616071763847557,0.8776785763246673,1.0,0.5,0.8776785784534046,1.0,0.200000|1.000000,0.000000|0.000000|0.387277|0.000000|0.000000|0.255022|0.000000|0.000000|0.000000|0.000000|0.000000|0.001116|0.000000|0.000000|0.356585|0.000000|0.000000|0.000000,0.000000|0.000000|0.354353|0.000000|0.000000|0.270647|0.000000|0.000000|0.000000|0.000000|0.000000|0.034040|0.000000|0.000000|0.340960|0.000000|0.000000|0.000000,0.000000|0.000000|0.354353|0.000000|0.000000|0.270647|0.000000|0.000000|0.000000|0.000000|0.000000|0.034040|0.000000|0.000000|0.340960|0.000000|0.000000|0.000000
RL_LCE_Quest8_PruneQuant-20251030-202125,3600,wikitext,0.0,-30.0,-16.0,10.700885027447017,11.456374694609615,0.48616071763847557,0.8776785763246673,1.0,0.5,0.8776785784534046,1.0,0.200000|1.000000,0.000000|0.000000|0.387277|0.000000|0.000000|0.255022|0.000000|0.000000|0.000000|0.000000|0.000000|0.001116|0.000000|0.000000|0.356585|0.000000|0.000000|0.000000,0.000000|0.000000|0.354353|0.000000|0.000000|0.270647|0.000000|0.000000|0.000000|0.000000|0.000000|0.034040|0.000000|0.000000|0.340960|0.000000|0.000000|0.000000,0.000000|0.000000|0.354353|0.000000|0.000000|0.270647|0.000000|0.000000|0.000000|0.000000|0.000000|0.034040|0.000000|0.000000|0.340960|0.000000|0.000000|0.000000
RL_LCE_Quest8_PruneQuant-20251030-202125,3600,wikitext,0.0,-30.0,-12.0,10.700885027447017,11.456374694609615,0.48616071763847557,0.8776785763246673,1.0,0.5,0.8776785784534046,1.0,0.200000|1.000000,0.000000|0.000000|0.387277|0.000000|0.000000|0.255022|0.000000|0.000000|0.000000|0.000000|0.000000|0.001116|0.000000|0.000000|0.356585|0.000000|0.000000|0.000000,0.000000|0.000000|0.354353|0.000000|0.000000|0.270647|0.000000|0.000000|0.000000|0.000000|0.000000|0.034040|0.000000|0.000000|0.340960|0.000000|0.000000|0.000000,0.000000|0.000000|0.354353|0.000000|0.000000|0.270647|0.000000|0.000000|0.000000|0.000000|0.000000|0.034040|0.000000|0.000000|0.340960|0.000000|0.000000|0.000000
RL_LCE_Quest8_PruneQuant-20251030-202125,3600,wikitext,0.0,-30.0,-10.0,10.731532646227643,11.527718784654208,0.4843750045235668,0.8774553606552737,0.9729352678571429,0.5,0.877455364380564,0.9729352678571429,0.200000|1.000000,0.000000|0.000000|0.385045|0.000000|0.054129|0.205357|0.000000|0.000000|0.000000|0.000000|0.000000|0.002232|0.000000|0.000000|0.353237|0.000000|0.000000|0.000000,0.000000|0.019531|0.335379|0.000000|0.013951|0.256138|0.000000|0.000000|0.000000|0.000000|0.002232|0.030134|0.000000|0.018415|0.324219|0.000000|0.000000|0.000000,0.000000|0.019531|0.335379|0.000000|0.013951|0.256138|0.000000|0.000000|0.000000|0.000000|0.002232|0.030134|0.000000|0.018415|0.324219|0.000000|0.000000|0.000000
RL_LCE_Quest8_PruneQuant-20251030-202125,3600,wikitext,0.0,-30.0,0.0,10.855381993881489,11.596271148850175,0.49464286118745804,0.8018973326044423,0.5013950892857143,0.5,0.8018973315400737,0.5013950892857143,0.200000|1.000000,0.000000|0.003906|0.002790|0.000000|0.625000|0.000000|0.000000|0.000000|0.000000|0.000000|0.002790|0.000000|0.000000|0.365513|0.000000|0.000000|0.000000|0.000000,0.000000|0.006138|0.000000|0.000000|0.617188|0.001674|0.000000|0.000000|0.000000|0.000000|0.003348|0.000000|0.000000|0.370536|0.001116|0.000000|0.000000|0.000000,0.000000|0.006138|0.000000|0.000000|0.617188|0.001674|0.000000|0.000000|0.000000|0.000000|0.003348|0.000000|0.000000|0.370536|0.001116|0.000000|0.000000|0.000000
RL_LCE_Quest8_PruneQuant-20251030-202125,3600,wikitext,0.0,-30.0,10.0,10.893308662076373,11.613270321692232,0.4973214319241898,0.8023437602179391,0.49818638392857145,0.5,0.8023437596857548,0.49818638392857145,0.200000|1.000000,0.001116|0.001674|0.000000|0.000000|0.625558|0.000000|0.000000|0.000000|0.000000|0.006138|0.002790|0.000000|0.000000|0.362723|0.000000|0.000000|0.000000|0.000000,0.000000|0.007812|0.000000|0.003906|0.613281|0.000000|0.000000|0.000000|0.000000|0.000000|0.003906|0.000000|0.003348|0.367746|0.000000|0.000000|0.000000|0.000000,0.000000|0.007812|0.000000|0.003906|0.613281|0.000000|0.000000|0.000000|0.000000|0.000000|0.003906|0.000000|0.003348|0.367746|0.000000|0.000000|0.000000|0.000000
RL_LCE_Quest8_PruneQuant-20251030-202125,3600,wikitext,0.0,-30.0,20.0,13.774755586394843,15.039175283474739,0.533928577522082,0.8381696529686451,0.45228794642857145,0.550000011920929,0.8381696354065623,0.45228794642857145,0.200000|1.000000,0.081473|0.000000|0.000000|0.000000|0.501116|0.000000|0.000000|0.000000|0.000000|0.109375|0.000000|0.000000|0.000000|0.308036|0.000000|0.000000|0.000000|0.000000,0.031250|0.077009|0.000000|0.078683|0.375558|0.000000|0.000000|0.000000|0.000000|0.000000|0.082589|0.000000|0.080915|0.273996|0.000000|0.000000|0.000000|0.000000,0.031250|0.077009|0.000000|0.078683|0.375558|0.000000|0.000000|0.000000|0.000000|0.000000|0.082589|0.000000|0.080915|0.273996|0.000000|0.000000|0.000000|0.000000
RL_LCE_Quest8_PruneQuant-20251030-202125,3600,wikitext,0.0,-30.0,60.0,74.17013731804903,67.89164282990501,0.36964286491274834,1.0,0.25,0.3500000014901161,1.0,0.25,0.200000|1.000000,0.787946|0.000000|0.000000|0.000000|0.000000|0.000000|0.000000|0.000000|0.000000|0.212054|0.000000|0.000000|0.000000|0.000000|0.000000|0.000000|0.000000|0.000000,0.812500|0.000000|0.000000|0.000000|0.000000|0.000000|0.000000|0.000000|0.000000|0.187500|0.000000|0.000000|0.000000|0.000000|0.000000|0.000000|0.000000|0.000000,0.812500|0.000000|0.000000|0.000000|0.000000|0.000000|0.000000|0.000000|0.000000|0.187500|0.000000|0.000000|0.000000|0.000000|0.000000|0.000000|0.000000|0.000000
RL_LCE_Quest8_PruneQuant-20251030-202125,3600,wikitext,0.0,-30.0,64.0,74.17013731804903,67.89164282990501,0.36964286491274834,1.0,0.25,0.3500000014901161,1.0,0.25,0.200000|1.000000,0.787946|0.000000|0.000000|0.000000|0.000000|0.000000|0.000000|0.000000|0.000000|0.212054|0.000000|0.000000|0.000000|0.000000|0.000000|0.000000|0.000000|0.000000,0.812500|0.000000|0.000000|0.000000|0.000000|0.000000|0.000000|0.000000|0.000000|0.187500|0.000000|0.000000|0.000000|0.000000|0.000000|0.000000|0.000000|0.000000,0.812500|0.000000|0.000000|0.000000|0.000000|0.000000|0.000000|0.000000|0.000000|0.187500|0.000000|0.000000|0.000000|0.000000|0.000000|0.000000|0.000000|0.000000
RL_LCE_Quest8_PruneQuant-20251030-202125,3600,wikitext,0.0,20.0,-20.0,12.611362764566834,13.363063151601704,0.490178574940988,0.6002232379146984,1.0,0.5,0.6002232379146984,1.0,0.200000|1.000000,0.000000|0.000000|0.000000|0.000000|0.000000|0.000558|0.000000|0.000000|0.636719|0.000000|0.000000|0.000000|0.000000|0.000000|0.000558|0.000000|0.000000|0.362165,0.000000|0.000000|0.000000|0.000000|0.000000|0.000558|0.000000|0.000000|0.624442|0.000000|0.000000|0.000000|0.000000|0.000000|0.000558|0.000000|0.000000|0.374442,0.000000|0.000000|0.000000|0.000000|0.000000|0.000558|0.000000|0.000000|0.624442|0.000000|0.000000|0.000000|0.000000|0.000000|0.000558|0.000000|0.000000|0.374442
RL_LCE_Quest8_PruneQuant-20251030-202125,3600,wikitext,0.0,20.0,-16.0,12.611362764566834,13.363063151601704,0.490178574940988,0.6002232379146984,1.0,0.5,0.6002232379146984,1.0,0.200000|1.000000,0.000000|0.000000|0.000000|0.000000|0.000000|0.000558|0.000000|0.000000|0.636719|0.000000|0.000000|0.000000|0.000000|0.000000|0.000558|0.000000|0.000000|0.362165,0.000000|0.000000|0.000000|0.000000|0.000000|0.000558|0.000000|0.000000|0.624442|0.000000|0.000000|0.000000|0.000000|0.000000|0.000558|0.000000|0.000000|0.374442,0.000000|0.000000|0.000000|0.000000|0.000000|0.000558|0.000000|0.000000|0.624442|0.000000|0.000000|0.000000|0.000000|0.000000|0.000558|0.000000|0.000000|0.374442
RL_LCE_Quest8_PruneQuant-20251030-202125,3600,wikitext,0.0,20.0,-12.0,12.611362764566834,13.363063151601704,0.490178574940988,0.6002232379146984,1.0,0.5,0.6002232379146984,1.0,0.200000|1.000000,0.000000|0.000000|0.000000|0.000000|0.000000|0.000558|0.000000|0.000000|0.636719|0.000000|0.000000|0.000000|0.000000|0.000000|0.000558|0.000000|0.000000|0.362165,0.000000|0.000000|0.000000|0.000000|0.000000|0.000558|0.000000|0.000000|0.624442|0.000000|0.000000|0.000000|0.000000|0.000000|0.000558|0.000000|0.000000|0.374442,0.000000|0.000000|0.000000|0.000000|0.000000|0.000558|0.000000|0.000000|0.624442|0.000000|0.000000|0.000000|0.000000|0.000000|0.000558|0.000000|0.000000|0.374442
RL_LCE_Quest8_PruneQuant-20251030-202125,3600,wikitext,0.0,20.0,-10.0,12.569207830853442,13.355608165378596,0.49017857547317234,0.6002232379146984,0.9997209821428571,0.5,0.6002232379146984,0.9997209821428571,0.200000|1.000000,0.000000|0.000000|0.000000|0.000000|0.000000|0.000558|0.000000|0.000000|0.636719|0.000000|0.000000|0.000000|0.000000|0.000000|0.000558|0.000000|0.000558|0.361607,0.000000|0.000000|0.000000|0.000000|0.000000|0.000558|0.000000|0.000000|0.624442|0.000000|0.000000|0.000000|0.000000|0.000000|0.000558|0.000000|0.000558|0.373884,0.000000|0.000000|0.000000|0.000000|0.000000|0.000558|0.000000|0.000000|0.624442|0.000000|0.000000|0.000000|0.000000|0.000000|0.000558|0.000000|0.000558|0.373884
RL_LCE_Quest8_PruneQuant-20251030-202125,3600,wikitext,0.0,20.0,0.0,12.529815562252995,13.767070925179203,0.47410714586398434,0.6013393082789013,0.501953125,0.45000000298023224,0.6013393082789013,0.501953125,0.200000|1.000000,0.000000|0.000000|0.000000|0.000000|0.003906|0.000000|0.000000|0.653460|0.000000|0.000000|0.000000|0.000000|0.000000|0.002790|0.000000|0.000000|0.335938|0.003906,0.000000|0.000000|0.000000|0.000000|0.004464|0.000000|0.000000|0.679129|0.003906|0.000000|0.000000|0.000000|0.000000|0.002232|0.000000|0.000000|0.310268|0.000000,0.000000|0.000000|0.000000|0.000000|0.004464|0.000000|0.000000|0.679129|0.003906|0.000000|0.000000|0.000000|0.000000|0.002232|0.000000|0.000000|0.310268|0.000000
RL_LCE_Quest8_PruneQuant-20251030-202125,3600,wikitext,0.0,20.0,10.0,12.515839193862181,13.79109973698021,0.47187500287379536,0.6013393082789013,0.5,0.45000000298023224,0.6013393082789013,0.5,0.200000|1.000000,0.000000|0.000000|0.000000|0.000000|0.003906|0.000000|0.000000|0.656250|0.000000|0.000000|0.000000|0.000000|0.000000|0.002790|0.000000|0.000000|0.337054|0.000000,0.000000|0.000000|0.000000|0.000000|0.004464|0.000000|0.000000|0.683036|0.000000|0.000000|0.000000|0.000000|0.000000|0.002232|0.000000|0.000000|0.310268|0.000000,0.000000|0.000000|0.000000|0.000000|0.004464|0.000000|0.000000|0.683036|0.000000|0.000000|0.000000|0.000000|0.000000|0.002232|0.000000|0.000000|0.310268|0.000000
RL_LCE_Quest8_PruneQuant-20251030-202125,3600,wikitext,0.0,20.0,20.0,12.515839193862181,13.79109973698021,0.47187500287379536,0.6013393082789013,0.5,0.45000000298023224,0.6013393082789013,0.5,0.200000|1.000000,0.000000|0.000000|0.000000|0.000000|0.003906|0.000000|0.000000|0.656250|0.000000|0.000000|0.000000|0.000000|0.000000|0.002790|0.000000|0.000000|0.337054|0.000000,0.000000|0.000000|0.000000|0.000000|0.004464|0.000000|0.000000|0.683036|0.000000|0.000000|0.000000|0.000000|0.000000|0.002232|0.000000|0.000000|0.310268|0.000000,0.000000|0.000000|0.000000|0.000000|0.004464|0.000000|0.000000|0.683036|0.000000|0.000000|0.000000|0.000000|0.000000|0.002232|0.000000|0.000000|0.310268|0.000000
RL_LCE_Quest8_PruneQuant-20251030-202125,3600,wikitext,0.0,20.0,60.0,17.67603595585011,18.380169179507547,0.45133928688509123,0.6000000238418579,0.4574497767857143,0.45000000298023224,0.6000000238418579,0.4574497767857143,0.200000|1.000000,0.000000|0.000000|0.000000|0.000000|0.000000|0.000000|0.164621|0.521205|0.000000|0.000000|0.000000|0.000000|0.000000|0.000000|0.000000|0.005580|0.308594|0.000000,0.000000|0.000000|0.000000|0.000000|0.000000|0.000000|0.136161|0.551339|0.000000|0.000000|0.000000|0.000000|0.000000|0.000000|0.000000|0.034040|0.278460|0.000000,0.000000|0.000000|0.000000|0.000000|0.000000|0.000000|0.136161|0.551339|0.000000|0.000000|0.000000|0.000000|0.000000|0.000000|0.000000|0.034040|0.278460|0.000000
RL_LCE_Quest8_PruneQuant-20251030-202125,3600,wikitext,0.0,20.0,64.0,36.42606530597311,35.97156605765406,0.4022321453584092,0.6000000238418579,0.3716517857142857,0.4000000059604645,0.6000000238418579,0.3716517857142857,0.200000|1.000000,0.000000|0.000000|0.000000|0.000000|0.000000|0.000000|0.513393|0.233817|0.000000|0.000000|0.000000|0.000000|0.000000|0.000000|0.000000|0.000000|0.252790|0.000000,0.000000|0.000000|0.000000|0.000000|0.000000|0.000000|0.385045|0.364955|0.000000|0.000000|0.000000|0.000000|0.000000|0.000000|0.000000|0.128348|0.121652|0.000000,0.000000|0.000000|0.000000|0.000000|0.000000|0.000000|0.385045|0.364955|0.000000|0.000000|0.000000|0.000000|0.000000|0.000000|0.000000|0.128348|0.121652|0.000000
RL_LCE_Quest8_PruneQuant-20251030-202125,3600,wikitext,0.0,10.0,-20.0,12.529815562252995,13.223972090529857,0.49017857547317234,0.609151804553611,1.0,0.5,0.6091518008283207,1.0,0.200000|1.000000,0.000000|0.000000|0.000000|0.000000|0.000000|0.040737|0.000000|0.000000|0.596540|0.000000|0.000000|0.000000|0.000000|0.000000|0.005022|0.000000|0.000000|0.357701,0.000000|0.000000|0.000000|0.000000|0.000000|0.028460|0.000000|0.000000|0.596540|0.000000|0.000000|0.000000|0.000000|0.000000|0.017299|0.000000|0.000000|0.357701,0.000000|0.000000|0.000000|0.000000|0.000000|0.028460|0.000000|0.000000|0.596540|0.000000|0.000000|0.000000|0.000000|0.000000|0.017299|0.000000|0.000000|0.357701
RL_LCE_Quest8_PruneQuant-20251030-202125,3600,wikitext,0.0,10.0,-16.0,12.529815562252995,13.223972090529857,0.49017857547317234,0.609151804553611,1.0,0.5,0.6091518008283207,1.0,0.200000|1.000000,0.000000|0.000000|0.000000|0.000000|0.000000|0.040737|0.000000|0.000000|0.596540|0.000000|0.000000|0.000000|0.000000|0.000000|0.005022|0.000000|0.000000|0.357701,0.000000|0.000000|0.000000|0.000000|0.000000|0.028460|0.000000|0.000000|0.596540|0.000000|0.000000|0.000000|0.000000|0.000000|0.017299|0.000000|0.000000|0.357701,0.000000|0.000000|0.000000|0.000000|0.000000|0.028460|0.000000|0.000000|0.596540|0.000000|0.000000|0.000000|0.000000|0.000000|0.017299|0.000000|0.000000|0.357701
RL_LCE_Quest8_PruneQuant-20251030-202125,3600,wikitext,0.0,10.0,-12.0,12.529815562252995,13.223972090529857,0.49017857547317234,0.609151804553611,1.0,0.5,0.6091518008283207,1.0,0.200000|1.000000,0.000000|0.000000|0.000000|0.000000|0.000000|0.040737|0.000000|0.000000|0.596540|0.000000|0.000000|0.000000|0.000000|0.000000|0.005022|0.000000|0.000000|0.357701,0.000000|0.000000|0.000000|0.000000|0.000000|0.028460|0.000000|0.000000|0.596540|0.000000|0.000000|0.000000|0.000000|0.000000|0.017299|0.000000|0.000000|0.357701,0.000000|0.000000|0.000000|0.000000|0.000000|0.028460|0.000000|0.000000|0.596540|0.000000|0.000000|0.000000|0.000000|0.000000|0.017299|0.000000|0.000000|0.357701
RL_LCE_Quest8_PruneQuant-20251030-202125,3600,wikitext,0.0,10.0,-10.0,12.48706215075244,13.465992197683311,0.4901785757392645,0.6088169834443501,0.9949776785714286,0.5,0.6088169797190598,0.9949776785714286,0.200000|1.000000,0.000000|0.000000|0.000000|0.000000|0.008371|0.030692|0.000000|0.001116|0.597098|0.000000|0.000000|0.000000|0.000000|0.000000|0.005022|0.000000|0.000558|0.357143,0.000000|0.000000|0.000000|0.000000|0.000000|0.027344|0.000000|0.006696|0.590960|0.000000|0.000000|0.000000|0.000000|0.000000|0.016741|0.000000|0.003348|0.354911,0.000000|0.000000|0.000000|0.000000|0.000000|0.027344|0.000000|0.006696|0.590960|0.000000|0.000000|0.000000|0.000000|0.000000|0.016741|0.000000|0.003348|0.354911
RL_LCE_Quest8_PruneQuant-20251030-202125,3600,wikitext,0.0,10.0,0.0,12.039723753255837,13.273877300326403,0.47455357467489584,0.637053597186293,0.5008370535714286,0.45000000298023224,0.6370536174092974,0.5008370535714286,0.200000|1.000000,0.000000|0.000000|0.000000|0.000000|0.153460|0.000000|0.000000|0.503348|0.000000|0.000000|0.000000|0.000000|0.000000|0.031808|0.000000|0.000000|0.309710|0.001674,0.000000|0.000000|0.000000|0.000000|0.131696|0.000558|0.000000|0.554688|0.000558|0.000000|0.000000|0.000000|0.000000|0.053013|0.000000|0.000000|0.258929|0.000558,0.000000|0.000000|0.000000|0.000000|0.131696|0.000558|0.000000|0.554688|0.000558|0.000000|0.000000|0.000000|0.000000|0.053013|0.000000|0.000000|0.258929|0.000558
RL_LCE_Quest8_PruneQuant-20251030-202125,3600,wikitext,0.0,10.0,10.0,12.069995427167424,13.398531203711059,0.4732142890404378,0.6367187750126634,0.5,0.45000000298023224,0.6367187947034836,0.5,0.200000|1.000000,0.000000|0.000000|0.000000|0.000000|0.151786|0.000000|0.000000|0.506696|0.000000|0.000000|0.000000|0.000000|0.000000|0.031808|0.000000|0.000000|0.309710|0.000000,0.000000|0.000000|0.000000|0.000000|0.128906|0.000000|0.000000|0.558594|0.000000|0.000000|0.000000|0.000000|0.000000|0.054688|0.000000|0.000000|0.257812|0.000000,0.000000|0.000000|0.000000|0.000000|0.128906|0.000000|0.000000|0.558594|0.000000|0.000000|0.000000|0.000000|0.000000|0.054688|0.000000|0.000000|0.257812|0.000000
RL_LCE_Quest8_PruneQuant-20251030-202125,3600,wikitext,0.0,10.0,20.0,12.069995427167424,13.398531203711059,0.4732142890404378,0.6367187750126634,0.5,0.45000000298023224,0.6367187947034836,0.5,0.200000|1.000000,0.000000|0.000000|0.000000|0.000000|0.151786|0.000000|0.000000|0.506696|0.000000|0.000000|0.000000|0.000000|0.000000|0.031808|0.000000|0.000000|0.309710|0.000000,0.000000|0.000000|0.000000|0.000000|0.128906|0.000000|0.000000|0.558594|0.000000|0.000000|0.000000|0.000000|0.000000|0.054688|0.000000|0.000000|0.257812|0.000000,0.000000|0.000000|0.000000|0.000000|0.128906|0.000000|0.000000|0.558594|0.000000|0.000000|0.000000|0.000000|0.000000|0.054688|0.000000|0.000000|0.257812|0.000000
RL_LCE_Quest8_PruneQuant-20251030-202125,3600,wikitext,0.0,10.0,60.0,12.915837106700653,14.15068219830488,0.4638392884018166,0.6354910933545658,0.49288504464285715,0.45000000298023224,0.635491111448833,0.49288504464285715,0.200000|1.000000,0.000000|0.000000|0.000000|0.000000|0.155692|0.000000|0.028460|0.486049|0.000000|0.000000|0.000000|0.000000|0.000000|0.021763|0.000000|0.000000|0.308036|0.000000,0.000000|0.000000|0.000000|0.001116|0.122768|0.000000|0.017299|0.546317|0.000000|0.000000|0.000000|0.000000|0.000000|0.053571|0.000000|0.010045|0.248884|0.000000,0.000000|0.000000|0.000000|0.001116|0.122768|0.000000|0.017299|0.546317|0.000000|0.000000|0.000000|0.000000|0.000000|0.053571|0.000000|0.010045|0.248884|0.000000
RL_LCE_Quest8_PruneQuant-20251030-202125,3600,wikitext,0.0,10.0,64.0,26.516369964593533,26.94897632759973,0.421875001596553,0.6141741307718414,0.40234375,0.4000000059604645,0.6141741174672332,0.40234375,0.200000|1.000000,0.000000|0.000000|0.000000|0.000000|0.066964|0.000000|0.390625|0.265067|0.000000|0.000000|0.000000|0.000000|0.000000|0.003906|0.000000|0.000000|0.273438|0.000000,0.000000|0.000000|0.000000|0.011719|0.042411|0.000000|0.289062|0.406808|0.000000|0.000000|0.000000|0.000000|0.006696|0.010045|0.000000|0.083147|0.150112|0.000000,0.000000|0.000000|0.000000|0.011719|0.042411|0.000000|0.289062|0.406808|0.000000|0.000000|0.000000|0.000000|0.006696|0.010045|0.000000|0.083147|0.150112|0.000000
RL_LCE_Quest8_PruneQuant-20251030-202125,3600,wikitext,0.0,0.0,-20.0,11.234004700191536,12.266058021950517,0.4982142902112433,0.7286830496575151,1.0,0.5,0.7286830603012017,1.0,0.200000|1.000000,0.000000|0.000000|0.000000|0.000000|0.000000|0.401786|0.000000|0.000000|0.225446|0.000000|0.000000|0.000000|0.000000|0.000000|0.241629|0.000000|0.000000|0.131138,0.000000|0.000000|0.000000|0.000000|0.000000|0.414062|0.000000|0.000000|0.210938|0.000000|0.000000|0.000000|0.000000|0.000000|0.229353|0.000000|0.000000|0.145647,0.000000|0.000000|0.000000|0.000000|0.000000|0.414062|0.000000|0.000000|0.210938|0.000000|0.000000|0.000000|0.000000|0.000000|0.229353|0.000000|0.000000|0.145647
RL_LCE_Quest8_PruneQuant-20251030-202125,3600,wikitext,0.0,0.0,-16.0,11.234004700191536,12.266058021950517,0.4982142902112433,0.7286830496575151,1.0,0.5,0.7286830603012017,1.0,0.200000|1.000000,0.000000|0.000000|0.000000|0.000000|0.000000|0.401786|0.000000|0.000000|0.225446|0.000000|0.000000|0.000000|0.000000|0.000000|0.241629|0.000000|0.000000|0.131138,0.000000|0.000000|0.000000|0.000000|0.000000|0.414062|0.000000|0.000000|0.210938|0.000000|0.000000|0.000000|0.000000|0.000000|0.229353|0.000000|0.000000|0.145647,0.000000|0.000000|0.000000|0.000000|0.000000|0.414062|0.000000|0.000000|0.210938|0.000000|0.000000|0.000000|0.000000|0.000000|0.229353|0.000000|0.000000|0.145647
RL_LCE_Quest8_PruneQuant-20251030-202125,3600,wikitext,0.0,0.0,-12.0,11.234004700191536,12.266058021950517,0.4982142902112433,0.7286830496575151,1.0,0.5,0.7286830603012017,1.0,0.200000|1.000000,0.000000|0.000000|0.000000|0.000000|0.000000|0.401786|0.000000|0.000000|0.225446|0.000000|0.000000|0.000000|0.000000|0.000000|0.241629|0.000000|0.000000|0.131138,0.000000|0.000000|0.000000|0.000000|0.000000|0.414062|0.000000|0.000000|0.210938|0.000000|0.000000|0.000000|0.000000|0.000000|0.229353|0.000000|0.000000|0.145647,0.000000|0.000000|0.000000|0.000000|0.000000|0.414062|0.000000|0.000000|0.210938|0.000000|0.000000|0.000000|0.000000|0.000000|0.229353|0.000000|0.000000|0.145647
RL_LCE_Quest8_PruneQuant-20251030-202125,3600,wikitext,0.0,0.0,-10.0,11.315008409717647,12.195247381698719,0.4977678628638387,0.7180803801332202,0.94140625,0.5,0.718080362038953,0.94140625,0.200000|1.000000,0.000000|0.000000|0.000000|0.000000|0.116629|0.244420|0.000000|0.000558|0.266183|0.000000|0.000000|0.000000|0.000000|0.000000|0.229353|0.000000|0.000000|0.142857,0.000000|0.000000|0.000000|0.000000|0.036272|0.343750|0.000000|0.034040|0.210938|0.000000|0.000000|0.000000|0.000000|0.026786|0.183594|0.000000|0.020089|0.144531,0.000000|0.000000|0.000000|0.000000|0.036272|0.343750|0.000000|0.034040|0.210938|0.000000|0.000000|0.000000|0.000000|0.026786|0.183594|0.000000|0.020089|0.144531
RL_LCE_Quest8_PruneQuant-20251030-202125,3600,wikitext,0.0,0.0,0.0,11.176166078697262,12.542057686890011,0.47857143157827003,0.7284598387777805,0.5002790178571429,0.5,0.7284598462283611,0.5002790178571429,0.200000|1.000000,0.000000|0.000000|0.000000|0.000000|0.483817|0.000000|0.000000|0.167969|0.000000|0.000000|0.000000|0.000000|0.000000|0.158482|0.000000|0.000000|0.189174|0.000558,0.000000|0.000000|0.000000|0.000000|0.415737|0.000000|0.000000|0.209263|0.000000|0.000000|0.000000|0.000000|0.000000|0.226562|0.000000|0.000000|0.147879|0.000558,0.000000|0.000000|0.000000|0.000000|0.415737|0.000000|0.000000|0.209263|0.000000|0.000000|0.000000|0.000000|0.000000|0.226562|0.000000|0.000000|0.147879|0.000558
RL_LCE_Quest8_PruneQuant-20251030-202125,3600,wikitext,0.0,0.0,10.0,11.170710298440147,12.406318697208004,0.47857143157827003,0.7285714463463852,0.5,0.5,0.7285714532647815,0.5,0.200000|1.000000,0.000000|0.000000|0.000000|0.000000|0.483817|0.000000|0.000000|0.167969|0.000000|0.000000|0.000000|0.000000|0.000000|0.159040|0.000000|0.000000|0.189174|0.000000,0.000000|0.000000|0.000000|0.000000|0.412946|0.000000|0.000000|0.212054|0.000000|0.000000|0.000000|0.000000|0.000000|0.229911|0.000000|0.000000|0.145089|0.000000,0.000000|0.000000|0.000000|0.000000|0.412946|0.000000|0.000000|0.212054|0.000000|0.000000|0.000000|0.000000|0.000000|0.229911|0.000000|0.000000|0.145089|0.000000
RL_LCE_Quest8_PruneQuant-20251030-202125,3600,wikitext,0.0,0.0,20.0,11.170710298440147,12.406318697208004,0.47857143157827003,0.7285714463463852,0.5,0.5,0.7285714532647815,0.5,0.200000|1.000000,0.000000|0.000000|0.000000|0.000000|0.483817|0.000000|0.000000|0.167969|0.000000|0.000000|0.000000|0.000000|0.000000|0.159040|0.000000|0.000000|0.189174|0.000000,0.000000|0.000000|0.000000|0.000000|0.412946|0.000000|0.000000|0.212054|0.000000|0.000000|0.000000|0.000000|0.000000|0.229911|0.000000|0.000000|0.145089|0.000000,0.000000|0.000000|0.000000|0.000000|0.412946|0.000000|0.000000|0.212054|0.000000|0.000000|0.000000|0.000000|0.000000|0.229911|0.000000|0.000000|0.145089|0.000000
RL_LCE_Quest8_PruneQuant-20251030-202125,3600,wikitext,0.0,0.0,60.0,11.170710298440147,12.406318697208004,0.47857143157827003,0.7285714463463852,0.5,0.5,0.7285714532647815,0.5,0.200000|1.000000,0.000000|0.000000|0.000000|0.000000|0.483817|0.000000|0.000000|0.167969|0.000000|0.000000|0.000000|0.000000|0.000000|0.159040|0.000000|0.000000|0.189174|0.000000,0.000000|0.000000|0.000000|0.000000|0.412946|0.000000|0.000000|0.212054|0.000000|0.000000|0.000000|0.000000|0.000000|0.229911|0.000000|0.000000|0.145089|0.000000,0.000000|0.000000|0.000000|0.000000|0.412946|0.000000|0.000000|0.212054|0.000000|0.000000|0.000000|0.000000|0.000000|0.229911|0.000000|0.000000|0.145089|0.000000
RL_LCE_Quest8_PruneQuant-20251030-202125,3600,wikitext,0.0,0.0,64.0,11.172268820976637,12.596416747494818,0.4772321456777198,0.7284598387777805,0.49930245535714285,0.5,0.7284598462283611,0.49930245535714285,0.200000|1.000000,0.000000|0.000000|0.000000|0.000000|0.483259|0.000000|0.002790|0.167411|0.000000|0.000000|0.000000|0.000000|0.000000|0.159040|0.000000|0.000000|0.187500|0.000000,0.000000|0.000000|0.000000|0.001674|0.414062|0.000000|0.000000|0.209263|0.000000|0.000000|0.000000|0.000000|0.000558|0.226004|0.000000|0.000558|0.147879|0.000000,0.000000|0.000000|0.000000|0.001674|0.414062|0.000000|0.000000|0.209263|0.000000|0.000000|0.000000|0.000000|0.000558|0.226004|0.000000|0.000558|0.147879|0.000000
RL_LCE_Quest8_PruneQuant-20251030-202125,3600,wikitext,0.0,5.0,-20.0,12.049805866068104,12.940185334922214,0.4910714314984424,0.6450893139200551,1.0,0.5,0.6450893261602947,1.0,0.200000|1.000000,0.000000|0.000000|0.000000|0.000000|0.000000|0.189174|0.000000|0.000000|0.446987|0.000000|0.000000|0.000000|0.000000|0.000000|0.036272|0.000000|0.000000|0.327567,0.000000|0.000000|0.000000|0.000000|0.000000|0.139509|0.000000|0.000000|0.485491|0.000000|0.000000|0.000000|0.000000|0.000000|0.085938|0.000000|0.000000|0.289062,0.000000|0.000000|0.000000|0.000000|0.000000|0.139509|0.000000|0.000000|0.485491|0.000000|0.000000|0.000000|0.000000|0.000000|0.085938|0.000000|0.000000|0.289062
RL_LCE_Quest8_PruneQuant-20251030-202125,3600,wikitext,0.0,5.0,-16.0,12.049805866068104,12.940185334922214,0.4910714314984424,0.6450893139200551,1.0,0.5,0.6450893261602947,1.0,0.200000|1.000000,0.000000|0.000000|0.000000|0.000000|0.000000|0.189174|0.000000|0.000000|0.446987|0.000000|0.000000|0.000000|0.000000|0.000000|0.036272|0.000000|0.000000|0.327567,0.000000|0.000000|0.000000|0.000000|0.000000|0.139509|0.000000|0.000000|0.485491|0.000000|0.000000|0.000000|0.000000|0.000000|0.085938|0.000000|0.000000|0.289062,0.000000|0.000000|0.000000|0.000000|0.000000|0.139509|0.000000|0.000000|0.485491|0.000000|0.000000|0.000000|0.000000|0.000000|0.085938|0.000000|0.000000|0.289062
RL_LCE_Quest8_PruneQuant-20251030-202125,3600,wikitext,0.0,5.0,-12.0,12.049805866068104,12.940185334922214,0.4910714314984424,0.6450893139200551,1.0,0.5,0.6450893261602947,1.0,0.200000|1.000000,0.000000|0.000000|0.000000|0.000000|0.000000|0.189174|0.000000|0.000000|0.446987|0.000000|0.000000|0.000000|0.000000|0.000000|0.036272|0.000000|0.000000|0.327567,0.000000|0.000000|0.000000|0.000000|0.000000|0.139509|0.000000|0.000000|0.485491|0.000000|0.000000|0.000000|0.000000|0.000000|0.085938|0.000000|0.000000|0.289062,0.000000|0.000000|0.000000|0.000000|0.000000|0.139509|0.000000|0.000000|0.485491|0.000000|0.000000|0.000000|0.000000|0.000000|0.085938|0.000000|0.000000|0.289062
RL_LCE_Quest8_PruneQuant-20251030-202125,3600,wikitext,0.0,5.0,-10.0,12.064944867748627,13.106426449364596,0.4915178607084921,0.64207591808268,0.9709821428571429,0.5,0.6420759361769471,0.9709821428571429,0.200000|1.000000,0.000000|0.000000|0.000000|0.000000|0.057478|0.118862|0.000000|0.000000|0.459263|0.000000|0.000000|0.000000|0.000000|0.000000|0.034040|0.000000|0.000558|0.329799,0.000000|0.000000|0.000000|0.000000|0.003348|0.127232|0.000000|0.032924|0.461496|0.000000|0.000000|0.000000|0.000000|0.001116|0.078683|0.000000|0.020647|0.274554,0.000000|0.000000|0.000000|0.000000|0.003348|0.127232|0.000000|0.032924|0.461496|0.000000|0.000000|0.000000|0.000000|0.001116|0.078683|0.000000|0.020647|0.274554
RL_LCE_Quest8_PruneQuant-20251030-202125,3600,wikitext,0.0,5.0,0.0,11.561540918230634,12.869073230185291,0.4799107165474977,0.6822544868503299,0.5005580357142857,0.5,0.6822544820606709,0.5005580357142857,0.200000|1.000000,0.000000|0.000000|0.000000|0.000000|0.343192|0.000000|0.000000|0.306920|0.000000|0.000000|0.000000|0.000000|0.000000|0.068080|0.000000|0.000000|0.280692|0.001116,0.000000|0.000000|0.000000|0.000000|0.314174|0.000558|0.000000|0.310268|0.000000|0.000000|0.000000|0.000000|0.000000|0.096540|0.000000|0.000000|0.277902|0.000558,0.000000|0.000000|0.000000|0.000000|0.314174|0.000558|0.000000|0.310268|0.000000|0.000000|0.000000|0.000000|0.000000|0.096540|0.000000|0.000000|0.277902|0.000558
RL_LCE_Quest8_PruneQuant-20251030-202125,3600,wikitext,0.0,5.0,10.0,11.560734477264317,12.866380486014432,0.4799107165474977,0.6822544873825142,0.5,0.5,0.6822544820606709,0.5,0.200000|1.000000,0.000000|0.000000|0.000000|0.000000|0.342634|0.000000|0.000000|0.307478|0.000000|0.000000|0.000000|0.000000|0.000000|0.068638|0.000000|0.000000|0.281250|0.000000,0.000000|0.000000|0.000000|0.000000|0.314732|0.000000|0.000000|0.310268|0.000000|0.000000|0.000000|0.000000|0.000000|0.096540|0.000000|0.000000|0.278460|0.000000,0.000000|0.000000|0.000000|0.000000|0.314732|0.000000|0.000000|0.310268|0.000000|0.000000|0.000000|0.000000|0.000000|0.096540|0.000000|0.000000|0.278460|0.000000
RL_LCE_Quest8_PruneQuant-20251030-202125,3600,wikitext,0.0,5.0,20.0,11.560734477264317,12.866380486014432,0.4799107165474977,0.6822544873825142,0.5,0.5,0.6822544820606709,0.5,0.200000|1.000000,0.000000|0.000000|0.000000|0.000000|0.342634|0.000000|0.000000|0.307478|0.000000|0.000000|0.000000|0.000000|0.000000|0.068638|0.000000|0.000000|0.281250|0.000000,0.000000|0.000000|0.000000|0.000000|0.314732|0.000000|0.000000|0.310268|0.000000|0.000000|0.000000|0.000000|0.000000|0.096540|0.000000|0.000000|0.278460|0.000000,0.000000|0.000000|0.000000|0.000000|0.314732|0.000000|0.000000|0.310268|0.000000|0.000000|0.000000|0.000000|0.000000|0.096540|0.000000|0.000000|0.278460|0.000000
RL_LCE_Quest8_PruneQuant-20251030-202125,3600,wikitext,0.0,5.0,60.0,11.610840343604144,12.896931273865047,0.4799107164144516,0.6823660944189344,0.49986049107142855,0.5,0.6823660890970912,0.49986049107142855,0.200000|1.000000,0.000000|0.000000|0.000000|0.000000|0.343750|0.000000|0.000558|0.305804|0.000000|0.000000|0.000000|0.000000|0.000000|0.068080|0.000000|0.000000|0.281808|0.000000,0.000000|0.000000|0.000000|0.000000|0.315290|0.000000|0.000000|0.309710|0.000000|0.000000|0.000000|0.000000|0.000558|0.095982|0.000000|0.000000|0.278460|0.000000,0.000000|0.000000|0.000000|0.000000|0.315290|0.000000|0.000000|0.309710|0.000000|0.000000|0.000000|0.000000|0.000558|0.095982|0.000000|0.000000|0.278460|0.000000
RL_LCE_Quest8_PruneQuant-20251030-202125,3600,wikitext,0.0,5.0,64.0,12.826951575465413,13.992652439155908,0.4674107154299106,0.680691983550787,0.48828125,0.45000000298023224,0.680691986743893,0.48828125,0.200000|1.000000,0.000000|0.000000|0.000000|0.000000|0.333705|0.000000|0.046875|0.285156|0.000000|0.000000|0.000000|0.000000|0.000000|0.069754|0.000000|0.000000|0.264509|0.000000,0.000000|0.000000|0.000000|0.015625|0.263951|0.000000|0.015625|0.392299|0.000000|0.000000|0.000000|0.000000|0.007812|0.116071|0.000000|0.007812|0.180804|0.000000,0.000000|0.000000|0.000000|0.015625|0.263951|0.000000|0.015625|0.392299|0.000000|0.000000|0.000000|0.000000|0.007812|0.116071|0.000000|0.007812|0.180804|0.000000
RL_LCE_Quest8_PruneQuant-20251030-202125,3600,wikitext,0.0,10.0,-20.0,12.529815562252995,13.223972090529857,0.49017857547317234,0.609151804553611,1.0,0.5,0.6091518008283207,1.0,0.200000|1.000000,0.000000|0.000000|0.000000|0.000000|0.000000|0.040737|0.000000|0.000000|0.596540|0.000000|0.000000|0.000000|0.000000|0.000000|0.005022|0.000000|0.000000|0.357701,0.000000|0.000000|0.000000|0.000000|0.000000|0.028460|0.000000|0.000000|0.596540|0.000000|0.000000|0.000000|0.000000|0.000000|0.017299|0.000000|0.000000|0.357701,0.000000|0.000000|0.000000|0.000000|0.000000|0.028460|0.000000|0.000000|0.596540|0.000000|0.000000|0.000000|0.000000|0.000000|0.017299|0.000000|0.000000|0.357701
RL_LCE_Quest8_PruneQuant-20251030-202125,3600,wikitext,0.0,10.0,-16.0,12.529815562252995,13.223972090529857,0.49017857547317234,0.609151804553611,1.0,0.5,0.6091518008283207,1.0,0.200000|1.000000,0.000000|0.000000|0.000000|0.000000|0.000000|0.040737|0.000000|0.000000|0.596540|0.000000|0.000000|0.000000|0.000000|0.000000|0.005022|0.000000|0.000000|0.357701,0.000000|0.000000|0.000000|0.000000|0.000000|0.028460|0.000000|0.000000|0.596540|0.000000|0.000000|0.000000|0.000000|0.000000|0.017299|0.000000|0.000000|0.357701,0.000000|0.000000|0.000000|0.000000|0.000000|0.028460|0.000000|0.000000|0.596540|0.000000|0.000000|0.000000|0.000000|0.000000|0.017299|0.000000|0.000000|0.357701
RL_LCE_Quest8_PruneQuant-20251030-202125,3600,wikitext,0.0,10.0,-12.0,12.529815562252995,13.223972090529857,0.49017857547317234,0.609151804553611,1.0,0.5,0.6091518008283207,1.0,0.200000|1.000000,0.000000|0.000000|0.000000|0.000000|0.000000|0.040737|0.000000|0.000000|0.596540|0.000000|0.000000|0.000000|0.000000|0.000000|0.005022|0.000000|0.000000|0.357701,0.000000|0.000000|0.000000|0.000000|0.000000|0.028460|0.000000|0.000000|0.596540|0.000000|0.000000|0.000000|0.000000|0.000000|0.017299|0.000000|0.000000|0.357701,0.000000|0.000000|0.000000|0.000000|0.000000|0.028460|0.000000|0.000000|0.596540|0.000000|0.000000|0.000000|0.000000|0.000000|0.017299|0.000000|0.000000|0.357701
RL_LCE_Quest8_PruneQuant-20251030-202125,3600,wikitext,0.0,10.0,-10.0,12.48706215075244,13.465992197683311,0.4901785757392645,0.6088169834443501,0.9949776785714286,0.5,0.6088169797190598,0.9949776785714286,0.200000|1.000000,0.000000|0.000000|0.000000|0.000000|0.008371|0.030692|0.000000|0.001116|0.597098|0.000000|0.000000|0.000000|0.000000|0.000000|0.005022|0.000000|0.000558|0.357143,0.000000|0.000000|0.000000|0.000000|0.000000|0.027344|0.000000|0.006696|0.590960|0.000000|0.000000|0.000000|0.000000|0.000000|0.016741|0.000000|0.003348|0.354911,0.000000|0.000000|0.000000|0.000000|0.000000|0.027344|0.000000|0.006696|0.590960|0.000000|0.000000|0.000000|0.000000|0.000000|0.016741|0.000000|0.003348|0.354911
RL_LCE_Quest8_PruneQuant-20251030-202125,3600,wikitext,0.0,10.0,0.0,12.039723753255837,13.273877300326403,0.47455357467489584,0.637053597186293,0.5008370535714286,0.45000000298023224,0.6370536174092974,0.5008370535714286,0.200000|1.000000,0.000000|0.000000|0.000000|0.000000|0.153460|0.000000|0.000000|0.503348|0.000000|0.000000|0.000000|0.000000|0.000000|0.031808|0.000000|0.000000|0.309710|0.001674,0.000000|0.000000|0.000000|0.000000|0.131696|0.000558|0.000000|0.554688|0.000558|0.000000|0.000000|0.000000|0.000000|0.053013|0.000000|0.000000|0.258929|0.000558,0.000000|0.000000|0.000000|0.000000|0.131696|0.000558|0.000000|0.554688|0.000558|0.000000|0.000000|0.000000|0.000000|0.053013|0.000000|0.000000|0.258929|0.000558
RL_LCE_Quest8_PruneQuant-20251030-202125,3600,wikitext,0.0,10.0,10.0,12.069995427167424,13.398531203711059,0.4732142890404378,0.6367187750126634,0.5,0.45000000298023224,0.6367187947034836,0.5,0.200000|1.000000,0.000000|0.000000|0.000000|0.000000|0.151786|0.000000|0.000000|0.506696|0.000000|0.000000|0.000000|0.000000|0.000000|0.031808|0.000000|0.000000|0.309710|0.000000,0.000000|0.000000|0.000000|0.000000|0.128906|0.000000|0.000000|0.558594|0.000000|0.000000|0.000000|0.000000|0.000000|0.054688|0.000000|0.000000|0.257812|0.000000,0.000000|0.000000|0.000000|0.000000|0.128906|0.000000|0.000000|0.558594|0.000000|0.000000|0.000000|0.000000|0.000000|0.054688|0.000000|0.000000|0.257812|0.000000
RL_LCE_Quest8_PruneQuant-20251030-202125,3600,wikitext,0.0,10.0,20.0,12.069995427167424,13.398531203711059,0.4732142890404378,0.6367187750126634,0.5,0.45000000298023224,0.6367187947034836,0.5,0.200000|1.000000,0.000000|0.000000|0.000000|0.000000|0.151786|0.000000|0.000000|0.506696|0.000000|0.000000|0.000000|0.000000|0.000000|0.031808|0.000000|0.000000|0.309710|0.000000,0.000000|0.000000|0.000000|0.000000|0.128906|0.000000|0.000000|0.558594|0.000000|0.000000|0.000000|0.000000|0.000000|0.054688|0.000000|0.000000|0.257812|0.000000,0.000000|0.000000|0.000000|0.000000|0.128906|0.000000|0.000000|0.558594|0.000000|0.000000|0.000000|0.000000|0.000000|0.054688|0.000000|0.000000|0.257812|0.000000
RL_LCE_Quest8_PruneQuant-20251030-202125,3600,wikitext,0.0,10.0,60.0,12.915837106700653,14.15068219830488,0.4638392884018166,0.6354910933545658,0.49288504464285715,0.45000000298023224,0.635491111448833,0.49288504464285715,0.200000|1.000000,0.000000|0.000000|0.000000|0.000000|0.155692|0.000000|0.028460|0.486049|0.000000|0.000000|0.000000|0.000000|0.000000|0.021763|0.000000|0.000000|0.308036|0.000000,0.000000|0.000000|0.000000|0.001116|0.122768|0.000000|0.017299|0.546317|0.000000|0.000000|0.000000|0.000000|0.000000|0.053571|0.000000|0.010045|0.248884|0.000000,0.000000|0.000000|0.000000|0.001116|0.122768|0.000000|0.017299|0.546317|0.000000|0.000000|0.000000|0.000000|0.000000|0.053571|0.000000|0.010045|0.248884|0.000000
RL_LCE_Quest8_PruneQuant-20251030-202125,3600,wikitext,0.0,10.0,64.0,26.516369964593533,26.94897632759973,0.421875001596553,0.6141741307718414,0.40234375,0.4000000059604645,0.6141741174672332,0.40234375,0.200000|1.000000,0.000000|0.000000|0.000000|0.000000|0.066964|0.000000|0.390625|0.265067|0.000000|0.000000|0.000000|0.000000|0.000000|0.003906|0.000000|0.000000|0.273438|0.000000,0.000000|0.000000|0.000000|0.011719|0.042411|0.000000|0.289062|0.406808|0.000000|0.000000|0.000000|0.000000|0.006696|0.010045|0.000000|0.083147|0.150112|0.000000,0.000000|0.000000|0.000000|0.011719|0.042411|0.000000|0.289062|0.406808|0.000000|0.000000|0.000000|0.000000|0.006696|0.010045|0.000000|0.083147|0.150112|0.000000
RL_LCE_Quest8_PruneQuant-20251030-202125,3600,wikitext,2.0,-50.0,-20.0,11.891988705236963,12.178245784870148,0.20267857438219444,1.0,1.0,0.20000000298023224,1.0,1.0,0.200000|1.000000,0.000000|0.000000|0.996652|0.000000|0.000000|0.000000|0.000000|0.000000|0.000000|0.000000|0.000000|0.003348|0.000000|0.000000|0.000000|0.000000|0.000000|0.000000,0.000000|0.000000|1.000000|0.000000|0.000000|0.000000|0.000000|0.000000|0.000000|0.000000|0.000000|0.000000|0.000000|0.000000|0.000000|0.000000|0.000000|0.000000,0.000000|0.000000|1.000000|0.000000|0.000000|0.000000|0.000000|0.000000|0.000000|0.000000|0.000000|0.000000|0.000000|0.000000|0.000000|0.000000|0.000000|0.000000
RL_LCE_Quest8_PruneQuant-20251030-202125,3600,wikitext,2.0,-50.0,-16.0,11.891988705236963,12.178245784870148,0.20267857438219444,1.0,1.0,0.20000000298023224,1.0,1.0,0.200000|1.000000,0.000000|0.000000|0.996652|0.000000|0.000000|0.000000|0.000000|0.000000|0.000000|0.000000|0.000000|0.003348|0.000000|0.000000|0.000000|0.000000|0.000000|0.000000,0.000000|0.000000|1.000000|0.000000|0.000000|0.000000|0.000000|0.000000|0.000000|0.000000|0.000000|0.000000|0.000000|0.000000|0.000000|0.000000|0.000000|0.000000,0.000000|0.000000|1.000000|0.000000|0.000000|0.000000|0.000000|0.000000|0.000000|0.000000|0.000000|0.000000|0.000000|0.000000|0.000000|0.000000|0.000000|0.000000
RL_LCE_Quest8_PruneQuant-20251030-202125,3600,wikitext,2.0,-50.0,-12.0,11.891988705236963,12.178245784870148,0.20267857438219444,1.0,1.0,0.20000000298023224,1.0,1.0,0.200000|1.000000,0.000000|0.000000|0.996652|0.000000|0.000000|0.000000|0.000000|0.000000|0.000000|0.000000|0.000000|0.003348|0.000000|0.000000|0.000000|0.000000|0.000000|0.000000,0.000000|0.000000|1.000000|0.000000|0.000000|0.000000|0.000000|0.000000|0.000000|0.000000|0.000000|0.000000|0.000000|0.000000|0.000000|0.000000|0.000000|0.000000,0.000000|0.000000|1.000000|0.000000|0.000000|0.000000|0.000000|0.000000|0.000000|0.000000|0.000000|0.000000|0.000000|0.000000|0.000000|0.000000|0.000000|0.000000
RL_LCE_Quest8_PruneQuant-20251030-202125,3600,wikitext,2.0,-50.0,-10.0,11.891988705236963,12.178245784870148,0.20267857438219444,1.0,1.0,0.20000000298023224,1.0,1.0,0.200000|1.000000,0.000000|0.000000|0.996652|0.000000|0.000000|0.000000|0.000000|0.000000|0.000000|0.000000|0.000000|0.003348|0.000000|0.000000|0.000000|0.000000|0.000000|0.000000,0.000000|0.000000|1.000000|0.000000|0.000000|0.000000|0.000000|0.000000|0.000000|0.000000|0.000000|0.000000|0.000000|0.000000|0.000000|0.000000|0.000000|0.000000,0.000000|0.000000|1.000000|0.000000|0.000000|0.000000|0.000000|0.000000|0.000000|0.000000|0.000000|0.000000|0.000000|0.000000|0.000000|0.000000|0.000000|0.000000
RL_LCE_Quest8_PruneQuant-20251030-202125,3600,wikitext,2.0,-50.0,0.0,11.157471631854794,11.735419860461684,0.3196428599102156,1.0,0.6196986607142857,0.30000001192092896,1.0,0.6196986607142857,0.200000|1.000000,0.000000|0.611049|0.239397|0.000000|0.000000|0.000000|0.000000|0.000000|0.000000|0.000000|0.149554|0.000000|0.000000|0.000000|0.000000|0.000000|0.000000|0.000000,0.000000|0.665179|0.209821|0.000000|0.000000|0.000000|0.000000|0.000000|0.000000|0.000000|0.095424|0.029576|0.000000|0.000000|0.000000|0.000000|0.000000|0.000000,0.000000|0.665179|0.209821|0.000000|0.000000|0.000000|0.000000|0.000000|0.000000|0.000000|0.095424|0.029576|0.000000|0.000000|0.000000|0.000000|0.000000|0.000000
RL_LCE_Quest8_PruneQuant-20251030-202125,3600,wikitext,2.0,-50.0,10.0,18.582564940452727,18.992742255585387,0.25848214594381197,1.0,0.42885044642857145,0.25,1.0,0.42885044642857145,0.200000|1.000000,0.284598|0.642299|0.000000|0.000000|0.000000|0.000000|0.000000|0.000000|0.000000|0.000000|0.073103|0.000000|0.000000|0.000000|0.000000|0.000000|0.000000|0.000000,0.265625|0.671875|0.000000|0.000000|0.000000|0.000000|0.000000|0.000000|0.000000|0.018973|0.043527|0.000000|0.000000|0.000000|0.000000|0.000000|0.000000|0.000000,0.265625|0.671875|0.000000|0.000000|0.000000|0.000000|0.000000|0.000000|0.000000|0.018973|0.043527|0.000000|0.000000|0.000000|0.000000|0.000000|0.000000|0.000000
RL_LCE_Quest8_PruneQuant-20251030-202125,3600,wikitext,2.0,-50.0,20.0,74.69973633644908,76.22620926346134,0.20000000298023224,1.0,0.25,0.20000000298023224,1.0,0.25,0.200000|1.000000,1.000000|0.000000|0.000000|0.000000|0.000000|0.000000|0.000000|0.000000|0.000000|0.000000|0.000000|0.000000|0.000000|0.000000|0.000000|0.000000|0.000000|0.000000,1.000000|0.000000|0.000000|0.000000|0.000000|0.000000|0.000000|0.000000|0.000000|0.000000|0.000000|0.000000|0.000000|0.000000|0.000000|0.000000|0.000000|0.000000,1.000000|0.000000|0.000000|0.000000|0.000000|0.000000|0.000000|0.000000|0.000000|0.000000|0.000000|0.000000|0.000000|0.000000|0.000000|0.000000|0.000000|0.000000
RL_LCE_Quest8_PruneQuant-20251030-202125,3600,wikitext,2.0,-50.0,60.0,74.69973633644908,76.22620926346134,0.20000000298023224,1.0,0.25,0.20000000298023224,1.0,0.25,0.200000|1.000000,1.000000|0.000000|0.000000|0.000000|0.000000|0.000000|0.000000|0.000000|0.000000|0.000000|0.000000|0.000000|0.000000|0.000000|0.000000|0.000000|0.000000|0.000000,1.000000|0.000000|0.000000|0.000000|0.000000|0.000000|0.000000|0.000000|0.000000|0.000000|0.000000|0.000000|0.000000|0.000000|0.000000|0.000000|0.000000|0.000000,1.000000|0.000000|0.000000|0.000000|0.000000|0.000000|0.000000|0.000000|0.000000|0.000000|0.000000|0.000000|0.000000|0.000000|0.000000|0.000000|0.000000|0.000000
RL_LCE_Quest8_PruneQuant-20251030-202125,3600,wikitext,2.0,-50.0,64.0,74.69973633644908,76.22620926346134,0.20000000298023224,1.0,0.25,0.20000000298023224,1.0,0.25,0.200000|1.000000,1.000000|0.000000|0.000000|0.000000|0.000000|0.000000|0.000000|0.000000|0.000000|0.000000|0.000000|0.000000|0.000000|0.000000|0.000000|0.000000|0.000000|0.000000,1.000000|0.000000|0.000000|0.000000|0.000000|0.000000|0.000000|0.000000|0.000000|0.000000|0.000000|0.000000|0.000000|0.000000|0.000000|0.000000|0.000000|0.000000,1.000000|0.000000|0.000000|0.000000|0.000000|0.000000|0.000000|0.000000|0.000000|0.000000|0.000000|0.000000|0.000000|0.000000|0.000000|0.000000|0.000000|0.000000
RL_LCE_Quest8_PruneQuant-20251030-202125,3600,wikitext,2.0,-40.0,-20.0,11.891159214866203,12.177396327486548,0.20357143147183315,0.9997767859271595,1.0,0.20000000298023224,0.9997767859271595,1.0,0.200000|1.000000,0.000000|0.000000|0.995536|0.000000|0.000000|0.000000|0.000000|0.000000|0.000000|0.000000|0.000000|0.003348|0.000000|0.000000|0.001116|0.000000|0.000000|0.000000,0.000000|0.000000|0.998884|0.000000|0.000000|0.001116|0.000000|0.000000|0.000000|0.000000|0.000000|0.000000|0.000000|0.000000|0.000000|0.000000|0.000000|0.000000,0.000000|0.000000|0.998884|0.000000|0.000000|0.001116|0.000000|0.000000|0.000000|0.000000|0.000000|0.000000|0.000000|0.000000|0.000000|0.000000|0.000000|0.000000
RL_LCE_Quest8_PruneQuant-20251030-202125,3600,wikitext,2.0,-40.0,-16.0,11.891159214866203,12.177396327486548,0.20357143147183315,0.9997767859271595,1.0,0.20000000298023224,0.9997767859271595,1.0,0.200000|1.000000,0.000000|0.000000|0.995536|0.000000|0.000000|0.000000|0.000000|0.000000|0.000000|0.000000|0.000000|0.003348|0.000000|0.000000|0.001116|0.000000|0.000000|0.000000,0.000000|0.000000|0.998884|0.000000|0.000000|0.001116|0.000000|0.000000|0.000000|0.000000|0.000000|0.000000|0.000000|0.000000|0.000000|0.000000|0.000000|0.000000,0.000000|0.000000|0.998884|0.000000|0.000000|0.001116|0.000000|0.000000|0.000000|0.000000|0.000000|0.000000|0.000000|0.000000|0.000000|0.000000|0.000000|0.000000
RL_LCE_Quest8_PruneQuant-20251030-202125,3600,wikitext,2.0,-40.0,-12.0,11.891159214866203,12.177396327486548,0.20357143147183315,0.9997767859271595,1.0,0.20000000298023224,0.9997767859271595,1.0,0.200000|1.000000,0.000000|0.000000|0.995536|0.000000|0.000000|0.000000|0.000000|0.000000|0.000000|0.000000|0.000000|0.003348|0.000000|0.000000|0.001116|0.000000|0.000000|0.000000,0.000000|0.000000|0.998884|0.000000|0.000000|0.001116|0.000000|0.000000|0.000000|0.000000|0.000000|0.000000|0.000000|0.000000|0.000000|0.000000|0.000000|0.000000,0.000000|0.000000|0.998884|0.000000|0.000000|0.001116|0.000000|0.000000|0.000000|0.000000|0.000000|0.000000|0.000000|0.000000|0.000000|0.000000|0.000000|0.000000
RL_LCE_Quest8_PruneQuant-20251030-202125,3600,wikitext,2.0,-40.0,-10.0,11.891159214866203,12.177396327486548,0.20357143147183315,0.9997767859271595,1.0,0.20000000298023224,0.9997767859271595,1.0,0.200000|1.000000,0.000000|0.000000|0.995536|0.000000|0.000000|0.000000|0.000000|0.000000|0.000000|0.000000|0.000000|0.003348|0.000000|0.000000|0.001116|0.000000|0.000000|0.000000,0.000000|0.000000|0.998884|0.000000|0.000000|0.001116|0.000000|0.000000|0.000000|0.000000|0.000000|0.000000|0.000000|0.000000|0.000000|0.000000|0.000000|0.000000,0.000000|0.000000|0.998884|0.000000|0.000000|0.001116|0.000000|0.000000|0.000000|0.000000|0.000000|0.000000|0.000000|0.000000|0.000000|0.000000|0.000000|0.000000
RL_LCE_Quest8_PruneQuant-20251030-202125,3600,wikitext,2.0,-40.0,0.0,11.089192464259067,11.873753276212701,0.3263392886146903,0.9716517877365861,0.6068638392857143,0.3500000014901161,0.9716517967837197,0.6068638392857143,0.200000|1.000000,0.000000|0.545759|0.213728|0.000000|0.082589|0.000000|0.000000|0.000000|0.000000|0.000000|0.098772|0.000000|0.000000|0.059152|0.000000|0.000000|0.000000|0.000000,0.000000|0.590402|0.108259|0.000000|0.101004|0.012835|0.000000|0.000000|0.000000|0.000000|0.082589|0.077009|0.000000|0.012277|0.015625|0.000000|0.000000|0.000000,0.000000|0.590402|0.108259|0.000000|0.101004|0.012835|0.000000|0.000000|0.000000|0.000000|0.082589|0.077009|0.000000|0.012277|0.015625|0.000000|0.000000|0.000000
RL_LCE_Quest8_PruneQuant-20251030-202125,3600,wikitext,2.0,-40.0,10.0,17.850744229624034,18.336629469375143,0.28169643107269493,0.9841517885880811,0.4330357142857143,0.30000001192092896,0.9841518008283207,0.4330357142857143,0.200000|1.000000,0.267857|0.591518|0.000000|0.000000|0.038504|0.000000|0.000000|0.000000|0.000000|0.000000|0.061384|0.000000|0.000000|0.040737|0.000000|0.000000|0.000000|0.000000,0.218750|0.591518|0.000000|0.015625|0.049107|0.000000|0.000000|0.000000|0.000000|0.026786|0.083705|0.000000|0.006696|0.007812|0.000000|0.000000|0.000000|0.000000,0.218750|0.591518|0.000000|0.015625|0.049107|0.000000|0.000000|0.000000|0.000000|0.026786|0.083705|0.000000|0.006696|0.007812|0.000000|0.000000|0.000000|0.000000
RL_LCE_Quest8_PruneQuant-20251030-202125,3600,wikitext,2.0,-40.0,20.0,74.69973633644908,76.22620926346134,0.20000000298023224,1.0,0.25,0.20000000298023224,1.0,0.25,0.200000|1.000000,1.000000|0.000000|0.000000|0.000000|0.000000|0.000000|0.000000|0.000000|0.000000|0.000000|0.000000|0.000000|0.000000|0.000000|0.000000|0.000000|0.000000|0.000000,1.000000|0.000000|0.000000|0.000000|0.000000|0.000000|0.000000|0.000000|0.000000|0.000000|0.000000|0.000000|0.000000|0.000000|0.000000|0.000000|0.000000|0.000000,1.000000|0.000000|0.000000|0.000000|0.000000|0.000000|0.000000|0.000000|0.000000|0.000000|0.000000|0.000000|0.000000|0.000000|0.000000|0.000000|0.000000|0.000000
RL_LCE_Quest8_PruneQuant-20251030-202125,3600,wikitext,2.0,-40.0,60.0,74.69973633644908,76.22620926346134,0.20000000298023224,1.0,0.25,0.20000000298023224,1.0,0.25,0.200000|1.000000,1.000000|0.000000|0.000000|0.000000|0.000000|0.000000|0.000000|0.000000|0.000000|0.000000|0.000000|0.000000|0.000000|0.000000|0.000000|0.000000|0.000000|0.000000,1.000000|0.000000|0.000000|0.000000|0.000000|0.000000|0.000000|0.000000|0.000000|0.000000|0.000000|0.000000|0.000000|0.000000|0.000000|0.000000|0.000000|0.000000,1.000000|0.000000|0.000000|0.000000|0.000000|0.000000|0.000000|0.000000|0.000000|0.000000|0.000000|0.000000|0.000000|0.000000|0.000000|0.000000|0.000000|0.000000
RL_LCE_Quest8_PruneQuant-20251030-202125,3600,wikitext,2.0,-40.0,64.0,74.69973633644908,76.22620926346134,0.20000000298023224,1.0,0.25,0.20000000298023224,1.0,0.25,0.200000|1.000000,1.000000|0.000000|0.000000|0.000000|0.000000|0.000000|0.000000|0.000000|0.000000|0.000000|0.000000|0.000000|0.000000|0.000000|0.000000|0.000000|0.000000|0.000000,1.000000|0.000000|0.000000|0.000000|0.000000|0.000000|0.000000|0.000000|0.000000|0.000000|0.000000|0.000000|0.000000|0.000000|0.000000|0.000000|0.000000|0.000000,1.000000|0.000000|0.000000|0.000000|0.000000|0.000000|0.000000|0.000000|0.000000|0.000000|0.000000|0.000000|0.000000|0.000000|0.000000|0.000000|0.000000|0.000000
RL_LCE_Quest8_PruneQuant-20251030-202125,3600,wikitext,2.0,-30.0,-20.0,10.929461725870722,11.43162832821617,0.41696428693830967,0.8786830433777401,1.0,0.4000000059604645,0.8786830455064774,1.0,0.200000|1.000000,0.000000|0.000000|0.393415|0.000000|0.000000|0.335379|0.000000|0.000000|0.000000|0.000000|0.000000|0.000000|0.000000|0.000000|0.271205|0.000000|0.000000|0.000000,0.000000|0.000000|0.292969|0.000000|0.000000|0.457031|0.000000|0.000000|0.000000|0.000000|0.000000|0.100446|0.000000|0.000000|0.149554|0.000000|0.000000|0.000000,0.000000|0.000000|0.292969|0.000000|0.000000|0.457031|0.000000|0.000000|0.000000|0.000000|0.000000|0.100446|0.000000|0.000000|0.149554|0.000000|0.000000|0.000000
RL_LCE_Quest8_PruneQuant-20251030-202125,3600,wikitext,2.0,-30.0,-16.0,10.929461725870722,11.43162832821617,0.41696428693830967,0.8786830433777401,1.0,0.4000000059604645,0.8786830455064774,1.0,0.200000|1.000000,0.000000|0.000000|0.393415|0.000000|0.000000|0.335379|0.000000|0.000000|0.000000|0.000000|0.000000|0.000000|0.000000|0.000000|0.271205|0.000000|0.000000|0.000000,0.000000|0.000000|0.292969|0.000000|0.000000|0.457031|0.000000|0.000000|0.000000|0.000000|0.000000|0.100446|0.000000|0.000000|0.149554|0.000000|0.000000|0.000000,0.000000|0.000000|0.292969|0.000000|0.000000|0.457031|0.000000|0.000000|0.000000|0.000000|0.000000|0.100446|0.000000|0.000000|0.149554|0.000000|0.000000|0.000000
RL_LCE_Quest8_PruneQuant-20251030-202125,3600,wikitext,2.0,-30.0,-12.0,10.929461725870722,11.43162832821617,0.41696428693830967,0.8786830433777401,1.0,0.4000000059604645,0.8786830455064774,1.0,0.200000|1.000000,0.000000|0.000000|0.393415|0.000000|0.000000|0.335379|0.000000|0.000000|0.000000|0.000000|0.000000|0.000000|0.000000|0.000000|0.271205|0.000000|0.000000|0.000000,0.000000|0.000000|0.292969|0.000000|0.000000|0.457031|0.000000|0.000000|0.000000|0.000000|0.000000|0.100446|0.000000|0.000000|0.149554|0.000000|0.000000|0.000000,0.000000|0.000000|0.292969|0.000000|0.000000|0.457031|0.000000|0.000000|0.000000|0.000000|0.000000|0.100446|0.000000|0.000000|0.149554|0.000000|0.000000|0.000000
RL_LCE_Quest8_PruneQuant-20251030-202125,3600,wikitext,2.0,-30.0,-10.0,10.92412637731872,11.453977545597693,0.41696428693830967,0.8787946504141603,0.9983258928571429,0.4000000059604645,0.878794653075082,0.9983258928571429,0.200000|1.000000,0.000000|0.000000|0.393973|0.000000|0.003348|0.331473|0.000000|0.000000|0.000000|0.000000|0.000000|0.000000|0.000000|0.000000|0.271205|0.000000|0.000000|0.000000,0.000000|0.002232|0.296317|0.000000|0.001116|0.450335|0.000000|0.000000|0.000000|0.000000|0.000000|0.095424|0.000000|0.000000|0.154576|0.000000|0.000000|0.000000,0.000000|0.002232|0.296317|0.000000|0.001116|0.450335|0.000000|0.000000|0.000000|0.000000|0.000000|0.095424|0.000000|0.000000|0.154576|0.000000|0.000000|0.000000
RL_LCE_Quest8_PruneQuant-20251030-202125,3600,wikitext,2.0,-30.0,0.0,10.877742727456024,11.68151657241709,0.45625000407121014,0.8027901904923576,0.5041852678571429,0.45000000298023224,0.8027901878314359,0.5041852678571429,0.200000|1.000000,0.000000|0.005580|0.008371|0.000000|0.665737|0.000000|0.000000|0.000000|0.000000|0.000000|0.000000|0.000000|0.000000|0.320312|0.000000|0.000000|0.000000|0.000000,0.000000|0.010603|0.000000|0.000000|0.670759|0.006138|0.000000|0.000000|0.000000|0.000000|0.003348|0.000000|0.000000|0.306920|0.002232|0.000000|0.000000|0.000000,0.000000|0.010603|0.000000|0.000000|0.670759|0.006138|0.000000|0.000000|0.000000|0.000000|0.003348|0.000000|0.000000|0.306920|0.002232|0.000000|0.000000|0.000000
RL_LCE_Quest8_PruneQuant-20251030-202125,3600,wikitext,2.0,-30.0,10.0,11.039027431155057,12.027971949647354,0.45625000327293364,0.8031250121338027,0.4974888392857143,0.45000000298023224,0.8031250089406967,0.4974888392857143,0.200000|1.000000,0.010045|0.005580|0.000000|0.000000|0.664062|0.000000|0.000000|0.000000|0.000000|0.000000|0.000000|0.000000|0.000000|0.320312|0.000000|0.000000|0.000000|0.000000,0.000000|0.015625|0.000000|0.005580|0.666295|0.000000|0.000000|0.000000|0.000000|0.000000|0.000000|0.000000|0.004464|0.308036|0.000000|0.000000|0.000000|0.000000,0.000000|0.015625|0.000000|0.005580|0.666295|0.000000|0.000000|0.000000|0.000000|0.000000|0.000000|0.000000|0.004464|0.308036|0.000000|0.000000|0.000000|0.000000
RL_LCE_Quest8_PruneQuant-20251030-202125,3600,wikitext,2.0,-30.0,20.0,21.54412670274455,22.96722226014968,0.38526786251791884,0.8838169681174415,0.39522879464285715,0.4000000059604645,0.8838169872760773,0.39522879464285715,0.200000|1.000000,0.419085|0.000000|0.000000|0.000000|0.349330|0.000000|0.000000|0.000000|0.000000|0.000000|0.000000|0.000000|0.000000|0.231585|0.000000|0.000000|0.000000|0.000000,0.127232|0.188616|0.000000|0.186942|0.247210|0.000000|0.000000|0.000000|0.000000|0.042411|0.060826|0.000000|0.062500|0.084263|0.000000|0.000000|0.000000|0.000000,0.127232|0.188616|0.000000|0.186942|0.247210|0.000000|0.000000|0.000000|0.000000|0.042411|0.060826|0.000000|0.062500|0.084263|0.000000|0.000000|0.000000|0.000000
RL_LCE_Quest8_PruneQuant-20251030-202125,3600,wikitext,2.0,-30.0,60.0,74.69973633644908,76.22620926346134,0.20000000298023224,1.0,0.25,0.20000000298023224,1.0,0.25,0.200000|1.000000,1.000000|0.000000|0.000000|0.000000|0.000000|0.000000|0.000000|0.000000|0.000000|0.000000|0.000000|0.000000|0.000000|0.000000|0.000000|0.000000|0.000000|0.000000,1.000000|0.000000|0.000000|0.000000|0.000000|0.000000|0.000000|0.000000|0.000000|0.000000|0.000000|0.000000|0.000000|0.000000|0.000000|0.000000|0.000000|0.000000,1.000000|0.000000|0.000000|0.000000|0.000000|0.000000|0.000000|0.000000|0.000000|0.000000|0.000000|0.000000|0.000000|0.000000|0.000000|0.000000|0.000000|0.000000
RL_LCE_Quest8_PruneQuant-20251030-202125,3600,wikitext,2.0,-30.0,64.0,74.69973633644908,76.22620926346134,0.20000000298023224,1.0,0.25,0.20000000298023224,1.0,0.25,0.200000|1.000000,1.000000|0.000000|0.000000|0.000000|0.000000|0.000000|0.000000|0.000000|0.000000|0.000000|0.000000|0.000000|0.000000|0.000000|0.000000|0.000000|0.000000|0.000000,1.000000|0.000000|0.000000|0.000000|0.000000|0.000000|0.000000|0.000000|0.000000|0.000000|0.000000|0.000000|0.000000|0.000000|0.000000|0.000000|0.000000|0.000000,1.000000|0.000000|0.000000|0.000000|0.000000|0.000000|0.000000|0.000000|0.000000|0.000000|0.000000|0.000000|0.000000|0.000000|0.000000|0.000000|0.000000|0.000000
RL_LCE_Quest8_PruneQuant-20251030-202125,3600,wikitext,2.0,20.0,-20.0,12.886140368394834,13.497966743382213,0.4375000029270138,0.6000000238418579,1.0,0.45000000298023224,0.6000000238418579,1.0,0.200000|1.000000,0.000000|0.000000|0.000000|0.000000|0.000000|0.000000|0.000000|0.000000|0.703125|0.000000|0.000000|0.000000|0.000000|0.000000|0.000000|0.000000|0.000000|0.296875,0.000000|0.000000|0.000000|0.000000|0.000000|0.000000|0.000000|0.000000|0.687500|0.000000|0.000000|0.000000|0.000000|0.000000|0.000000|0.000000|0.000000|0.312500,0.000000|0.000000|0.000000|0.000000|0.000000|0.000000|0.000000|0.000000|0.687500|0.000000|0.000000|0.000000|0.000000|0.000000|0.000000|0.000000|0.000000|0.312500
RL_LCE_Quest8_PruneQuant-20251030-202125,3600,wikitext,2.0,20.0,-16.0,12.886140368394834,13.497966743382213,0.4375000029270138,0.6000000238418579,1.0,0.45000000298023224,0.6000000238418579,1.0,0.200000|1.000000,0.000000|0.000000|0.000000|0.000000|0.000000|0.000000|0.000000|0.000000|0.703125|0.000000|0.000000|0.000000|0.000000|0.000000|0.000000|0.000000|0.000000|0.296875,0.000000|0.000000|0.000000|0.000000|0.000000|0.000000|0.000000|0.000000|0.687500|0.000000|0.000000|0.000000|0.000000|0.000000|0.000000|0.000000|0.000000|0.312500,0.000000|0.000000|0.000000|0.000000|0.000000|0.000000|0.000000|0.000000|0.687500|0.000000|0.000000|0.000000|0.000000|0.000000|0.000000|0.000000|0.000000|0.312500
RL_LCE_Quest8_PruneQuant-20251030-202125,3600,wikitext,2.0,20.0,-12.0,12.886140368394834,13.497966743382213,0.4375000029270138,0.6000000238418579,1.0,0.45000000298023224,0.6000000238418579,1.0,0.200000|1.000000,0.000000|0.000000|0.000000|0.000000|0.000000|0.000000|0.000000|0.000000|0.703125|0.000000|0.000000|0.000000|0.000000|0.000000|0.000000|0.000000|0.000000|0.296875,0.000000|0.000000|0.000000|0.000000|0.000000|0.000000|0.000000|0.000000|0.687500|0.000000|0.000000|0.000000|0.000000|0.000000|0.000000|0.000000|0.000000|0.312500,0.000000|0.000000|0.000000|0.000000|0.000000|0.000000|0.000000|0.000000|0.687500|0.000000|0.000000|0.000000|0.000000|0.000000|0.000000|0.000000|0.000000|0.312500
RL_LCE_Quest8_PruneQuant-20251030-202125,3600,wikitext,2.0,20.0,-10.0,12.886140368394834,13.497966743382213,0.4375000029270138,0.6000000238418579,1.0,0.45000000298023224,0.6000000238418579,1.0,0.200000|1.000000,0.000000|0.000000|0.000000|0.000000|0.000000|0.000000|0.000000|0.000000|0.703125|0.000000|0.000000|0.000000|0.000000|0.000000|0.000000|0.000000|0.000000|0.296875,0.000000|0.000000|0.000000|0.000000|0.000000|0.000000|0.000000|0.000000|0.687500|0.000000|0.000000|0.000000|0.000000|0.000000|0.000000|0.000000|0.000000|0.312500,0.000000|0.000000|0.000000|0.000000|0.000000|0.000000|0.000000|0.000000|0.687500|0.000000|0.000000|0.000000|0.000000|0.000000|0.000000|0.000000|0.000000|0.312500
RL_LCE_Quest8_PruneQuant-20251030-202125,3600,wikitext,2.0,20.0,0.0,12.829636067745296,14.015119606387843,0.42276786134711336,0.6008928801332202,0.501953125,0.4000000059604645,0.6008928801332202,0.501953125,0.200000|1.000000,0.000000|0.000000|0.000000|0.000000|0.003348|0.000000|0.000000|0.718192|0.000000|0.000000|0.000000|0.000000|0.000000|0.001116|0.000000|0.000000|0.273438|0.003906,0.000000|0.000000|0.000000|0.000000|0.003348|0.000000|0.000000|0.742746|0.003906|0.000000|0.000000|0.000000|0.000000|0.001116|0.000000|0.000000|0.248884|0.000000,0.000000|0.000000|0.000000|0.000000|0.003348|0.000000|0.000000|0.742746|0.003906|0.000000|0.000000|0.000000|0.000000|0.001116|0.000000|0.000000|0.248884|0.000000
RL_LCE_Quest8_PruneQuant-20251030-202125,3600,wikitext,2.0,20.0,10.0,12.82605686953508,14.0356646106856,0.4200892899451511,0.6008928801332202,0.5,0.4000000059604645,0.6008928801332202,0.5,0.200000|1.000000,0.000000|0.000000|0.000000|0.000000|0.003348|0.000000|0.000000|0.721540|0.000000|0.000000|0.000000|0.000000|0.000000|0.001116|0.000000|0.000000|0.273996|0.000000,0.000000|0.000000|0.000000|0.000000|0.003348|0.000000|0.000000|0.746652|0.000000|0.000000|0.000000|0.000000|0.000000|0.001116|0.000000|0.000000|0.248884|0.000000,0.000000|0.000000|0.000000|0.000000|0.003348|0.000000|0.000000|0.746652|0.000000|0.000000|0.000000|0.000000|0.000000|0.001116|0.000000|0.000000|0.248884|0.000000
RL_LCE_Quest8_PruneQuant-20251030-202125,3600,wikitext,2.0,20.0,20.0,12.82605686953508,14.0356646106856,0.4200892899451511,0.6008928801332202,0.5,0.4000000059604645,0.6008928801332202,0.5,0.200000|1.000000,0.000000|0.000000|0.000000|0.000000|0.003348|0.000000|0.000000|0.721540|0.000000|0.000000|0.000000|0.000000|0.000000|0.001116|0.000000|0.000000|0.273996|0.000000,0.000000|0.000000|0.000000|0.000000|0.003348|0.000000|0.000000|0.746652|0.000000|0.000000|0.000000|0.000000|0.000000|0.001116|0.000000|0.000000|0.248884|0.000000,0.000000|0.000000|0.000000|0.000000|0.003348|0.000000|0.000000|0.746652|0.000000|0.000000|0.000000|0.000000|0.000000|0.001116|0.000000|0.000000|0.248884|0.000000
RL_LCE_Quest8_PruneQuant-20251030-202125,3600,wikitext,2.0,20.0,60.0,27.89962593110046,25.9021189159488,0.3330357177183032,0.6000000238418579,0.41029575892857145,0.3500000014901161,0.6000000238418579,0.41029575892857145,0.200000|1.000000,0.000000|0.000000|0.000000|0.000000|0.000000|0.000000|0.358817|0.474888|0.000000|0.000000|0.000000|0.000000|0.000000|0.000000|0.000000|0.000000|0.166295|0.000000,0.000000|0.000000|0.000000|0.000000|0.000000|0.000000|0.298549|0.513951|0.000000|0.000000|0.000000|0.000000|0.000000|0.000000|0.000000|0.060268|0.127232|0.000000,0.000000|0.000000|0.000000|0.000000|0.000000|0.000000|0.298549|0.513951|0.000000|0.000000|0.000000|0.000000|0.000000|0.000000|0.000000|0.060268|0.127232|0.000000
RL_LCE_Quest8_PruneQuant-20251030-202125,3600,wikitext,2.0,20.0,64.0,85.19084484701014,84.04577636570134,0.22232143181775296,0.6000000238418579,0.2806919642857143,0.20000000298023224,0.6000000238418579,0.2806919642857143,0.200000|1.000000,0.000000|0.000000|0.000000|0.000000|0.000000|0.000000|0.877232|0.094866|0.000000|0.000000|0.000000|0.000000|0.000000|0.000000|0.000000|0.000000|0.027902|0.000000,0.000000|0.000000|0.000000|0.000000|0.000000|0.000000|0.877232|0.122768|0.000000|0.000000|0.000000|0.000000|0.000000|0.000000|0.000000|0.000000|0.000000|0.000000,0.000000|0.000000|0.000000|0.000000|0.000000|0.000000|0.877232|0.122768|0.000000|0.000000|0.000000|0.000000|0.000000|0.000000|0.000000|0.000000|0.000000|0.000000
RL_LCE_Quest8_PruneQuant-20251030-202125,3600,wikitext,2.0,10.0,-20.0,12.719143985735863,13.456602342267466,0.4375000029270138,0.6039062706487519,1.0,0.45000000298023224,0.6039062701165676,1.0,0.200000|1.000000,0.000000|0.000000|0.000000|0.000000|0.000000|0.016741|0.000000|0.000000|0.686384|0.000000|0.000000|0.000000|0.000000|0.000000|0.002790|0.000000|0.000000|0.294085,0.000000|0.000000|0.000000|0.000000|0.000000|0.015067|0.000000|0.000000|0.672433|0.000000|0.000000|0.000000|0.000000|0.000000|0.004464|0.000000|0.000000|0.308036,0.000000|0.000000|0.000000|0.000000|0.000000|0.015067|0.000000|0.000000|0.672433|0.000000|0.000000|0.000000|0.000000|0.000000|0.004464|0.000000|0.000000|0.308036
RL_LCE_Quest8_PruneQuant-20251030-202125,3600,wikitext,2.0,10.0,-16.0,12.719143985735863,13.456602342267466,0.4375000029270138,0.6039062706487519,1.0,0.45000000298023224,0.6039062701165676,1.0,0.200000|1.000000,0.000000|0.000000|0.000000|0.000000|0.000000|0.016741|0.000000|0.000000|0.686384|0.000000|0.000000|0.000000|0.000000|0.000000|0.002790|0.000000|0.000000|0.294085,0.000000|0.000000|0.000000|0.000000|0.000000|0.015067|0.000000|0.000000|0.672433|0.000000|0.000000|0.000000|0.000000|0.000000|0.004464|0.000000|0.000000|0.308036,0.000000|0.000000|0.000000|0.000000|0.000000|0.015067|0.000000|0.000000|0.672433|0.000000|0.000000|0.000000|0.000000|0.000000|0.004464|0.000000|0.000000|0.308036
RL_LCE_Quest8_PruneQuant-20251030-202125,3600,wikitext,2.0,10.0,-12.0,12.719143985735863,13.456602342267466,0.4375000029270138,0.6039062706487519,1.0,0.45000000298023224,0.6039062701165676,1.0,0.200000|1.000000,0.000000|0.000000|0.000000|0.000000|0.000000|0.016741|0.000000|0.000000|0.686384|0.000000|0.000000|0.000000|0.000000|0.000000|0.002790|0.000000|0.000000|0.294085,0.000000|0.000000|0.000000|0.000000|0.000000|0.015067|0.000000|0.000000|0.672433|0.000000|0.000000|0.000000|0.000000|0.000000|0.004464|0.000000|0.000000|0.308036,0.000000|0.000000|0.000000|0.000000|0.000000|0.015067|0.000000|0.000000|0.672433|0.000000|0.000000|0.000000|0.000000|0.000000|0.004464|0.000000|0.000000|0.308036
RL_LCE_Quest8_PruneQuant-20251030-202125,3600,wikitext,2.0,10.0,-10.0,12.719143985735863,13.456602342267466,0.4375000029270138,0.6039062706487519,1.0,0.45000000298023224,0.6039062701165676,1.0,0.200000|1.000000,0.000000|0.000000|0.000000|0.000000|0.000000|0.016741|0.000000|0.000000|0.686384|0.000000|0.000000|0.000000|0.000000|0.000000|0.002790|0.000000|0.000000|0.294085,0.000000|0.000000|0.000000|0.000000|0.000000|0.015067|0.000000|0.000000|0.672433|0.000000|0.000000|0.000000|0.000000|0.000000|0.004464|0.000000|0.000000|0.308036,0.000000|0.000000|0.000000|0.000000|0.000000|0.015067|0.000000|0.000000|0.672433|0.000000|0.000000|0.000000|0.000000|0.000000|0.004464|0.000000|0.000000|0.308036
RL_LCE_Quest8_PruneQuant-20251030-202125,3600,wikitext,2.0,10.0,0.0,12.47226344520661,13.424725782284412,0.4245535752602986,0.6289062755448478,0.5016741071428571,0.4000000059604645,0.6289062649011612,0.5016741071428571,0.200000|1.000000,0.000000|0.000000|0.000000|0.000000|0.121652|0.000000|0.000000|0.597656|0.000000|0.000000|0.000000|0.000000|0.000000|0.022879|0.000000|0.000000|0.254464|0.003348,0.000000|0.000000|0.000000|0.000000|0.105469|0.000000|0.000000|0.642857|0.001674|0.000000|0.000000|0.000000|0.000000|0.038504|0.000558|0.000000|0.209821|0.001116,0.000000|0.000000|0.000000|0.000000|0.105469|0.000000|0.000000|0.642857|0.001674|0.000000|0.000000|0.000000|0.000000|0.038504|0.000558|0.000000|0.209821|0.001116
RL_LCE_Quest8_PruneQuant-20251030-202125,3600,wikitext,2.0,10.0,10.0,12.39593828891923,13.427535379912504,0.4241071468485253,0.6290178831134524,0.5,0.4000000059604645,0.6290178724697658,0.5,0.200000|1.000000,0.000000|0.000000|0.000000|0.000000|0.120536|0.000000|0.000000|0.599330|0.000000|0.000000|0.000000|0.000000|0.000000|0.024554|0.000000|0.000000|0.255580|0.000000,0.000000|0.000000|0.000000|0.000000|0.109933|0.000000|0.000000|0.640067|0.000000|0.000000|0.000000|0.000000|0.000000|0.035156|0.000000|0.000000|0.214844|0.000000,0.000000|0.000000|0.000000|0.000000|0.109933|0.000000|0.000000|0.640067|0.000000|0.000000|0.000000|0.000000|0.000000|0.035156|0.000000|0.000000|0.214844|0.000000
RL_LCE_Quest8_PruneQuant-20251030-202125,3600,wikitext,2.0,10.0,20.0,12.39593828891923,13.427535379912504,0.4241071468485253,0.6290178831134524,0.5,0.4000000059604645,0.6290178724697658,0.5,0.200000|1.000000,0.000000|0.000000|0.000000|0.000000|0.120536|0.000000|0.000000|0.599330|0.000000|0.000000|0.000000|0.000000|0.000000|0.024554|0.000000|0.000000|0.255580|0.000000,0.000000|0.000000|0.000000|0.000000|0.109933|0.000000|0.000000|0.640067|0.000000|0.000000|0.000000|0.000000|0.000000|0.035156|0.000000|0.000000|0.214844|0.000000,0.000000|0.000000|0.000000|0.000000|0.109933|0.000000|0.000000|0.640067|0.000000|0.000000|0.000000|0.000000|0.000000|0.035156|0.000000|0.000000|0.214844|0.000000
RL_LCE_Quest8_PruneQuant-20251030-202125,3600,wikitext,2.0,10.0,60.0,21.932298758038733,23.57099052940119,0.34955357454184977,0.6158482384468827,0.435546875,0.3500000014901161,0.6158482230135373,0.435546875,0.200000|1.000000,0.000000|0.000000|0.000000|0.000000|0.079241|0.000000|0.257812|0.476004|0.000000|0.000000|0.000000|0.000000|0.000000|0.000000|0.000000|0.000000|0.186942|0.000000,0.000000|0.000000|0.000000|0.011161|0.055804|0.000000|0.191964|0.553571|0.000000|0.000000|0.000000|0.000000|0.005022|0.007254|0.000000|0.049665|0.125558|0.000000,0.000000|0.000000|0.000000|0.011161|0.055804|0.000000|0.191964|0.553571|0.000000|0.000000|0.000000|0.000000|0.005022|0.007254|0.000000|0.049665|0.125558|0.000000
RL_LCE_Quest8_PruneQuant-20251030-202125,3600,wikitext,2.0,10.0,64.0,84.50430293354817,81.8244331568129,0.22232143181775296,0.6002232379146984,0.28097098214285715,0.20000000298023224,0.6002232379146984,0.28097098214285715,0.200000|1.000000,0.000000|0.000000|0.000000|0.000000|0.001116|0.000000|0.876116|0.094866|0.000000|0.000000|0.000000|0.000000|0.000000|0.000000|0.000000|0.000000|0.027902|0.000000,0.000000|0.000000|0.000000|0.001116|0.000000|0.000000|0.875000|0.123884|0.000000|0.000000|0.000000|0.000000|0.000000|0.000000|0.000000|0.000000|0.000000|0.000000,0.000000|0.000000|0.000000|0.001116|0.000000|0.000000|0.875000|0.123884|0.000000|0.000000|0.000000|0.000000|0.000000|0.000000|0.000000|0.000000|0.000000|0.000000
RL_LCE_Quest8_PruneQuant-20251030-202125,3600,wikitext,2.0,0.0,-20.0,11.57929685891098,12.451401007735669,0.44553571699985434,0.7130580528506211,1.0,0.45000000298023224,0.713058028370142,1.0,0.200000|1.000000,0.000000|0.000000|0.000000|0.000000|0.000000|0.378348|0.000000|0.000000|0.314732|0.000000|0.000000|0.000000|0.000000|0.000000|0.186942|0.000000|0.000000|0.119978,0.000000|0.000000|0.000000|0.000000|0.000000|0.386161|0.000000|0.000000|0.301339|0.000000|0.000000|0.000000|0.000000|0.000000|0.179129|0.000000|0.000000|0.133371,0.000000|0.000000|0.000000|0.000000|0.000000|0.386161|0.000000|0.000000|0.301339|0.000000|0.000000|0.000000|0.000000|0.000000|0.179129|0.000000|0.000000|0.133371
RL_LCE_Quest8_PruneQuant-20251030-202125,3600,wikitext,2.0,0.0,-16.0,11.57929685891098,12.451401007735669,0.44553571699985434,0.7130580528506211,1.0,0.45000000298023224,0.713058028370142,1.0,0.200000|1.000000,0.000000|0.000000|0.000000|0.000000|0.000000|0.378348|0.000000|0.000000|0.314732|0.000000|0.000000|0.000000|0.000000|0.000000|0.186942|0.000000|0.000000|0.119978,0.000000|0.000000|0.000000|0.000000|0.000000|0.386161|0.000000|0.000000|0.301339|0.000000|0.000000|0.000000|0.000000|0.000000|0.179129|0.000000|0.000000|0.133371,0.000000|0.000000|0.000000|0.000000|0.000000|0.386161|0.000000|0.000000|0.301339|0.000000|0.000000|0.000000|0.000000|0.000000|0.179129|0.000000|0.000000|0.133371
RL_LCE_Quest8_PruneQuant-20251030-202125,3600,wikitext,2.0,0.0,-12.0,11.57929685891098,12.451401007735669,0.44553571699985434,0.7130580528506211,1.0,0.45000000298023224,0.713058028370142,1.0,0.200000|1.000000,0.000000|0.000000|0.000000|0.000000|0.000000|0.378348|0.000000|0.000000|0.314732|0.000000|0.000000|0.000000|0.000000|0.000000|0.186942|0.000000|0.000000|0.119978,0.000000|0.000000|0.000000|0.000000|0.000000|0.386161|0.000000|0.000000|0.301339|0.000000|0.000000|0.000000|0.000000|0.000000|0.179129|0.000000|0.000000|0.133371,0.000000|0.000000|0.000000|0.000000|0.000000|0.386161|0.000000|0.000000|0.301339|0.000000|0.000000|0.000000|0.000000|0.000000|0.179129|0.000000|0.000000|0.133371
RL_LCE_Quest8_PruneQuant-20251030-202125,3600,wikitext,2.0,0.0,-10.0,11.558315491855064,12.424505332649723,0.44687500276735853,0.71261162470494,0.9944196428571429,0.45000000298023224,0.7126115986279079,0.9944196428571429,0.200000|1.000000,0.000000|0.000000|0.000000|0.000000|0.011161|0.366629|0.000000|0.000000|0.313616|0.000000|0.000000|0.000000|0.000000|0.000000|0.185268|0.000000|0.000000|0.123326,0.000000|0.000000|0.000000|0.000000|0.004464|0.383929|0.000000|0.003348|0.295759|0.000000|0.000000|0.000000|0.000000|0.001116|0.173549|0.000000|0.002232|0.135603,0.000000|0.000000|0.000000|0.000000|0.004464|0.383929|0.000000|0.003348|0.295759|0.000000|0.000000|0.000000|0.000000|0.001116|0.173549|0.000000|0.002232|0.135603
RL_LCE_Quest8_PruneQuant-20251030-202125,3600,wikitext,2.0,0.0,0.0,11.284268619658304,12.453138210524305,0.4468750036986811,0.731473230357681,0.5,0.45000000298023224,0.7314732394048146,0.5,0.200000|1.000000,0.000000|0.000000|0.000000|0.000000|0.500000|0.000000|0.000000|0.191406|0.000000|0.000000|0.000000|0.000000|0.000000|0.157366|0.000000|0.000000|0.151228|0.000000,0.000000|0.000000|0.000000|0.000000|0.457589|0.000000|0.000000|0.229911|0.000000|0.000000|0.000000|0.000000|0.000000|0.199777|0.000000|0.000000|0.112723|0.000000,0.000000|0.000000|0.000000|0.000000|0.457589|0.000000|0.000000|0.229911|0.000000|0.000000|0.000000|0.000000|0.000000|0.199777|0.000000|0.000000|0.112723|0.000000
RL_LCE_Quest8_PruneQuant-20251030-202125,3600,wikitext,2.0,0.0,10.0,11.284268619658304,12.453138210524305,0.4468750036986811,0.731473230357681,0.5,0.45000000298023224,0.7314732394048146,0.5,0.200000|1.000000,0.000000|0.000000|0.000000|0.000000|0.500000|0.000000|0.000000|0.191406|0.000000|0.000000|0.000000|0.000000|0.000000|0.157366|0.000000|0.000000|0.151228|0.000000,0.000000|0.000000|0.000000|0.000000|0.457589|0.000000|0.000000|0.229911|0.000000|0.000000|0.000000|0.000000|0.000000|0.199777|0.000000|0.000000|0.112723|0.000000,0.000000|0.000000|0.000000|0.000000|0.457589|0.000000|0.000000|0.229911|0.000000|0.000000|0.000000|0.000000|0.000000|0.199777|0.000000|0.000000|0.112723|0.000000
RL_LCE_Quest8_PruneQuant-20251030-202125,3600,wikitext,2.0,0.0,20.0,11.284268619658304,12.453138210524305,0.4468750036986811,0.731473230357681,0.5,0.45000000298023224,0.7314732394048146,0.5,0.200000|1.000000,0.000000|0.000000|0.000000|0.000000|0.500000|0.000000|0.000000|0.191406|0.000000|0.000000|0.000000|0.000000|0.000000|0.157366|0.000000|0.000000|0.151228|0.000000,0.000000|0.000000|0.000000|0.000000|0.457589|0.000000|0.000000|0.229911|0.000000|0.000000|0.000000|0.000000|0.000000|0.199777|0.000000|0.000000|0.112723|0.000000,0.000000|0.000000|0.000000|0.000000|0.457589|0.000000|0.000000|0.229911|0.000000|0.000000|0.000000|0.000000|0.000000|0.199777|0.000000|0.000000|0.112723|0.000000
RL_LCE_Quest8_PruneQuant-20251030-202125,3600,wikitext,2.0,0.0,60.0,11.430033625236517,12.586755235280132,0.4464285744886313,0.7308035860104221,0.4994419642857143,0.45000000298023224,0.7308035961219242,0.4994419642857143,0.200000|1.000000,0.000000|0.000000|0.000000|0.000000|0.494978|0.000000|0.002232|0.194754|0.000000|0.000000|0.000000|0.000000|0.000000|0.159040|0.000000|0.000000|0.148996|0.000000,0.000000|0.000000|0.000000|0.002232|0.449219|0.000000|0.000000|0.236049|0.000000|0.000000|0.000000|0.000000|0.000000|0.202567|0.000000|0.000000|0.109933|0.000000,0.000000|0.000000|0.000000|0.002232|0.449219|0.000000|0.000000|0.236049|0.000000|0.000000|0.000000|0.000000|0.000000|0.202567|0.000000|0.000000|0.109933|0.000000
RL_LCE_Quest8_PruneQuant-20251030-202125,3600,wikitext,2.0,0.0,64.0,17.854480127806283,18.945108260716278,0.40892857659075943,0.7155134129737105,0.44168526785714285,0.4000000059604645,0.7155133916863373,0.44168526785714285,0.200000|1.000000,0.000558|0.000000|0.000000|0.000000|0.349888|0.000000|0.232701|0.155692|0.000000|0.000000|0.000000|0.000000|0.000000|0.226562|0.000000|0.000000|0.034598|0.000000,0.000000|0.000000|0.000000|0.064174|0.367746|0.000000|0.063616|0.254464|0.000000|0.000000|0.000000|0.000000|0.060826|0.084821|0.000000|0.044643|0.059710|0.000000,0.000000|0.000000|0.000000|0.064174|0.367746|0.000000|0.063616|0.254464|0.000000|0.000000|0.000000|0.000000|0.060826|0.084821|0.000000|0.044643|0.059710|0.000000
RL_LCE_Quest8_PruneQuant-20251030-202125,3600,wikitext,2.0,5.0,-20.0,12.42883941197671,13.387320607904288,0.435714289812105,0.6283482382340091,1.0,0.45000000298023224,0.6283482270581382,1.0,0.200000|1.000000,0.000000|0.000000|0.000000|0.000000|0.000000|0.123326|0.000000|0.000000|0.582031|0.000000|0.000000|0.000000|0.000000|0.000000|0.018415|0.000000|0.000000|0.276228,0.000000|0.000000|0.000000|0.000000|0.000000|0.098214|0.000000|0.000000|0.589286|0.000000|0.000000|0.000000|0.000000|0.000000|0.043527|0.000000|0.000000|0.268973,0.000000|0.000000|0.000000|0.000000|0.000000|0.098214|0.000000|0.000000|0.589286|0.000000|0.000000|0.000000|0.000000|0.000000|0.043527|0.000000|0.000000|0.268973
RL_LCE_Quest8_PruneQuant-20251030-202125,3600,wikitext,2.0,5.0,-16.0,12.42883941197671,13.387320607904288,0.435714289812105,0.6283482382340091,1.0,0.45000000298023224,0.6283482270581382,1.0,0.200000|1.000000,0.000000|0.000000|0.000000|0.000000|0.000000|0.123326|0.000000|0.000000|0.582031|0.000000|0.000000|0.000000|0.000000|0.000000|0.018415|0.000000|0.000000|0.276228,0.000000|0.000000|0.000000|0.000000|0.000000|0.098214|0.000000|0.000000|0.589286|0.000000|0.000000|0.000000|0.000000|0.000000|0.043527|0.000000|0.000000|0.268973,0.000000|0.000000|0.000000|0.000000|0.000000|0.098214|0.000000|0.000000|0.589286|0.000000|0.000000|0.000000|0.000000|0.000000|0.043527|0.000000|0.000000|0.268973
RL_LCE_Quest8_PruneQuant-20251030-202125,3600,wikitext,2.0,5.0,-12.0,12.42883941197671,13.387320607904288,0.435714289812105,0.6283482382340091,1.0,0.45000000298023224,0.6283482270581382,1.0,0.200000|1.000000,0.000000|0.000000|0.000000|0.000000|0.000000|0.123326|0.000000|0.000000|0.582031|0.000000|0.000000|0.000000|0.000000|0.000000|0.018415|0.000000|0.000000|0.276228,0.000000|0.000000|0.000000|0.000000|0.000000|0.098214|0.000000|0.000000|0.589286|0.000000|0.000000|0.000000|0.000000|0.000000|0.043527|0.000000|0.000000|0.268973,0.000000|0.000000|0.000000|0.000000|0.000000|0.098214|0.000000|0.000000|0.589286|0.000000|0.000000|0.000000|0.000000|0.000000|0.043527|0.000000|0.000000|0.268973
RL_LCE_Quest8_PruneQuant-20251030-202125,3600,wikitext,2.0,5.0,-10.0,12.41844016053068,13.32304147057326,0.435714289812105,0.6280134171247482,0.9983258928571429,0.45000000298023224,0.6280134043523243,0.9983258928571429,0.200000|1.000000,0.000000|0.000000|0.000000|0.000000|0.003348|0.118862|0.000000|0.000000|0.583147|0.000000|0.000000|0.000000|0.000000|0.000000|0.017857|0.000000|0.000000|0.276786,0.000000|0.000000|0.000000|0.000000|0.000000|0.097656|0.000000|0.001116|0.588728|0.000000|0.000000|0.000000|0.000000|0.000000|0.042411|0.000000|0.002232|0.267857,0.000000|0.000000|0.000000|0.000000|0.000000|0.097656|0.000000|0.001116|0.588728|0.000000|0.000000|0.000000|0.000000|0.000000|0.042411|0.000000|0.002232|0.267857
RL_LCE_Quest8_PruneQuant-20251030-202125,3600,wikitext,2.0,5.0,0.0,11.640845641591683,12.89423270063538,0.4330357185431889,0.6809152018811021,0.5,0.45000000298023224,0.6809152008167335,0.5,0.200000|1.000000,0.000000|0.000000|0.000000|0.000000|0.339286|0.000000|0.000000|0.369420|0.000000|0.000000|0.000000|0.000000|0.000000|0.065290|0.000000|0.000000|0.226004|0.000000,0.000000|0.000000|0.000000|0.000000|0.279018|0.000000|0.000000|0.408482|0.000000|0.000000|0.000000|0.000000|0.000000|0.125558|0.000000|0.000000|0.186942|0.000000,0.000000|0.000000|0.000000|0.000000|0.279018|0.000000|0.000000|0.408482|0.000000|0.000000|0.000000|0.000000|0.000000|0.125558|0.000000|0.000000|0.186942|0.000000
RL_LCE_Quest8_PruneQuant-20251030-202125,3600,wikitext,2.0,5.0,10.0,11.640845641591683,12.89423270063538,0.4330357185431889,0.6809152018811021,0.5,0.45000000298023224,0.6809152008167335,0.5,0.200000|1.000000,0.000000|0.000000|0.000000|0.000000|0.339286|0.000000|0.000000|0.369420|0.000000|0.000000|0.000000|0.000000|0.000000|0.065290|0.000000|0.000000|0.226004|0.000000,0.000000|0.000000|0.000000|0.000000|0.279018|0.000000|0.000000|0.408482|0.000000|0.000000|0.000000|0.000000|0.000000|0.125558|0.000000|0.000000|0.186942|0.000000,0.000000|0.000000|0.000000|0.000000|0.279018|0.000000|0.000000|0.408482|0.000000|0.000000|0.000000|0.000000|0.000000|0.125558|0.000000|0.000000|0.186942|0.000000
RL_LCE_Quest8_PruneQuant-20251030-202125,3600,wikitext,2.0,5.0,20.0,11.640845641591683,12.89423270063538,0.4330357185431889,0.6809152018811021,0.5,0.45000000298023224,0.6809152008167335,0.5,0.200000|1.000000,0.000000|0.000000|0.000000|0.000000|0.339286|0.000000|0.000000|0.369420|0.000000|0.000000|0.000000|0.000000|0.000000|0.065290|0.000000|0.000000|0.226004|0.000000,0.000000|0.000000|0.000000|0.000000|0.279018|0.000000|0.000000|0.408482|0.000000|0.000000|0.000000|0.000000|0.000000|0.125558|0.000000|0.000000|0.186942|0.000000,0.000000|0.000000|0.000000|0.000000|0.279018|0.000000|0.000000|0.408482|0.000000|0.000000|0.000000|0.000000|0.000000|0.125558|0.000000|0.000000|0.186942|0.000000
RL_LCE_Quest8_PruneQuant-20251030-202125,3600,wikitext,2.0,5.0,60.0,12.132459772456658,13.2924084676389,0.4272321453318,0.679910737488951,0.4956752232142857,0.45000000298023224,0.6799107406820569,0.4956752232142857,0.200000|1.000000,0.000000|0.000000|0.000000|0.000000|0.336496|0.000000|0.017299|0.362165|0.000000|0.000000|0.000000|0.000000|0.000000|0.063058|0.000000|0.000000|0.220982|0.000000,0.000000|0.000000|0.000000|0.004464|0.271205|0.000000|0.006696|0.405134|0.000000|0.000000|0.000000|0.000000|0.003348|0.120536|0.000000|0.002790|0.185826|0.000000,0.000000|0.000000|0.000000|0.004464|0.271205|0.000000|0.006696|0.405134|0.000000|0.000000|0.000000|0.000000|0.003348|0.120536|0.000000|0.002790|0.185826|0.000000
RL_LCE_Quest8_PruneQuant-20251030-202125,3600,wikitext,2.0,5.0,64.0,48.03504283329581,49.47693970242635,0.24330357435558522,0.6363839491137436,0.32700892857142855,0.25,0.6363839719976697,0.32700892857142855,0.200000|1.000000,0.000000|0.000000|0.000000|0.000000|0.161830|0.000000|0.691964|0.092076|0.000000|0.000000|0.000000|0.000000|0.000000|0.020089|0.000000|0.000000|0.034040|0.000000,0.000000|0.000000|0.000000|0.112723|0.060826|0.000000|0.533482|0.230469|0.000000|0.000000|0.000000|0.000000|0.007254|0.001116|0.000000|0.038504|0.015625|0.000000,0.000000|0.000000|0.000000|0.112723|0.060826|0.000000|0.533482|0.230469|0.000000|0.000000|0.000000|0.000000|0.007254|0.001116|0.000000|0.038504|0.015625|0.000000
RL_LCE_Quest8_PruneQuant-20251030-202125,3600,wikitext,2.0,10.0,-20.0,12.719143985735863,13.456602342267466,0.4375000029270138,0.6039062706487519,1.0,0.45000000298023224,0.6039062701165676,1.0,0.200000|1.000000,0.000000|0.000000|0.000000|0.000000|0.000000|0.016741|0.000000|0.000000|0.686384|0.000000|0.000000|0.000000|0.000000|0.000000|0.002790|0.000000|0.000000|0.294085,0.000000|0.000000|0.000000|0.000000|0.000000|0.015067|0.000000|0.000000|0.672433|0.000000|0.000000|0.000000|0.000000|0.000000|0.004464|0.000000|0.000000|0.308036,0.000000|0.000000|0.000000|0.000000|0.000000|0.015067|0.000000|0.000000|0.672433|0.000000|0.000000|0.000000|0.000000|0.000000|0.004464|0.000000|0.000000|0.308036
RL_LCE_Quest8_PruneQuant-20251030-202125,3600,wikitext,2.0,10.0,-16.0,12.719143985735863,13.456602342267466,0.4375000029270138,0.6039062706487519,1.0,0.45000000298023224,0.6039062701165676,1.0,0.200000|1.000000,0.000000|0.000000|0.000000|0.000000|0.000000|0.016741|0.000000|0.000000|0.686384|0.000000|0.000000|0.000000|0.000000|0.000000|0.002790|0.000000|0.000000|0.294085,0.000000|0.000000|0.000000|0.000000|0.000000|0.015067|0.000000|0.000000|0.672433|0.000000|0.000000|0.000000|0.000000|0.000000|0.004464|0.000000|0.000000|0.308036,0.000000|0.000000|0.000000|0.000000|0.000000|0.015067|0.000000|0.000000|0.672433|0.000000|0.000000|0.000000|0.000000|0.000000|0.004464|0.000000|0.000000|0.308036
RL_LCE_Quest8_PruneQuant-20251030-202125,3600,wikitext,2.0,10.0,-12.0,12.719143985735863,13.456602342267466,0.4375000029270138,0.6039062706487519,1.0,0.45000000298023224,0.6039062701165676,1.0,0.200000|1.000000,0.000000|0.000000|0.000000|0.000000|0.000000|0.016741|0.000000|0.000000|0.686384|0.000000|0.000000|0.000000|0.000000|0.000000|0.002790|0.000000|0.000000|0.294085,0.000000|0.000000|0.000000|0.000000|0.000000|0.015067|0.000000|0.000000|0.672433|0.000000|0.000000|0.000000|0.000000|0.000000|0.004464|0.000000|0.000000|0.308036,0.000000|0.000000|0.000000|0.000000|0.000000|0.015067|0.000000|0.000000|0.672433|0.000000|0.000000|0.000000|0.000000|0.000000|0.004464|0.000000|0.000000|0.308036
RL_LCE_Quest8_PruneQuant-20251030-202125,3600,wikitext,2.0,10.0,-10.0,12.719143985735863,13.456602342267466,0.4375000029270138,0.6039062706487519,1.0,0.45000000298023224,0.6039062701165676,1.0,0.200000|1.000000,0.000000|0.000000|0.000000|0.000000|0.000000|0.016741|0.000000|0.000000|0.686384|0.000000|0.000000|0.000000|0.000000|0.000000|0.002790|0.000000|0.000000|0.294085,0.000000|0.000000|0.000000|0.000000|0.000000|0.015067|0.000000|0.000000|0.672433|0.000000|0.000000|0.000000|0.000000|0.000000|0.004464|0.000000|0.000000|0.308036,0.000000|0.000000|0.000000|0.000000|0.000000|0.015067|0.000000|0.000000|0.672433|0.000000|0.000000|0.000000|0.000000|0.000000|0.004464|0.000000|0.000000|0.308036
RL_LCE_Quest8_PruneQuant-20251030-202125,3600,wikitext,2.0,10.0,0.0,12.47226344520661,13.424725782284412,0.4245535752602986,0.6289062755448478,0.5016741071428571,0.4000000059604645,0.6289062649011612,0.5016741071428571,0.200000|1.000000,0.000000|0.000000|0.000000|0.000000|0.121652|0.000000|0.000000|0.597656|0.000000|0.000000|0.000000|0.000000|0.000000|0.022879|0.000000|0.000000|0.254464|0.003348,0.000000|0.000000|0.000000|0.000000|0.105469|0.000000|0.000000|0.642857|0.001674|0.000000|0.000000|0.000000|0.000000|0.038504|0.000558|0.000000|0.209821|0.001116,0.000000|0.000000|0.000000|0.000000|0.105469|0.000000|0.000000|0.642857|0.001674|0.000000|0.000000|0.000000|0.000000|0.038504|0.000558|0.000000|0.209821|0.001116
RL_LCE_Quest8_PruneQuant-20251030-202125,3600,wikitext,2.0,10.0,10.0,12.39593828891923,13.427535379912504,0.4241071468485253,0.6290178831134524,0.5,0.4000000059604645,0.6290178724697658,0.5,0.200000|1.000000,0.000000|0.000000|0.000000|0.000000|0.120536|0.000000|0.000000|0.599330|0.000000|0.000000|0.000000|0.000000|0.000000|0.024554|0.000000|0.000000|0.255580|0.000000,0.000000|0.000000|0.000000|0.000000|0.109933|0.000000|0.000000|0.640067|0.000000|0.000000|0.000000|0.000000|0.000000|0.035156|0.000000|0.000000|0.214844|0.000000,0.000000|0.000000|0.000000|0.000000|0.109933|0.000000|0.000000|0.640067|0.000000|0.000000|0.000000|0.000000|0.000000|0.035156|0.000000|0.000000|0.214844|0.000000
RL_LCE_Quest8_PruneQuant-20251030-202125,3600,wikitext,2.0,10.0,20.0,12.39593828891923,13.427535379912504,0.4241071468485253,0.6290178831134524,0.5,0.4000000059604645,0.6290178724697658,0.5,0.200000|1.000000,0.000000|0.000000|0.000000|0.000000|0.120536|0.000000|0.000000|0.599330|0.000000|0.000000|0.000000|0.000000|0.000000|0.024554|0.000000|0.000000|0.255580|0.000000,0.000000|0.000000|0.000000|0.000000|0.109933|0.000000|0.000000|0.640067|0.000000|0.000000|0.000000|0.000000|0.000000|0.035156|0.000000|0.000000|0.214844|0.000000,0.000000|0.000000|0.000000|0.000000|0.109933|0.000000|0.000000|0.640067|0.000000|0.000000|0.000000|0.000000|0.000000|0.035156|0.000000|0.000000|0.214844|0.000000
RL_LCE_Quest8_PruneQuant-20251030-202125,3600,wikitext,2.0,10.0,60.0,21.932298758038733,23.57099052940119,0.34955357454184977,0.6158482384468827,0.435546875,0.3500000014901161,0.6158482230135373,0.435546875,0.200000|1.000000,0.000000|0.000000|0.000000|0.000000|0.079241|0.000000|0.257812|0.476004|0.000000|0.000000|0.000000|0.000000|0.000000|0.000000|0.000000|0.000000|0.186942|0.000000,0.000000|0.000000|0.000000|0.011161|0.055804|0.000000|0.191964|0.553571|0.000000|0.000000|0.000000|0.000000|0.005022|0.007254|0.000000|0.049665|0.125558|0.000000,0.000000|0.000000|0.000000|0.011161|0.055804|0.000000|0.191964|0.553571|0.000000|0.000000|0.000000|0.000000|0.005022|0.007254|0.000000|0.049665|0.125558|0.000000
RL_LCE_Quest8_PruneQuant-20251030-202125,3600,wikitext,2.0,10.0,64.0,84.50430293354817,81.8244331568129,0.22232143181775296,0.6002232379146984,0.28097098214285715,0.20000000298023224,0.6002232379146984,0.28097098214285715,0.200000|1.000000,0.000000|0.000000|0.000000|0.000000|0.001116|0.000000|0.876116|0.094866|0.000000|0.000000|0.000000|0.000000|0.000000|0.000000|0.000000|0.000000|0.027902|0.000000,0.000000|0.000000|0.000000|0.001116|0.000000|0.000000|0.875000|0.123884|0.000000|0.000000|0.000000|0.000000|0.000000|0.000000|0.000000|0.000000|0.000000|0.000000,0.000000|0.000000|0.000000|0.001116|0.000000|0.000000|0.875000|0.123884|0.000000|0.000000|0.000000|0.000000|0.000000|0.000000|0.000000|0.000000|0.000000|0.000000
RL_LCE_Quest8_PruneQuant-20251030-202125,3600,wikitext,4.0,-50.0,-20.0,11.957701622648422,12.178245784870148,0.20000000298023224,1.0,1.0,0.20000000298023224,1.0,1.0,0.200000|1.000000,0.000000|0.000000|1.000000|0.000000|0.000000|0.000000|0.000000|0.000000|0.000000|0.000000|0.000000|0.000000|0.000000|0.000000|0.000000|0.000000|0.000000|0.000000,0.000000|0.000000|1.000000|0.000000|0.000000|0.000000|0.000000|0.000000|0.000000|0.000000|0.000000|0.000000|0.000000|0.000000|0.000000|0.000000|0.000000|0.000000,0.000000|0.000000|1.000000|0.000000|0.000000|0.000000|0.000000|0.000000|0.000000|0.000000|0.000000|0.000000|0.000000|0.000000|0.000000|0.000000|0.000000|0.000000
RL_LCE_Quest8_PruneQuant-20251030-202125,3600,wikitext,4.0,-50.0,-16.0,11.957701622648422,12.178245784870148,0.20000000298023224,1.0,1.0,0.20000000298023224,1.0,1.0,0.200000|1.000000,0.000000|0.000000|1.000000|0.000000|0.000000|0.000000|0.000000|0.000000|0.000000|0.000000|0.000000|0.000000|0.000000|0.000000|0.000000|0.000000|0.000000|0.000000,0.000000|0.000000|1.000000|0.000000|0.000000|0.000000|0.000000|0.000000|0.000000|0.000000|0.000000|0.000000|0.000000|0.000000|0.000000|0.000000|0.000000|0.000000,0.000000|0.000000|1.000000|0.000000|0.000000|0.000000|0.000000|0.000000|0.000000|0.000000|0.000000|0.000000|0.000000|0.000000|0.000000|0.000000|0.000000|0.000000
RL_LCE_Quest8_PruneQuant-20251030-202125,3600,wikitext,4.0,-50.0,-12.0,11.957701622648422,12.178245784870148,0.20000000298023224,1.0,1.0,0.20000000298023224,1.0,1.0,0.200000|1.000000,0.000000|0.000000|1.000000|0.000000|0.000000|0.000000|0.000000|0.000000|0.000000|0.000000|0.000000|0.000000|0.000000|0.000000|0.000000|0.000000|0.000000|0.000000,0.000000|0.000000|1.000000|0.000000|0.000000|0.000000|0.000000|0.000000|0.000000|0.000000|0.000000|0.000000|0.000000|0.000000|0.000000|0.000000|0.000000|0.000000,0.000000|0.000000|1.000000|0.000000|0.000000|0.000000|0.000000|0.000000|0.000000|0.000000|0.000000|0.000000|0.000000|0.000000|0.000000|0.000000|0.000000|0.000000
RL_LCE_Quest8_PruneQuant-20251030-202125,3600,wikitext,4.0,-50.0,-10.0,11.957701622648422,12.178245784870148,0.20000000298023224,1.0,1.0,0.20000000298023224,1.0,1.0,0.200000|1.000000,0.000000|0.000000|1.000000|0.000000|0.000000|0.000000|0.000000|0.000000|0.000000|0.000000|0.000000|0.000000|0.000000|0.000000|0.000000|0.000000|0.000000|0.000000,0.000000|0.000000|1.000000|0.000000|0.000000|0.000000|0.000000|0.000000|0.000000|0.000000|0.000000|0.000000|0.000000|0.000000|0.000000|0.000000|0.000000|0.000000,0.000000|0.000000|1.000000|0.000000|0.000000|0.000000|0.000000|0.000000|0.000000|0.000000|0.000000|0.000000|0.000000|0.000000|0.000000|0.000000|0.000000|0.000000
RL_LCE_Quest8_PruneQuant-20251030-202125,3600,wikitext,4.0,-50.0,0.0,12.059896421681957,12.209717399579048,0.20000000298023224,1.0,0.6774553571428571,0.20000000298023224,1.0,0.6774553571428571,0.200000|1.000000,0.000000|0.645089|0.354911|0.000000|0.000000|0.000000|0.000000|0.000000|0.000000|0.000000|0.000000|0.000000|0.000000|0.000000|0.000000|0.000000|0.000000|0.000000,0.000000|0.645089|0.354911|0.000000|0.000000|0.000000|0.000000|0.000000|0.000000|0.000000|0.000000|0.000000|0.000000|0.000000|0.000000|0.000000|0.000000|0.000000,0.000000|0.645089|0.354911|0.000000|0.000000|0.000000|0.000000|0.000000|0.000000|0.000000|0.000000|0.000000|0.000000|0.000000|0.000000|0.000000|0.000000|0.000000
RL_LCE_Quest8_PruneQuant-20251030-202125,3600,wikitext,4.0,-50.0,10.0,21.836128053116166,22.428928184908717,0.20000000298023224,1.0,0.40904017857142855,0.20000000298023224,1.0,0.40904017857142855,0.200000|1.000000,0.363839|0.636161|0.000000|0.000000|0.000000|0.000000|0.000000|0.000000|0.000000|0.000000|0.000000|0.000000|0.000000|0.000000|0.000000|0.000000|0.000000|0.000000,0.363839|0.636161|0.000000|0.000000|0.000000|0.000000|0.000000|0.000000|0.000000|0.000000|0.000000|0.000000|0.000000|0.000000|0.000000|0.000000|0.000000|0.000000,0.363839|0.636161|0.000000|0.000000|0.000000|0.000000|0.000000|0.000000|0.000000|0.000000|0.000000|0.000000|0.000000|0.000000|0.000000|0.000000|0.000000|0.000000
RL_LCE_Quest8_PruneQuant-20251030-202125,3600,wikitext,4.0,-50.0,20.0,74.69973633644908,76.22620926346134,0.20000000298023224,1.0,0.25,0.20000000298023224,1.0,0.25,0.200000|1.000000,1.000000|0.000000|0.000000|0.000000|0.000000|0.000000|0.000000|0.000000|0.000000|0.000000|0.000000|0.000000|0.000000|0.000000|0.000000|0.000000|0.000000|0.000000,1.000000|0.000000|0.000000|0.000000|0.000000|0.000000|0.000000|0.000000|0.000000|0.000000|0.000000|0.000000|0.000000|0.000000|0.000000|0.000000|0.000000|0.000000,1.000000|0.000000|0.000000|0.000000|0.000000|0.000000|0.000000|0.000000|0.000000|0.000000|0.000000|0.000000|0.000000|0.000000|0.000000|0.000000|0.000000|0.000000
RL_LCE_Quest8_PruneQuant-20251030-202125,3600,wikitext,4.0,-50.0,60.0,74.69973633644908,76.22620926346134,0.20000000298023224,1.0,0.25,0.20000000298023224,1.0,0.25,0.200000|1.000000,1.000000|0.000000|0.000000|0.000000|0.000000|0.000000|0.000000|0.000000|0.000000|0.000000|0.000000|0.000000|0.000000|0.000000|0.000000|0.000000|0.000000|0.000000,1.000000|0.000000|0.000000|0.000000|0.000000|0.000000|0.000000|0.000000|0.000000|0.000000|0.000000|0.000000|0.000000|0.000000|0.000000|0.000000|0.000000|0.000000,1.000000|0.000000|0.000000|0.000000|0.000000|0.000000|0.000000|0.000000|0.000000|0.000000|0.000000|0.000000|0.000000|0.000000|0.000000|0.000000|0.000000|0.000000
RL_LCE_Quest8_PruneQuant-20251030-202125,3600,wikitext,4.0,-50.0,64.0,74.69973633644908,76.22620926346134,0.20000000298023224,1.0,0.25,0.20000000298023224,1.0,0.25,0.200000|1.000000,1.000000|0.000000|0.000000|0.000000|0.000000|0.000000|0.000000|0.000000|0.000000|0.000000|0.000000|0.000000|0.000000|0.000000|0.000000|0.000000|0.000000|0.000000,1.000000|0.000000|0.000000|0.000000|0.000000|0.000000|0.000000|0.000000|0.000000|0.000000|0.000000|0.000000|0.000000|0.000000|0.000000|0.000000|0.000000|0.000000,1.000000|0.000000|0.000000|0.000000|0.000000|0.000000|0.000000|0.000000|0.000000|0.000000|0.000000|0.000000|0.000000|0.000000|0.000000|0.000000|0.000000|0.000000
RL_LCE_Quest8_PruneQuant-20251030-202125,3600,wikitext,4.0,-40.0,-20.0,11.957701622648422,12.178245784870148,0.20000000298023224,1.0,1.0,0.20000000298023224,1.0,1.0,0.200000|1.000000,0.000000|0.000000|1.000000|0.000000|0.000000|0.000000|0.000000|0.000000|0.000000|0.000000|0.000000|0.000000|0.000000|0.000000|0.000000|0.000000|0.000000|0.000000,0.000000|0.000000|1.000000|0.000000|0.000000|0.000000|0.000000|0.000000|0.000000|0.000000|0.000000|0.000000|0.000000|0.000000|0.000000|0.000000|0.000000|0.000000,0.000000|0.000000|1.000000|0.000000|0.000000|0.000000|0.000000|0.000000|0.000000|0.000000|0.000000|0.000000|0.000000|0.000000|0.000000|0.000000|0.000000|0.000000
RL_LCE_Quest8_PruneQuant-20251030-202125,3600,wikitext,4.0,-40.0,-16.0,11.957701622648422,12.178245784870148,0.20000000298023224,1.0,1.0,0.20000000298023224,1.0,1.0,0.200000|1.000000,0.000000|0.000000|1.000000|0.000000|0.000000|0.000000|0.000000|0.000000|0.000000|0.000000|0.000000|0.000000|0.000000|0.000000|0.000000|0.000000|0.000000|0.000000,0.000000|0.000000|1.000000|0.000000|0.000000|0.000000|0.000000|0.000000|0.000000|0.000000|0.000000|0.000000|0.000000|0.000000|0.000000|0.000000|0.000000|0.000000,0.000000|0.000000|1.000000|0.000000|0.000000|0.000000|0.000000|0.000000|0.000000|0.000000|0.000000|0.000000|0.000000|0.000000|0.000000|0.000000|0.000000|0.000000
RL_LCE_Quest8_PruneQuant-20251030-202125,3600,wikitext,4.0,-40.0,-12.0,11.957701622648422,12.178245784870148,0.20000000298023224,1.0,1.0,0.20000000298023224,1.0,1.0,0.200000|1.000000,0.000000|0.000000|1.000000|0.000000|0.000000|0.000000|0.000000|0.000000|0.000000|0.000000|0.000000|0.000000|0.000000|0.000000|0.000000|0.000000|0.000000|0.000000,0.000000|0.000000|1.000000|0.000000|0.000000|0.000000|0.000000|0.000000|0.000000|0.000000|0.000000|0.000000|0.000000|0.000000|0.000000|0.000000|0.000000|0.000000,0.000000|0.000000|1.000000|0.000000|0.000000|0.000000|0.000000|0.000000|0.000000|0.000000|0.000000|0.000000|0.000000|0.000000|0.000000|0.000000|0.000000|0.000000
RL_LCE_Quest8_PruneQuant-20251030-202125,3600,wikitext,4.0,-40.0,-10.0,11.957701622648422,12.178245784870148,0.20000000298023224,1.0,1.0,0.20000000298023224,1.0,1.0,0.200000|1.000000,0.000000|0.000000|1.000000|0.000000|0.000000|0.000000|0.000000|0.000000|0.000000|0.000000|0.000000|0.000000|0.000000|0.000000|0.000000|0.000000|0.000000|0.000000,0.000000|0.000000|1.000000|0.000000|0.000000|0.000000|0.000000|0.000000|0.000000|0.000000|0.000000|0.000000|0.000000|0.000000|0.000000|0.000000|0.000000|0.000000,0.000000|0.000000|1.000000|0.000000|0.000000|0.000000|0.000000|0.000000|0.000000|0.000000|0.000000|0.000000|0.000000|0.000000|0.000000|0.000000|0.000000|0.000000
RL_LCE_Quest8_PruneQuant-20251030-202125,3600,wikitext,4.0,-40.0,0.0,12.075048100823022,12.232734489629795,0.2004464315250516,0.9889508938150746,0.6688058035714286,0.20000000298023224,0.9889509033943925,0.6688058035714286,0.200000|1.000000,0.000000|0.607143|0.337612|0.000000|0.054688|0.000000|0.000000|0.000000|0.000000|0.000000|0.000000|0.000000|0.000000|0.000558|0.000000|0.000000|0.000000|0.000000,0.000000|0.622768|0.321987|0.000000|0.039621|0.015625|0.000000|0.000000|0.000000|0.000000|0.000000|0.000000|0.000000|0.000000|0.000000|0.000000|0.000000|0.000000,0.000000|0.622768|0.321987|0.000000|0.039621|0.015625|0.000000|0.000000|0.000000|0.000000|0.000000|0.000000|0.000000|0.000000|0.000000|0.000000|0.000000|0.000000
RL_LCE_Quest8_PruneQuant-20251030-202125,3600,wikitext,4.0,-40.0,10.0,22.734507594661874,21.568184909852523,0.20000000298023224,0.9949776796357972,0.40694754464285715,0.20000000298023224,0.9949776833610875,0.40694754464285715,0.200000|1.000000,0.372210|0.602679|0.000000|0.000000|0.025112|0.000000|0.000000|0.000000|0.000000|0.000000|0.000000|0.000000|0.000000|0.000000|0.000000|0.000000|0.000000|0.000000,0.361607|0.613281|0.000000|0.010603|0.014509|0.000000|0.000000|0.000000|0.000000|0.000000|0.000000|0.000000|0.000000|0.000000|0.000000|0.000000|0.000000|0.000000,0.361607|0.613281|0.000000|0.010603|0.014509|0.000000|0.000000|0.000000|0.000000|0.000000|0.000000|0.000000|0.000000|0.000000|0.000000|0.000000|0.000000|0.000000
RL_LCE_Quest8_PruneQuant-20251030-202125,3600,wikitext,4.0,-40.0,20.0,74.69973633644908,76.22620926346134,0.20000000298023224,1.0,0.25,0.20000000298023224,1.0,0.25,0.200000|1.000000,1.000000|0.000000|0.000000|0.000000|0.000000|0.000000|0.000000|0.000000|0.000000|0.000000|0.000000|0.000000|0.000000|0.000000|0.000000|0.000000|0.000000|0.000000,1.000000|0.000000|0.000000|0.000000|0.000000|0.000000|0.000000|0.000000|0.000000|0.000000|0.000000|0.000000|0.000000|0.000000|0.000000|0.000000|0.000000|0.000000,1.000000|0.000000|0.000000|0.000000|0.000000|0.000000|0.000000|0.000000|0.000000|0.000000|0.000000|0.000000|0.000000|0.000000|0.000000|0.000000|0.000000|0.000000
RL_LCE_Quest8_PruneQuant-20251030-202125,3600,wikitext,4.0,-40.0,60.0,74.69973633644908,76.22620926346134,0.20000000298023224,1.0,0.25,0.20000000298023224,1.0,0.25,0.200000|1.000000,1.000000|0.000000|0.000000|0.000000|0.000000|0.000000|0.000000|0.000000|0.000000|0.000000|0.000000|0.000000|0.000000|0.000000|0.000000|0.000000|0.000000|0.000000,1.000000|0.000000|0.000000|0.000000|0.000000|0.000000|0.000000|0.000000|0.000000|0.000000|0.000000|0.000000|0.000000|0.000000|0.000000|0.000000|0.000000|0.000000,1.000000|0.000000|0.000000|0.000000|0.000000|0.000000|0.000000|0.000000|0.000000|0.000000|0.000000|0.000000|0.000000|0.000000|0.000000|0.000000|0.000000|0.000000
RL_LCE_Quest8_PruneQuant-20251030-202125,3600,wikitext,4.0,-40.0,64.0,74.69973633644908,76.22620926346134,0.20000000298023224,1.0,0.25,0.20000000298023224,1.0,0.25,0.200000|1.000000,1.000000|0.000000|0.000000|0.000000|0.000000|0.000000|0.000000|0.000000|0.000000|0.000000|0.000000|0.000000|0.000000|0.000000|0.000000|0.000000|0.000000|0.000000,1.000000|0.000000|0.000000|0.000000|0.000000|0.000000|0.000000|0.000000|0.000000|0.000000|0.000000|0.000000|0.000000|0.000000|0.000000|0.000000|0.000000|0.000000,1.000000|0.000000|0.000000|0.000000|0.000000|0.000000|0.000000|0.000000|0.000000|0.000000|0.000000|0.000000|0.000000|0.000000|0.000000|0.000000|0.000000|0.000000
RL_LCE_Quest8_PruneQuant-20251030-202125,3600,wikitext,4.0,-30.0,-20.0,11.543812204888289,12.144313664794502,0.27410714767341104,0.9156250059604645,1.0,0.25,0.9156250208616257,1.0,0.200000|1.000000,0.000000|0.000000|0.578125|0.000000|0.000000|0.329241|0.000000|0.000000|0.000000|0.000000|0.000000|0.000000|0.000000|0.000000|0.092634|0.000000|0.000000|0.000000,0.000000|0.000000|0.550781|0.000000|0.000000|0.386719|0.000000|0.000000|0.000000|0.000000|0.000000|0.027344|0.000000|0.000000|0.035156|0.000000|0.000000|0.000000,0.000000|0.000000|0.550781|0.000000|0.000000|0.386719|0.000000|0.000000|0.000000|0.000000|0.000000|0.027344|0.000000|0.000000|0.035156|0.000000|0.000000|0.000000
RL_LCE_Quest8_PruneQuant-20251030-202125,3600,wikitext,4.0,-30.0,-16.0,11.543812204888289,12.144313664794502,0.27410714767341104,0.9156250059604645,1.0,0.25,0.9156250208616257,1.0,0.200000|1.000000,0.000000|0.000000|0.578125|0.000000|0.000000|0.329241|0.000000|0.000000|0.000000|0.000000|0.000000|0.000000|0.000000|0.000000|0.092634|0.000000|0.000000|0.000000,0.000000|0.000000|0.550781|0.000000|0.000000|0.386719|0.000000|0.000000|0.000000|0.000000|0.000000|0.027344|0.000000|0.000000|0.035156|0.000000|0.000000|0.000000,0.000000|0.000000|0.550781|0.000000|0.000000|0.386719|0.000000|0.000000|0.000000|0.000000|0.000000|0.027344|0.000000|0.000000|0.035156|0.000000|0.000000|0.000000
RL_LCE_Quest8_PruneQuant-20251030-202125,3600,wikitext,4.0,-30.0,-12.0,11.543812204888289,12.144313664794502,0.27410714767341104,0.9156250059604645,1.0,0.25,0.9156250208616257,1.0,0.200000|1.000000,0.000000|0.000000|0.578125|0.000000|0.000000|0.329241|0.000000|0.000000|0.000000|0.000000|0.000000|0.000000|0.000000|0.000000|0.092634|0.000000|0.000000|0.000000,0.000000|0.000000|0.550781|0.000000|0.000000|0.386719|0.000000|0.000000|0.000000|0.000000|0.000000|0.027344|0.000000|0.000000|0.035156|0.000000|0.000000|0.000000,0.000000|0.000000|0.550781|0.000000|0.000000|0.386719|0.000000|0.000000|0.000000|0.000000|0.000000|0.027344|0.000000|0.000000|0.035156|0.000000|0.000000|0.000000
RL_LCE_Quest8_PruneQuant-20251030-202125,3600,wikitext,4.0,-30.0,-10.0,11.543812204888289,12.144313664794502,0.27410714767341104,0.9156250059604645,1.0,0.25,0.9156250208616257,1.0,0.200000|1.000000,0.000000|0.000000|0.578125|0.000000|0.000000|0.329241|0.000000|0.000000|0.000000|0.000000|0.000000|0.000000|0.000000|0.000000|0.092634|0.000000|0.000000|0.000000,0.000000|0.000000|0.550781|0.000000|0.000000|0.386719|0.000000|0.000000|0.000000|0.000000|0.000000|0.027344|0.000000|0.000000|0.035156|0.000000|0.000000|0.000000,0.000000|0.000000|0.550781|0.000000|0.000000|0.386719|0.000000|0.000000|0.000000|0.000000|0.000000|0.027344|0.000000|0.000000|0.035156|0.000000|0.000000|0.000000
RL_LCE_Quest8_PruneQuant-20251030-202125,3600,wikitext,4.0,-30.0,0.0,11.105448301757095,11.64978107969731,0.38080357454184977,0.8066964404923576,0.5106026785714286,0.4000000059604645,0.8066964341061456,0.5106026785714286,0.200000|1.000000,0.000000|0.012277|0.021205|0.000000|0.740513|0.000000|0.000000|0.000000|0.000000|0.000000|0.000000|0.000000|0.000000|0.226004|0.000000|0.000000|0.000000|0.000000,0.000000|0.025112|0.000000|0.000000|0.709821|0.015067|0.000000|0.000000|0.000000|0.000000|0.008371|0.000000|0.000000|0.235491|0.006138|0.000000|0.000000|0.000000,0.000000|0.025112|0.000000|0.000000|0.709821|0.015067|0.000000|0.000000|0.000000|0.000000|0.008371|0.000000|0.000000|0.235491|0.006138|0.000000|0.000000|0.000000
RL_LCE_Quest8_PruneQuant-20251030-202125,3600,wikitext,4.0,-30.0,10.0,12.458351273258712,12.923948088115115,0.375446431205741,0.8149553697024073,0.4829799107142857,0.4000000059604645,0.8149553665093013,0.4829799107142857,0.200000|1.000000,0.068080|0.006696|0.000000|0.000000|0.705915|0.000000|0.000000|0.000000|0.000000|0.000000|0.000000|0.000000|0.000000|0.219308|0.000000|0.000000|0.000000|0.000000,0.000558|0.054688|0.000000|0.051897|0.642857|0.000000|0.000000|0.000000|0.000000|0.000558|0.018973|0.000000|0.015067|0.215402|0.000000|0.000000|0.000000|0.000000,0.000558|0.054688|0.000000|0.051897|0.642857|0.000000|0.000000|0.000000|0.000000|0.000558|0.018973|0.000000|0.015067|0.215402|0.000000|0.000000|0.000000|0.000000
RL_LCE_Quest8_PruneQuant-20251030-202125,3600,wikitext,4.0,-30.0,20.0,46.2174108269769,47.94131595021626,0.20669643155166081,0.9512276803808553,0.3109654017857143,0.20000000298023224,0.9512276654796941,0.3109654017857143,0.200000|1.000000,0.756138|0.000000|0.000000|0.000000|0.235491|0.000000|0.000000|0.000000|0.000000|0.000000|0.000000|0.000000|0.000000|0.008371|0.000000|0.000000|0.000000|0.000000,0.516741|0.239397|0.000000|0.239397|0.004464|0.000000|0.000000|0.000000|0.000000|0.000000|0.000000|0.000000|0.000000|0.000000|0.000000|0.000000|0.000000|0.000000,0.516741|0.239397|0.000000|0.239397|0.004464|0.000000|0.000000|0.000000|0.000000|0.000000|0.000000|0.000000|0.000000|0.000000|0.000000|0.000000|0.000000|0.000000
RL_LCE_Quest8_PruneQuant-20251030-202125,3600,wikitext,4.0,-30.0,60.0,74.69973633644908,76.22620926346134,0.20000000298023224,1.0,0.25,0.20000000298023224,1.0,0.25,0.200000|1.000000,1.000000|0.000000|0.000000|0.000000|0.000000|0.000000|0.000000|0.000000|0.000000|0.000000|0.000000|0.000000|0.000000|0.000000|0.000000|0.000000|0.000000|0.000000,1.000000|0.000000|0.000000|0.000000|0.000000|0.000000|0.000000|0.000000|0.000000|0.000000|0.000000|0.000000|0.000000|0.000000|0.000000|0.000000|0.000000|0.000000,1.000000|0.000000|0.000000|0.000000|0.000000|0.000000|0.000000|0.000000|0.000000|0.000000|0.000000|0.000000|0.000000|0.000000|0.000000|0.000000|0.000000|0.000000
RL_LCE_Quest8_PruneQuant-20251030-202125,3600,wikitext,4.0,-30.0,64.0,74.69973633644908,76.22620926346134,0.20000000298023224,1.0,0.25,0.20000000298023224,1.0,0.25,0.200000|1.000000,1.000000|0.000000|0.000000|0.000000|0.000000|0.000000|0.000000|0.000000|0.000000|0.000000|0.000000|0.000000|0.000000|0.000000|0.000000|0.000000|0.000000|0.000000,1.000000|0.000000|0.000000|0.000000|0.000000|0.000000|0.000000|0.000000|0.000000|0.000000|0.000000|0.000000|0.000000|0.000000|0.000000|0.000000|0.000000|0.000000,1.000000|0.000000|0.000000|0.000000|0.000000|0.000000|0.000000|0.000000|0.000000|0.000000|0.000000|0.000000|0.000000|0.000000|0.000000|0.000000|0.000000|0.000000
RL_LCE_Quest8_PruneQuant-20251030-202125,3600,wikitext,4.0,20.0,-20.0,13.152217844586428,14.101414501490707,0.37232143125895945,0.6000000238418579,1.0,0.3500000014901161,0.6000000238418579,1.0,0.200000|1.000000,0.000000|0.000000|0.000000|0.000000|0.000000|0.000000|0.000000|0.000000|0.784598|0.000000|0.000000|0.000000|0.000000|0.000000|0.000000|0.000000|0.000000|0.215402,0.000000|0.000000|0.000000|0.000000|0.000000|0.000000|0.000000|0.000000|0.812500|0.000000|0.000000|0.000000|0.000000|0.000000|0.000000|0.000000|0.000000|0.187500,0.000000|0.000000|0.000000|0.000000|0.000000|0.000000|0.000000|0.000000|0.812500|0.000000|0.000000|0.000000|0.000000|0.000000|0.000000|0.000000|0.000000|0.187500
RL_LCE_Quest8_PruneQuant-20251030-202125,3600,wikitext,4.0,20.0,-16.0,13.152217844586428,14.101414501490707,0.37232143125895945,0.6000000238418579,1.0,0.3500000014901161,0.6000000238418579,1.0,0.200000|1.000000,0.000000|0.000000|0.000000|0.000000|0.000000|0.000000|0.000000|0.000000|0.784598|0.000000|0.000000|0.000000|0.000000|0.000000|0.000000|0.000000|0.000000|0.215402,0.000000|0.000000|0.000000|0.000000|0.000000|0.000000|0.000000|0.000000|0.812500|0.000000|0.000000|0.000000|0.000000|0.000000|0.000000|0.000000|0.000000|0.187500,0.000000|0.000000|0.000000|0.000000|0.000000|0.000000|0.000000|0.000000|0.812500|0.000000|0.000000|0.000000|0.000000|0.000000|0.000000|0.000000|0.000000|0.187500
RL_LCE_Quest8_PruneQuant-20251030-202125,3600,wikitext,4.0,20.0,-12.0,13.152217844586428,14.101414501490707,0.37232143125895945,0.6000000238418579,1.0,0.3500000014901161,0.6000000238418579,1.0,0.200000|1.000000,0.000000|0.000000|0.000000|0.000000|0.000000|0.000000|0.000000|0.000000|0.784598|0.000000|0.000000|0.000000|0.000000|0.000000|0.000000|0.000000|0.000000|0.215402,0.000000|0.000000|0.000000|0.000000|0.000000|0.000000|0.000000|0.000000|0.812500|0.000000|0.000000|0.000000|0.000000|0.000000|0.000000|0.000000|0.000000|0.187500,0.000000|0.000000|0.000000|0.000000|0.000000|0.000000|0.000000|0.000000|0.812500|0.000000|0.000000|0.000000|0.000000|0.000000|0.000000|0.000000|0.000000|0.187500
RL_LCE_Quest8_PruneQuant-20251030-202125,3600,wikitext,4.0,20.0,-10.0,13.152217844586428,14.101414501490707,0.37232143125895945,0.6000000238418579,1.0,0.3500000014901161,0.6000000238418579,1.0,0.200000|1.000000,0.000000|0.000000|0.000000|0.000000|0.000000|0.000000|0.000000|0.000000|0.784598|0.000000|0.000000|0.000000|0.000000|0.000000|0.000000|0.000000|0.000000|0.215402,0.000000|0.000000|0.000000|0.000000|0.000000|0.000000|0.000000|0.000000|0.812500|0.000000|0.000000|0.000000|0.000000|0.000000|0.000000|0.000000|0.000000|0.187500,0.000000|0.000000|0.000000|0.000000|0.000000|0.000000|0.000000|0.000000|0.812500|0.000000|0.000000|0.000000|0.000000|0.000000|0.000000|0.000000|0.000000|0.187500
RL_LCE_Quest8_PruneQuant-20251030-202125,3600,wikitext,4.0,20.0,0.0,13.28777325184474,14.497375512823215,0.312946431205741,0.600446451987539,0.5005580357142857,0.30000001192092896,0.600446451987539,0.5005580357142857,0.200000|1.000000,0.000000|0.000000|0.000000|0.000000|0.001674|0.000000|0.000000|0.857143|0.000000|0.000000|0.000000|0.000000|0.000000|0.000558|0.000000|0.000000|0.139509|0.001116,0.000000|0.000000|0.000000|0.000000|0.002232|0.000000|0.000000|0.872210|0.000558|0.000000|0.000000|0.000000|0.000000|0.000000|0.000000|0.000000|0.124442|0.000558,0.000000|0.000000|0.000000|0.000000|0.002232|0.000000|0.000000|0.872210|0.000558|0.000000|0.000000|0.000000|0.000000|0.000000|0.000000|0.000000|0.124442|0.000558
RL_LCE_Quest8_PruneQuant-20251030-202125,3600,wikitext,4.0,20.0,10.0,13.273877300326403,14.477164480949325,0.3125000025278756,0.600446451987539,0.5,0.30000001192092896,0.600446451987539,0.5,0.200000|1.000000,0.000000|0.000000|0.000000|0.000000|0.001674|0.000000|0.000000|0.857701|0.000000|0.000000|0.000000|0.000000|0.000000|0.000558|0.000000|0.000000|0.140067|0.000000,0.000000|0.000000|0.000000|0.000000|0.002232|0.000000|0.000000|0.872768|0.000000|0.000000|0.000000|0.000000|0.000000|0.000000|0.000000|0.000000|0.125000|0.000000,0.000000|0.000000|0.000000|0.000000|0.002232|0.000000|0.000000|0.872768|0.000000|0.000000|0.000000|0.000000|0.000000|0.000000|0.000000|0.000000|0.125000|0.000000
RL_LCE_Quest8_PruneQuant-20251030-202125,3600,wikitext,4.0,20.0,20.0,13.273877300326403,14.477164480949325,0.3125000025278756,0.600446451987539,0.5,0.30000001192092896,0.600446451987539,0.5,0.200000|1.000000,0.000000|0.000000|0.000000|0.000000|0.001674|0.000000|0.000000|0.857701|0.000000|0.000000|0.000000|0.000000|0.000000|0.000558|0.000000|0.000000|0.140067|0.000000,0.000000|0.000000|0.000000|0.000000|0.002232|0.000000|0.000000|0.872768|0.000000|0.000000|0.000000|0.000000|0.000000|0.000000|0.000000|0.000000|0.125000|0.000000,0.000000|0.000000|0.000000|0.000000|0.002232|0.000000|0.000000|0.872768|0.000000|0.000000|0.000000|0.000000|0.000000|0.000000|0.000000|0.000000|0.125000|0.000000
RL_LCE_Quest8_PruneQuant-20251030-202125,3600,wikitext,4.0,20.0,60.0,51.06887558144867,45.605735273029296,0.20000000298023224,0.6000000238418579,0.3441685267857143,0.20000000298023224,0.6000000238418579,0.3441685267857143,0.200000|1.000000,0.000000|0.000000|0.000000|0.000000|0.000000|0.000000|0.623326|0.376674|0.000000|0.000000|0.000000|0.000000|0.000000|0.000000|0.000000|0.000000|0.000000|0.000000,0.000000|0.000000|0.000000|0.000000|0.000000|0.000000|0.623326|0.376674|0.000000|0.000000|0.000000|0.000000|0.000000|0.000000|0.000000|0.000000|0.000000|0.000000,0.000000|0.000000|0.000000|0.000000|0.000000|0.000000|0.623326|0.376674|0.000000|0.000000|0.000000|0.000000|0.000000|0.000000|0.000000|0.000000|0.000000|0.000000
RL_LCE_Quest8_PruneQuant-20251030-202125,3600,wikitext,4.0,20.0,64.0,88.53504280153187,89.51620253950982,0.20000000298023224,0.6000000238418579,0.27371651785714285,0.20000000298023224,0.6000000238418579,0.27371651785714285,0.200000|1.000000,0.000000|0.000000|0.000000|0.000000|0.000000|0.000000|0.905134|0.094866|0.000000|0.000000|0.000000|0.000000|0.000000|0.000000|0.000000|0.000000|0.000000|0.000000,0.000000|0.000000|0.000000|0.000000|0.000000|0.000000|0.905134|0.094866|0.000000|0.000000|0.000000|0.000000|0.000000|0.000000|0.000000|0.000000|0.000000|0.000000,0.000000|0.000000|0.000000|0.000000|0.000000|0.000000|0.905134|0.094866|0.000000|0.000000|0.000000|0.000000|0.000000|0.000000|0.000000|0.000000|0.000000|0.000000
RL_LCE_Quest8_PruneQuant-20251030-202125,3600,wikitext,4.0,10.0,-20.0,13.068084907418314,14.142787815135458,0.3723214315250516,0.6024553786431041,1.0,0.3500000014901161,0.6024553786431041,1.0,0.200000|1.000000,0.000000|0.000000|0.000000|0.000000|0.000000|0.011161|0.000000|0.000000|0.773438|0.000000|0.000000|0.000000|0.000000|0.000000|0.001116|0.000000|0.000000|0.214286,0.000000|0.000000|0.000000|0.000000|0.000000|0.011161|0.000000|0.000000|0.801339|0.000000|0.000000|0.000000|0.000000|0.000000|0.001116|0.000000|0.000000|0.186384,0.000000|0.000000|0.000000|0.000000|0.000000|0.011161|0.000000|0.000000|0.801339|0.000000|0.000000|0.000000|0.000000|0.000000|0.001116|0.000000|0.000000|0.186384
RL_LCE_Quest8_PruneQuant-20251030-202125,3600,wikitext,4.0,10.0,-16.0,13.068084907418314,14.142787815135458,0.3723214315250516,0.6024553786431041,1.0,0.3500000014901161,0.6024553786431041,1.0,0.200000|1.000000,0.000000|0.000000|0.000000|0.000000|0.000000|0.011161|0.000000|0.000000|0.773438|0.000000|0.000000|0.000000|0.000000|0.000000|0.001116|0.000000|0.000000|0.214286,0.000000|0.000000|0.000000|0.000000|0.000000|0.011161|0.000000|0.000000|0.801339|0.000000|0.000000|0.000000|0.000000|0.000000|0.001116|0.000000|0.000000|0.186384,0.000000|0.000000|0.000000|0.000000|0.000000|0.011161|0.000000|0.000000|0.801339|0.000000|0.000000|0.000000|0.000000|0.000000|0.001116|0.000000|0.000000|0.186384
RL_LCE_Quest8_PruneQuant-20251030-202125,3600,wikitext,4.0,10.0,-12.0,13.068084907418314,14.142787815135458,0.3723214315250516,0.6024553786431041,1.0,0.3500000014901161,0.6024553786431041,1.0,0.200000|1.000000,0.000000|0.000000|0.000000|0.000000|0.000000|0.011161|0.000000|0.000000|0.773438|0.000000|0.000000|0.000000|0.000000|0.000000|0.001116|0.000000|0.000000|0.214286,0.000000|0.000000|0.000000|0.000000|0.000000|0.011161|0.000000|0.000000|0.801339|0.000000|0.000000|0.000000|0.000000|0.000000|0.001116|0.000000|0.000000|0.186384,0.000000|0.000000|0.000000|0.000000|0.000000|0.011161|0.000000|0.000000|0.801339|0.000000|0.000000|0.000000|0.000000|0.000000|0.001116|0.000000|0.000000|0.186384
RL_LCE_Quest8_PruneQuant-20251030-202125,3600,wikitext,4.0,10.0,-10.0,13.068084907418314,14.142787815135458,0.3723214315250516,0.6024553786431041,1.0,0.3500000014901161,0.6024553786431041,1.0,0.200000|1.000000,0.000000|0.000000|0.000000|0.000000|0.000000|0.011161|0.000000|0.000000|0.773438|0.000000|0.000000|0.000000|0.000000|0.000000|0.001116|0.000000|0.000000|0.214286,0.000000|0.000000|0.000000|0.000000|0.000000|0.011161|0.000000|0.000000|0.801339|0.000000|0.000000|0.000000|0.000000|0.000000|0.001116|0.000000|0.000000|0.186384,0.000000|0.000000|0.000000|0.000000|0.000000|0.011161|0.000000|0.000000|0.801339|0.000000|0.000000|0.000000|0.000000|0.000000|0.001116|0.000000|0.000000|0.186384
RL_LCE_Quest8_PruneQuant-20251030-202125,3600,wikitext,4.0,10.0,0.0,13.061705564168207,14.472116127099817,0.31741071758525713,0.6162946628672736,0.5002790178571429,0.30000001192092896,0.6162946511592183,0.5002790178571429,0.200000|1.000000,0.000000|0.000000|0.000000|0.000000|0.068638|0.000000|0.000000|0.784598|0.000000|0.000000|0.000000|0.000000|0.000000|0.012835|0.000000|0.000000|0.133371|0.000558,0.000000|0.000000|0.000000|0.000000|0.075893|0.000000|0.000000|0.798549|0.000558|0.000000|0.000000|0.000000|0.000000|0.005580|0.000000|0.000000|0.119420|0.000000,0.000000|0.000000|0.000000|0.000000|0.075893|0.000000|0.000000|0.798549|0.000558|0.000000|0.000000|0.000000|0.000000|0.005580|0.000000|0.000000|0.119420|0.000000
RL_LCE_Quest8_PruneQuant-20251030-202125,3600,wikitext,4.0,10.0,10.0,13.04986647330513,14.482214595832,0.317410717319165,0.6162946628672736,0.5,0.30000001192092896,0.6162946511592183,0.5,0.200000|1.000000,0.000000|0.000000|0.000000|0.000000|0.068638|0.000000|0.000000|0.784598|0.000000|0.000000|0.000000|0.000000|0.000000|0.012835|0.000000|0.000000|0.133929|0.000000,0.000000|0.000000|0.000000|0.000000|0.075893|0.000000|0.000000|0.799107|0.000000|0.000000|0.000000|0.000000|0.000000|0.005580|0.000000|0.000000|0.119420|0.000000,0.000000|0.000000|0.000000|0.000000|0.075893|0.000000|0.000000|0.799107|0.000000|0.000000|0.000000|0.000000|0.000000|0.005580|0.000000|0.000000|0.119420|0.000000
RL_LCE_Quest8_PruneQuant-20251030-202125,3600,wikitext,4.0,10.0,20.0,13.04986647330513,14.482214595832,0.317410717319165,0.6162946628672736,0.5,0.30000001192092896,0.6162946511592183,0.5,0.200000|1.000000,0.000000|0.000000|0.000000|0.000000|0.068638|0.000000|0.000000|0.784598|0.000000|0.000000|0.000000|0.000000|0.000000|0.012835|0.000000|0.000000|0.133929|0.000000,0.000000|0.000000|0.000000|0.000000|0.075893|0.000000|0.000000|0.799107|0.000000|0.000000|0.000000|0.000000|0.000000|0.005580|0.000000|0.000000|0.119420|0.000000,0.000000|0.000000|0.000000|0.000000|0.075893|0.000000|0.000000|0.799107|0.000000|0.000000|0.000000|0.000000|0.000000|0.005580|0.000000|0.000000|0.119420|0.000000
RL_LCE_Quest8_PruneQuant-20251030-202125,3600,wikitext,4.0,10.0,60.0,48.71326870042301,45.26977127302931,0.20000000298023224,0.6014509153153215,0.3470982142857143,0.20000000298023224,0.6014509153153215,0.3470982142857143,0.200000|1.000000,0.000000|0.000000|0.000000|0.000000|0.007254|0.000000|0.611607|0.381138|0.000000|0.000000|0.000000|0.000000|0.000000|0.000000|0.000000|0.000000|0.000000|0.000000,0.000000|0.000000|0.000000|0.004464|0.002790|0.000000|0.607143|0.385603|0.000000|0.000000|0.000000|0.000000|0.000000|0.000000|0.000000|0.000000|0.000000|0.000000,0.000000|0.000000|0.000000|0.004464|0.002790|0.000000|0.607143|0.385603|0.000000|0.000000|0.000000|0.000000|0.000000|0.000000|0.000000|0.000000|0.000000|0.000000
RL_LCE_Quest8_PruneQuant-20251030-202125,3600,wikitext,4.0,10.0,64.0,88.53504280153187,89.51620253950982,0.20000000298023224,0.6000000238418579,0.27371651785714285,0.20000000298023224,0.6000000238418579,0.27371651785714285,0.200000|1.000000,0.000000|0.000000|0.000000|0.000000|0.000000|0.000000|0.905134|0.094866|0.000000|0.000000|0.000000|0.000000|0.000000|0.000000|0.000000|0.000000|0.000000|0.000000,0.000000|0.000000|0.000000|0.000000|0.000000|0.000000|0.905134|0.094866|0.000000|0.000000|0.000000|0.000000|0.000000|0.000000|0.000000|0.000000|0.000000|0.000000,0.000000|0.000000|0.000000|0.000000|0.000000|0.000000|0.905134|0.094866|0.000000|0.000000|0.000000|0.000000|0.000000|0.000000|0.000000|0.000000|0.000000|0.000000
RL_LCE_Quest8_PruneQuant-20251030-202125,3600,wikitext,4.0,0.0,-20.0,11.85471886137932,12.866380486014432,0.36741071806422304,0.705357167337622,1.0,0.3500000014901161,0.7053571662732533,1.0,0.200000|1.000000,0.000000|0.000000|0.000000|0.000000|0.000000|0.394531|0.000000|0.000000|0.396205|0.000000|0.000000|0.000000|0.000000|0.000000|0.132254|0.000000|0.000000|0.077009,0.000000|0.000000|0.000000|0.000000|0.000000|0.429688|0.000000|0.000000|0.382812|0.000000|0.000000|0.000000|0.000000|0.000000|0.097098|0.000000|0.000000|0.090402,0.000000|0.000000|0.000000|0.000000|0.000000|0.429688|0.000000|0.000000|0.382812|0.000000|0.000000|0.000000|0.000000|0.000000|0.097098|0.000000|0.000000|0.090402
RL_LCE_Quest8_PruneQuant-20251030-202125,3600,wikitext,4.0,0.0,-16.0,11.85471886137932,12.866380486014432,0.36741071806422304,0.705357167337622,1.0,0.3500000014901161,0.7053571662732533,1.0,0.200000|1.000000,0.000000|0.000000|0.000000|0.000000|0.000000|0.394531|0.000000|0.000000|0.396205|0.000000|0.000000|0.000000|0.000000|0.000000|0.132254|0.000000|0.000000|0.077009,0.000000|0.000000|0.000000|0.000000|0.000000|0.429688|0.000000|0.000000|0.382812|0.000000|0.000000|0.000000|0.000000|0.000000|0.097098|0.000000|0.000000|0.090402,0.000000|0.000000|0.000000|0.000000|0.000000|0.429688|0.000000|0.000000|0.382812|0.000000|0.000000|0.000000|0.000000|0.000000|0.097098|0.000000|0.000000|0.090402
RL_LCE_Quest8_PruneQuant-20251030-202125,3600,wikitext,4.0,0.0,-12.0,11.85471886137932,12.866380486014432,0.36741071806422304,0.705357167337622,1.0,0.3500000014901161,0.7053571662732533,1.0,0.200000|1.000000,0.000000|0.000000|0.000000|0.000000|0.000000|0.394531|0.000000|0.000000|0.396205|0.000000|0.000000|0.000000|0.000000|0.000000|0.132254|0.000000|0.000000|0.077009,0.000000|0.000000|0.000000|0.000000|0.000000|0.429688|0.000000|0.000000|0.382812|0.000000|0.000000|0.000000|0.000000|0.000000|0.097098|0.000000|0.000000|0.090402,0.000000|0.000000|0.000000|0.000000|0.000000|0.429688|0.000000|0.000000|0.382812|0.000000|0.000000|0.000000|0.000000|0.000000|0.097098|0.000000|0.000000|0.090402
RL_LCE_Quest8_PruneQuant-20251030-202125,3600,wikitext,4.0,0.0,-10.0,11.872925057800161,13.048046027402616,0.36696428938635756,0.7050223462283611,0.9994419642857143,0.3500000014901161,0.7050223462283611,0.9994419642857143,0.200000|1.000000,0.000000|0.000000|0.000000|0.000000|0.001116|0.392857|0.000000|0.000000|0.397321|0.000000|0.000000|0.000000|0.000000|0.000000|0.131138|0.000000|0.000000|0.077567,0.000000|0.000000|0.000000|0.000000|0.000000|0.425223|0.000000|0.001116|0.386161|0.000000|0.000000|0.000000|0.000000|0.000000|0.099888|0.000000|0.000000|0.087612,0.000000|0.000000|0.000000|0.000000|0.000000|0.425223|0.000000|0.001116|0.386161|0.000000|0.000000|0.000000|0.000000|0.000000|0.099888|0.000000|0.000000|0.087612
RL_LCE_Quest8_PruneQuant-20251030-202125,3600,wikitext,4.0,0.0,0.0,11.714155602826022,12.879849843565724,0.35892857597874744,0.7235491233212608,0.5,0.3500000014901161,0.723549127046551,0.5,0.200000|1.000000,0.000000|0.000000|0.000000|0.000000|0.472098|0.000000|0.000000|0.329241|0.000000|0.000000|0.000000|0.000000|0.000000|0.145647|0.000000|0.000000|0.053013|0.000000,0.000000|0.000000|0.000000|0.000000|0.502232|0.000000|0.000000|0.310268|0.000000|0.000000|0.000000|0.000000|0.000000|0.115513|0.000000|0.000000|0.071987|0.000000,0.000000|0.000000|0.000000|0.000000|0.502232|0.000000|0.000000|0.310268|0.000000|0.000000|0.000000|0.000000|0.000000|0.115513|0.000000|0.000000|0.071987|0.000000
RL_LCE_Quest8_PruneQuant-20251030-202125,3600,wikitext,4.0,0.0,10.0,11.714155602826022,12.879849843565724,0.35892857597874744,0.7235491233212608,0.5,0.3500000014901161,0.723549127046551,0.5,0.200000|1.000000,0.000000|0.000000|0.000000|0.000000|0.472098|0.000000|0.000000|0.329241|0.000000|0.000000|0.000000|0.000000|0.000000|0.145647|0.000000|0.000000|0.053013|0.000000,0.000000|0.000000|0.000000|0.000000|0.502232|0.000000|0.000000|0.310268|0.000000|0.000000|0.000000|0.000000|0.000000|0.115513|0.000000|0.000000|0.071987|0.000000,0.000000|0.000000|0.000000|0.000000|0.502232|0.000000|0.000000|0.310268|0.000000|0.000000|0.000000|0.000000|0.000000|0.115513|0.000000|0.000000|0.071987|0.000000
RL_LCE_Quest8_PruneQuant-20251030-202125,3600,wikitext,4.0,0.0,20.0,11.714155602826022,12.879849843565724,0.35892857597874744,0.7235491233212608,0.5,0.3500000014901161,0.723549127046551,0.5,0.200000|1.000000,0.000000|0.000000|0.000000|0.000000|0.472098|0.000000|0.000000|0.329241|0.000000|0.000000|0.000000|0.000000|0.000000|0.145647|0.000000|0.000000|0.053013|0.000000,0.000000|0.000000|0.000000|0.000000|0.502232|0.000000|0.000000|0.310268|0.000000|0.000000|0.000000|0.000000|0.000000|0.115513|0.000000|0.000000|0.071987|0.000000,0.000000|0.000000|0.000000|0.000000|0.502232|0.000000|0.000000|0.310268|0.000000|0.000000|0.000000|0.000000|0.000000|0.115513|0.000000|0.000000|0.071987|0.000000
RL_LCE_Quest8_PruneQuant-20251030-202125,3600,wikitext,4.0,0.0,60.0,18.321287150257152,18.85677394508422,0.32901786267757416,0.7073660918644497,0.44642857142857145,0.3500000014901161,0.7073660865426064,0.44642857142857145,0.200000|1.000000,0.000558|0.000000|0.000000|0.000000|0.374442|0.000000|0.213728|0.250000|0.000000|0.000000|0.000000|0.000000|0.000000|0.161272|0.000000|0.000000|0.000000|0.000000,0.000000|0.000000|0.000000|0.097098|0.339844|0.000000|0.074777|0.300781|0.000000|0.000000|0.000000|0.000000|0.018973|0.080915|0.000000|0.023438|0.064174|0.000000,0.000000|0.000000|0.000000|0.097098|0.339844|0.000000|0.074777|0.300781|0.000000|0.000000|0.000000|0.000000|0.018973|0.080915|0.000000|0.023438|0.064174|0.000000
RL_LCE_Quest8_PruneQuant-20251030-202125,3600,wikitext,4.0,0.0,64.0,42.287409640784,40.65889510912794,0.21919643173792533,0.672879488340446,0.35086495535714285,0.20000000298023224,0.6728795032416072,0.35086495535714285,0.200000|1.000000,0.000558|0.000000|0.000000|0.000000|0.339286|0.000000|0.595982|0.040179|0.000000|0.000000|0.000000|0.000000|0.000000|0.023996|0.000000|0.000000|0.000000|0.000000,0.000000|0.000000|0.000000|0.277344|0.087054|0.000000|0.319196|0.316406|0.000000|0.000000|0.000000|0.000000|0.000000|0.000000|0.000000|0.000000|0.000000|0.000000,0.000000|0.000000|0.000000|0.277344|0.087054|0.000000|0.319196|0.316406|0.000000|0.000000|0.000000|0.000000|0.000000|0.000000|0.000000|0.000000|0.000000|0.000000
RL_LCE_Quest8_PruneQuant-20251030-202125,3600,wikitext,4.0,5.0,-20.0,12.923046616480974,14.2706235200274,0.3696428601230894,0.6193080544471741,1.0,0.3500000014901161,0.6193080411425659,1.0,0.200000|1.000000,0.000000|0.000000|0.000000|0.000000|0.000000|0.085938|0.000000|0.000000|0.702009|0.000000|0.000000|0.000000|0.000000|0.000000|0.010603|0.000000|0.000000|0.201451,0.000000|0.000000|0.000000|0.000000|0.000000|0.080357|0.000000|0.000000|0.732143|0.000000|0.000000|0.000000|0.000000|0.000000|0.016183|0.000000|0.000000|0.171317,0.000000|0.000000|0.000000|0.000000|0.000000|0.080357|0.000000|0.000000|0.732143|0.000000|0.000000|0.000000|0.000000|0.000000|0.016183|0.000000|0.000000|0.171317
RL_LCE_Quest8_PruneQuant-20251030-202125,3600,wikitext,4.0,5.0,-16.0,12.923046616480974,14.2706235200274,0.3696428601230894,0.6193080544471741,1.0,0.3500000014901161,0.6193080411425659,1.0,0.200000|1.000000,0.000000|0.000000|0.000000|0.000000|0.000000|0.085938|0.000000|0.000000|0.702009|0.000000|0.000000|0.000000|0.000000|0.000000|0.010603|0.000000|0.000000|0.201451,0.000000|0.000000|0.000000|0.000000|0.000000|0.080357|0.000000|0.000000|0.732143|0.000000|0.000000|0.000000|0.000000|0.000000|0.016183|0.000000|0.000000|0.171317,0.000000|0.000000|0.000000|0.000000|0.000000|0.080357|0.000000|0.000000|0.732143|0.000000|0.000000|0.000000|0.000000|0.000000|0.016183|0.000000|0.000000|0.171317
RL_LCE_Quest8_PruneQuant-20251030-202125,3600,wikitext,4.0,5.0,-12.0,12.923046616480974,14.2706235200274,0.3696428601230894,0.6193080544471741,1.0,0.3500000014901161,0.6193080411425659,1.0,0.200000|1.000000,0.000000|0.000000|0.000000|0.000000|0.000000|0.085938|0.000000|0.000000|0.702009|0.000000|0.000000|0.000000|0.000000|0.000000|0.010603|0.000000|0.000000|0.201451,0.000000|0.000000|0.000000|0.000000|0.000000|0.080357|0.000000|0.000000|0.732143|0.000000|0.000000|0.000000|0.000000|0.000000|0.016183|0.000000|0.000000|0.171317,0.000000|0.000000|0.000000|0.000000|0.000000|0.080357|0.000000|0.000000|0.732143|0.000000|0.000000|0.000000|0.000000|0.000000|0.016183|0.000000|0.000000|0.171317
RL_LCE_Quest8_PruneQuant-20251030-202125,3600,wikitext,4.0,5.0,-10.0,12.94831160671429,14.110270010428636,0.37008928826877047,0.6188616257693086,0.9988839285714286,0.3500000014901161,0.6188616129968848,0.9988839285714286,0.200000|1.000000,0.000000|0.000000|0.000000|0.000000|0.002232|0.081473|0.000000|0.000000|0.703683|0.000000|0.000000|0.000000|0.000000|0.000000|0.010603|0.000000|0.000000|0.202009,0.000000|0.000000|0.000000|0.000000|0.000000|0.078683|0.000000|0.000000|0.733817|0.000000|0.000000|0.000000|0.000000|0.000000|0.015625|0.000000|0.002232|0.169643,0.000000|0.000000|0.000000|0.000000|0.000000|0.078683|0.000000|0.000000|0.733817|0.000000|0.000000|0.000000|0.000000|0.000000|0.015625|0.000000|0.002232|0.169643
RL_LCE_Quest8_PruneQuant-20251030-202125,3600,wikitext,4.0,5.0,0.0,12.414975677316846,13.600986122315497,0.33437500255448477,0.6693080578531537,0.5,0.3500000014901161,0.669308069561209,0.5,0.200000|1.000000,0.000000|0.000000|0.000000|0.000000|0.288504|0.000000|0.000000|0.543527|0.000000|0.000000|0.000000|0.000000|0.000000|0.058036|0.000000|0.000000|0.109933|0.000000,0.000000|0.000000|0.000000|0.000000|0.284598|0.000000|0.000000|0.527902|0.000000|0.000000|0.000000|0.000000|0.000000|0.061942|0.000000|0.000000|0.125558|0.000000,0.000000|0.000000|0.000000|0.000000|0.284598|0.000000|0.000000|0.527902|0.000000|0.000000|0.000000|0.000000|0.000000|0.061942|0.000000|0.000000|0.125558|0.000000
RL_LCE_Quest8_PruneQuant-20251030-202125,3600,wikitext,4.0,5.0,10.0,12.414975677316846,13.600986122315497,0.33437500255448477,0.6693080578531537,0.5,0.3500000014901161,0.669308069561209,0.5,0.200000|1.000000,0.000000|0.000000|0.000000|0.000000|0.288504|0.000000|0.000000|0.543527|0.000000|0.000000|0.000000|0.000000|0.000000|0.058036|0.000000|0.000000|0.109933|0.000000,0.000000|0.000000|0.000000|0.000000|0.284598|0.000000|0.000000|0.527902|0.000000|0.000000|0.000000|0.000000|0.000000|0.061942|0.000000|0.000000|0.125558|0.000000,0.000000|0.000000|0.000000|0.000000|0.284598|0.000000|0.000000|0.527902|0.000000|0.000000|0.000000|0.000000|0.000000|0.061942|0.000000|0.000000|0.125558|0.000000
RL_LCE_Quest8_PruneQuant-20251030-202125,3600,wikitext,4.0,5.0,20.0,12.414975677316846,13.600986122315497,0.33437500255448477,0.6693080578531537,0.5,0.3500000014901161,0.669308069561209,0.5,0.200000|1.000000,0.000000|0.000000|0.000000|0.000000|0.288504|0.000000|0.000000|0.543527|0.000000|0.000000|0.000000|0.000000|0.000000|0.058036|0.000000|0.000000|0.109933|0.000000,0.000000|0.000000|0.000000|0.000000|0.284598|0.000000|0.000000|0.527902|0.000000|0.000000|0.000000|0.000000|0.000000|0.061942|0.000000|0.000000|0.125558|0.000000,0.000000|0.000000|0.000000|0.000000|0.284598|0.000000|0.000000|0.527902|0.000000|0.000000|0.000000|0.000000|0.000000|0.061942|0.000000|0.000000|0.125558|0.000000
RL_LCE_Quest8_PruneQuant-20251030-202125,3600,wikitext,4.0,5.0,60.0,41.873535561043866,40.06205742476025,0.2004464315250516,0.6328125271414008,0.36063058035714285,0.20000000298023224,0.6328125298023224,0.36063058035714285,0.200000|1.000000,0.000000|0.000000|0.000000|0.000000|0.163504|0.000000|0.557478|0.278460|0.000000|0.000000|0.000000|0.000000|0.000000|0.000558|0.000000|0.000000|0.000000|0.000000,0.000000|0.000000|0.000000|0.073103|0.090960|0.000000|0.484375|0.351562|0.000000|0.000000|0.000000|0.000000|0.000000|0.000000|0.000000|0.000000|0.000000|0.000000,0.000000|0.000000|0.000000|0.073103|0.090960|0.000000|0.484375|0.351562|0.000000|0.000000|0.000000|0.000000|0.000000|0.000000|0.000000|0.000000|0.000000|0.000000
RL_LCE_Quest8_PruneQuant-20251030-202125,3600,wikitext,4.0,5.0,64.0,68.2477544198147,68.07183986245384,0.20000000298023224,0.6258928807718414,0.30064174107142855,0.20000000298023224,0.6258928605488369,0.30064174107142855,0.200000|1.000000,0.000000|0.000000|0.000000|0.000000|0.129464|0.000000|0.797433|0.073103|0.000000|0.000000|0.000000|0.000000|0.000000|0.000000|0.000000|0.000000|0.000000|0.000000,0.000000|0.000000|0.000000|0.106027|0.023438|0.000000|0.691406|0.179129|0.000000|0.000000|0.000000|0.000000|0.000000|0.000000|0.000000|0.000000|0.000000|0.000000,0.000000|0.000000|0.000000|0.106027|0.023438|0.000000|0.691406|0.179129|0.000000|0.000000|0.000000|0.000000|0.000000|0.000000|0.000000|0.000000|0.000000|0.000000
RL_LCE_Quest8_PruneQuant-20251030-202125,3600,wikitext,4.0,10.0,-20.0,13.068084907418314,14.142787815135458,0.3723214315250516,0.6024553786431041,1.0,0.3500000014901161,0.6024553786431041,1.0,0.200000|1.000000,0.000000|0.000000|0.000000|0.000000|0.000000|0.011161|0.000000|0.000000|0.773438|0.000000|0.000000|0.000000|0.000000|0.000000|0.001116|0.000000|0.000000|0.214286,0.000000|0.000000|0.000000|0.000000|0.000000|0.011161|0.000000|0.000000|0.801339|0.000000|0.000000|0.000000|0.000000|0.000000|0.001116|0.000000|0.000000|0.186384,0.000000|0.000000|0.000000|0.000000|0.000000|0.011161|0.000000|0.000000|0.801339|0.000000|0.000000|0.000000|0.000000|0.000000|0.001116|0.000000|0.000000|0.186384
RL_LCE_Quest8_PruneQuant-20251030-202125,3600,wikitext,4.0,10.0,-16.0,13.068084907418314,14.142787815135458,0.3723214315250516,0.6024553786431041,1.0,0.3500000014901161,0.6024553786431041,1.0,0.200000|1.000000,0.000000|0.000000|0.000000|0.000000|0.000000|0.011161|0.000000|0.000000|0.773438|0.000000|0.000000|0.000000|0.000000|0.000000|0.001116|0.000000|0.000000|0.214286,0.000000|0.000000|0.000000|0.000000|0.000000|0.011161|0.000000|0.000000|0.801339|0.000000|0.000000|0.000000|0.000000|0.000000|0.001116|0.000000|0.000000|0.186384,0.000000|0.000000|0.000000|0.000000|0.000000|0.011161|0.000000|0.000000|0.801339|0.000000|0.000000|0.000000|0.000000|0.000000|0.001116|0.000000|0.000000|0.186384
RL_LCE_Quest8_PruneQuant-20251030-202125,3600,wikitext,4.0,10.0,-12.0,13.068084907418314,14.142787815135458,0.3723214315250516,0.6024553786431041,1.0,0.3500000014901161,0.6024553786431041,1.0,0.200000|1.000000,0.000000|0.000000|0.000000|0.000000|0.000000|0.011161|0.000000|0.000000|0.773438|0.000000|0.000000|0.000000|0.000000|0.000000|0.001116|0.000000|0.000000|0.214286,0.000000|0.000000|0.000000|0.000000|0.000000|0.011161|0.000000|0.000000|0.801339|0.000000|0.000000|0.000000|0.000000|0.000000|0.001116|0.000000|0.000000|0.186384,0.000000|0.000000|0.000000|0.000000|0.000000|0.011161|0.000000|0.000000|0.801339|0.000000|0.000000|0.000000|0.000000|0.000000|0.001116|0.000000|0.000000|0.186384
RL_LCE_Quest8_PruneQuant-20251030-202125,3600,wikitext,4.0,10.0,-10.0,13.068084907418314,14.142787815135458,0.3723214315250516,0.6024553786431041,1.0,0.3500000014901161,0.6024553786431041,1.0,0.200000|1.000000,0.000000|0.000000|0.000000|0.000000|0.000000|0.011161|0.000000|0.000000|0.773438|0.000000|0.000000|0.000000|0.000000|0.000000|0.001116|0.000000|0.000000|0.214286,0.000000|0.000000|0.000000|0.000000|0.000000|0.011161|0.000000|0.000000|0.801339|0.000000|0.000000|0.000000|0.000000|0.000000|0.001116|0.000000|0.000000|0.186384,0.000000|0.000000|0.000000|0.000000|0.000000|0.011161|0.000000|0.000000|0.801339|0.000000|0.000000|0.000000|0.000000|0.000000|0.001116|0.000000|0.000000|0.186384
RL_LCE_Quest8_PruneQuant-20251030-202125,3600,wikitext,4.0,10.0,0.0,13.061705564168207,14.472116127099817,0.31741071758525713,0.6162946628672736,0.5002790178571429,0.30000001192092896,0.6162946511592183,0.5002790178571429,0.200000|1.000000,0.000000|0.000000|0.000000|0.000000|0.068638|0.000000|0.000000|0.784598|0.000000|0.000000|0.000000|0.000000|0.000000|0.012835|0.000000|0.000000|0.133371|0.000558,0.000000|0.000000|0.000000|0.000000|0.075893|0.000000|0.000000|0.798549|0.000558|0.000000|0.000000|0.000000|0.000000|0.005580|0.000000|0.000000|0.119420|0.000000,0.000000|0.000000|0.000000|0.000000|0.075893|0.000000|0.000000|0.798549|0.000558|0.000000|0.000000|0.000000|0.000000|0.005580|0.000000|0.000000|0.119420|0.000000
RL_LCE_Quest8_PruneQuant-20251030-202125,3600,wikitext,4.0,10.0,10.0,13.04986647330513,14.482214595832,0.317410717319165,0.6162946628672736,0.5,0.30000001192092896,0.6162946511592183,0.5,0.200000|1.000000,0.000000|0.000000|0.000000|0.000000|0.068638|0.000000|0.000000|0.784598|0.000000|0.000000|0.000000|0.000000|0.000000|0.012835|0.000000|0.000000|0.133929|0.000000,0.000000|0.000000|0.000000|0.000000|0.075893|0.000000|0.000000|0.799107|0.000000|0.000000|0.000000|0.000000|0.000000|0.005580|0.000000|0.000000|0.119420|0.000000,0.000000|0.000000|0.000000|0.000000|0.075893|0.000000|0.000000|0.799107|0.000000|0.000000|0.000000|0.000000|0.000000|0.005580|0.000000|0.000000|0.119420|0.000000
RL_LCE_Quest8_PruneQuant-20251030-202125,3600,wikitext,4.0,10.0,20.0,13.04986647330513,14.482214595832,0.317410717319165,0.6162946628672736,0.5,0.30000001192092896,0.6162946511592183,0.5,0.200000|1.000000,0.000000|0.000000|0.000000|0.000000|0.068638|0.000000|0.000000|0.784598|0.000000|0.000000|0.000000|0.000000|0.000000|0.012835|0.000000|0.000000|0.133929|0.000000,0.000000|0.000000|0.000000|0.000000|0.075893|0.000000|0.000000|0.799107|0.000000|0.000000|0.000000|0.000000|0.000000|0.005580|0.000000|0.000000|0.119420|0.000000,0.000000|0.000000|0.000000|0.000000|0.075893|0.000000|0.000000|0.799107|0.000000|0.000000|0.000000|0.000000|0.000000|0.005580|0.000000|0.000000|0.119420|0.000000
RL_LCE_Quest8_PruneQuant-20251030-202125,3600,wikitext,4.0,10.0,60.0,48.71326870042301,45.26977127302931,0.20000000298023224,0.6014509153153215,0.3470982142857143,0.20000000298023224,0.6014509153153215,0.3470982142857143,0.200000|1.000000,0.000000|0.000000|0.000000|0.000000|0.007254|0.000000|0.611607|0.381138|0.000000|0.000000|0.000000|0.000000|0.000000|0.000000|0.000000|0.000000|0.000000|0.000000,0.000000|0.000000|0.000000|0.004464|0.002790|0.000000|0.607143|0.385603|0.000000|0.000000|0.000000|0.000000|0.000000|0.000000|0.000000|0.000000|0.000000|0.000000,0.000000|0.000000|0.000000|0.004464|0.002790|0.000000|0.607143|0.385603|0.000000|0.000000|0.000000|0.000000|0.000000|0.000000|0.000000|0.000000|0.000000|0.000000
RL_LCE_Quest8_PruneQuant-20251030-202125,3600,wikitext,4.0,10.0,64.0,88.53504280153187,89.51620253950982,0.20000000298023224,0.6000000238418579,0.27371651785714285,0.20000000298023224,0.6000000238418579,0.27371651785714285,0.200000|1.000000,0.000000|0.000000|0.000000|0.000000|0.000000|0.000000|0.905134|0.094866|0.000000|0.000000|0.000000|0.000000|0.000000|0.000000|0.000000|0.000000|0.000000|0.000000,0.000000|0.000000|0.000000|0.000000|0.000000|0.000000|0.905134|0.094866|0.000000|0.000000|0.000000|0.000000|0.000000|0.000000|0.000000|0.000000|0.000000|0.000000,0.000000|0.000000|0.000000|0.000000|0.000000|0.000000|0.905134|0.094866|0.000000|0.000000|0.000000|0.000000|0.000000|0.000000|0.000000|0.000000|0.000000|0.000000
RL_LCE_Quest8_PruneQuant-20251030-202125,3600,wikitext,10.0,-50.0,-20.0,11.957701622648422,12.178245784870148,0.20000000298023224,1.0,1.0,0.20000000298023224,1.0,1.0,0.200000|1.000000,0.000000|0.000000|1.000000|0.000000|0.000000|0.000000|0.000000|0.000000|0.000000|0.000000|0.000000|0.000000|0.000000|0.000000|0.000000|0.000000|0.000000|0.000000,0.000000|0.000000|1.000000|0.000000|0.000000|0.000000|0.000000|0.000000|0.000000|0.000000|0.000000|0.000000|0.000000|0.000000|0.000000|0.000000|0.000000|0.000000,0.000000|0.000000|1.000000|0.000000|0.000000|0.000000|0.000000|0.000000|0.000000|0.000000|0.000000|0.000000|0.000000|0.000000|0.000000|0.000000|0.000000|0.000000
RL_LCE_Quest8_PruneQuant-20251030-202125,3600,wikitext,10.0,-50.0,-16.0,11.957701622648422,12.178245784870148,0.20000000298023224,1.0,1.0,0.20000000298023224,1.0,1.0,0.200000|1.000000,0.000000|0.000000|1.000000|0.000000|0.000000|0.000000|0.000000|0.000000|0.000000|0.000000|0.000000|0.000000|0.000000|0.000000|0.000000|0.000000|0.000000|0.000000,0.000000|0.000000|1.000000|0.000000|0.000000|0.000000|0.000000|0.000000|0.000000|0.000000|0.000000|0.000000|0.000000|0.000000|0.000000|0.000000|0.000000|0.000000,0.000000|0.000000|1.000000|0.000000|0.000000|0.000000|0.000000|0.000000|0.000000|0.000000|0.000000|0.000000|0.000000|0.000000|0.000000|0.000000|0.000000|0.000000
RL_LCE_Quest8_PruneQuant-20251030-202125,3600,wikitext,10.0,-50.0,-12.0,11.957701622648422,12.178245784870148,0.20000000298023224,1.0,1.0,0.20000000298023224,1.0,1.0,0.200000|1.000000,0.000000|0.000000|1.000000|0.000000|0.000000|0.000000|0.000000|0.000000|0.000000|0.000000|0.000000|0.000000|0.000000|0.000000|0.000000|0.000000|0.000000|0.000000,0.000000|0.000000|1.000000|0.000000|0.000000|0.000000|0.000000|0.000000|0.000000|0.000000|0.000000|0.000000|0.000000|0.000000|0.000000|0.000000|0.000000|0.000000,0.000000|0.000000|1.000000|0.000000|0.000000|0.000000|0.000000|0.000000|0.000000|0.000000|0.000000|0.000000|0.000000|0.000000|0.000000|0.000000|0.000000|0.000000
RL_LCE_Quest8_PruneQuant-20251030-202125,3600,wikitext,10.0,-50.0,-10.0,11.957701622648422,12.178245784870148,0.20000000298023224,1.0,1.0,0.20000000298023224,1.0,1.0,0.200000|1.000000,0.000000|0.000000|1.000000|0.000000|0.000000|0.000000|0.000000|0.000000|0.000000|0.000000|0.000000|0.000000|0.000000|0.000000|0.000000|0.000000|0.000000|0.000000,0.000000|0.000000|1.000000|0.000000|0.000000|0.000000|0.000000|0.000000|0.000000|0.000000|0.000000|0.000000|0.000000|0.000000|0.000000|0.000000|0.000000|0.000000,0.000000|0.000000|1.000000|0.000000|0.000000|0.000000|0.000000|0.000000|0.000000|0.000000|0.000000|0.000000|0.000000|0.000000|0.000000|0.000000|0.000000|0.000000
RL_LCE_Quest8_PruneQuant-20251030-202125,3600,wikitext,10.0,-50.0,0.0,12.059896421681957,12.209717399579048,0.20000000298023224,1.0,0.6774553571428571,0.20000000298023224,1.0,0.6774553571428571,0.200000|1.000000,0.000000|0.645089|0.354911|0.000000|0.000000|0.000000|0.000000|0.000000|0.000000|0.000000|0.000000|0.000000|0.000000|0.000000|0.000000|0.000000|0.000000|0.000000,0.000000|0.645089|0.354911|0.000000|0.000000|0.000000|0.000000|0.000000|0.000000|0.000000|0.000000|0.000000|0.000000|0.000000|0.000000|0.000000|0.000000|0.000000,0.000000|0.645089|0.354911|0.000000|0.000000|0.000000|0.000000|0.000000|0.000000|0.000000|0.000000|0.000000|0.000000|0.000000|0.000000|0.000000|0.000000|0.000000
RL_LCE_Quest8_PruneQuant-20251030-202125,3600,wikitext,10.0,-50.0,10.0,21.836128053116166,22.428928184908717,0.20000000298023224,1.0,0.40904017857142855,0.20000000298023224,1.0,0.40904017857142855,0.200000|1.000000,0.363839|0.636161|0.000000|0.000000|0.000000|0.000000|0.000000|0.000000|0.000000|0.000000|0.000000|0.000000|0.000000|0.000000|0.000000|0.000000|0.000000|0.000000,0.363839|0.636161|0.000000|0.000000|0.000000|0.000000|0.000000|0.000000|0.000000|0.000000|0.000000|0.000000|0.000000|0.000000|0.000000|0.000000|0.000000|0.000000,0.363839|0.636161|0.000000|0.000000|0.000000|0.000000|0.000000|0.000000|0.000000|0.000000|0.000000|0.000000|0.000000|0.000000|0.000000|0.000000|0.000000|0.000000
RL_LCE_Quest8_PruneQuant-20251030-202125,3600,wikitext,10.0,-50.0,20.0,74.69973633644908,76.22620926346134,0.20000000298023224,1.0,0.25,0.20000000298023224,1.0,0.25,0.200000|1.000000,1.000000|0.000000|0.000000|0.000000|0.000000|0.000000|0.000000|0.000000|0.000000|0.000000|0.000000|0.000000|0.000000|0.000000|0.000000|0.000000|0.000000|0.000000,1.000000|0.000000|0.000000|0.000000|0.000000|0.000000|0.000000|0.000000|0.000000|0.000000|0.000000|0.000000|0.000000|0.000000|0.000000|0.000000|0.000000|0.000000,1.000000|0.000000|0.000000|0.000000|0.000000|0.000000|0.000000|0.000000|0.000000|0.000000|0.000000|0.000000|0.000000|0.000000|0.000000|0.000000|0.000000|0.000000
RL_LCE_Quest8_PruneQuant-20251030-202125,3600,wikitext,10.0,-50.0,60.0,74.69973633644908,76.22620926346134,0.20000000298023224,1.0,0.25,0.20000000298023224,1.0,0.25,0.200000|1.000000,1.000000|0.000000|0.000000|0.000000|0.000000|0.000000|0.000000|0.000000|0.000000|0.000000|0.000000|0.000000|0.000000|0.000000|0.000000|0.000000|0.000000|0.000000,1.000000|0.000000|0.000000|0.000000|0.000000|0.000000|0.000000|0.000000|0.000000|0.000000|0.000000|0.000000|0.000000|0.000000|0.000000|0.000000|0.000000|0.000000,1.000000|0.000000|0.000000|0.000000|0.000000|0.000000|0.000000|0.000000|0.000000|0.000000|0.000000|0.000000|0.000000|0.000000|0.000000|0.000000|0.000000|0.000000
RL_LCE_Quest8_PruneQuant-20251030-202125,3600,wikitext,10.0,-50.0,64.0,74.69973633644908,76.22620926346134,0.20000000298023224,1.0,0.25,0.20000000298023224,1.0,0.25,0.200000|1.000000,1.000000|0.000000|0.000000|0.000000|0.000000|0.000000|0.000000|0.000000|0.000000|0.000000|0.000000|0.000000|0.000000|0.000000|0.000000|0.000000|0.000000|0.000000,1.000000|0.000000|0.000000|0.000000|0.000000|0.000000|0.000000|0.000000|0.000000|0.000000|0.000000|0.000000|0.000000|0.000000|0.000000|0.000000|0.000000|0.000000,1.000000|0.000000|0.000000|0.000000|0.000000|0.000000|0.000000|0.000000|0.000000|0.000000|0.000000|0.000000|0.000000|0.000000|0.000000|0.000000|0.000000|0.000000
RL_LCE_Quest8_PruneQuant-20251030-202125,3600,wikitext,10.0,-40.0,-20.0,11.957701622648422,12.178245784870148,0.20000000298023224,1.0,1.0,0.20000000298023224,1.0,1.0,0.200000|1.000000,0.000000|0.000000|1.000000|0.000000|0.000000|0.000000|0.000000|0.000000|0.000000|0.000000|0.000000|0.000000|0.000000|0.000000|0.000000|0.000000|0.000000|0.000000,0.000000|0.000000|1.000000|0.000000|0.000000|0.000000|0.000000|0.000000|0.000000|0.000000|0.000000|0.000000|0.000000|0.000000|0.000000|0.000000|0.000000|0.000000,0.000000|0.000000|1.000000|0.000000|0.000000|0.000000|0.000000|0.000000|0.000000|0.000000|0.000000|0.000000|0.000000|0.000000|0.000000|0.000000|0.000000|0.000000
RL_LCE_Quest8_PruneQuant-20251030-202125,3600,wikitext,10.0,-40.0,-16.0,11.957701622648422,12.178245784870148,0.20000000298023224,1.0,1.0,0.20000000298023224,1.0,1.0,0.200000|1.000000,0.000000|0.000000|1.000000|0.000000|0.000000|0.000000|0.000000|0.000000|0.000000|0.000000|0.000000|0.000000|0.000000|0.000000|0.000000|0.000000|0.000000|0.000000,0.000000|0.000000|1.000000|0.000000|0.000000|0.000000|0.000000|0.000000|0.000000|0.000000|0.000000|0.000000|0.000000|0.000000|0.000000|0.000000|0.000000|0.000000,0.000000|0.000000|1.000000|0.000000|0.000000|0.000000|0.000000|0.000000|0.000000|0.000000|0.000000|0.000000|0.000000|0.000000|0.000000|0.000000|0.000000|0.000000
RL_LCE_Quest8_PruneQuant-20251030-202125,3600,wikitext,10.0,-40.0,-12.0,11.957701622648422,12.178245784870148,0.20000000298023224,1.0,1.0,0.20000000298023224,1.0,1.0,0.200000|1.000000,0.000000|0.000000|1.000000|0.000000|0.000000|0.000000|0.000000|0.000000|0.000000|0.000000|0.000000|0.000000|0.000000|0.000000|0.000000|0.000000|0.000000|0.000000,0.000000|0.000000|1.000000|0.000000|0.000000|0.000000|0.000000|0.000000|0.000000|0.000000|0.000000|0.000000|0.000000|0.000000|0.000000|0.000000|0.000000|0.000000,0.000000|0.000000|1.000000|0.000000|0.000000|0.000000|0.000000|0.000000|0.000000|0.000000|0.000000|0.000000|0.000000|0.000000|0.000000|0.000000|0.000000|0.000000
RL_LCE_Quest8_PruneQuant-20251030-202125,3600,wikitext,10.0,-40.0,-10.0,11.957701622648422,12.178245784870148,0.20000000298023224,1.0,1.0,0.20000000298023224,1.0,1.0,0.200000|1.000000,0.000000|0.000000|1.000000|0.000000|0.000000|0.000000|0.000000|0.000000|0.000000|0.000000|0.000000|0.000000|0.000000|0.000000|0.000000|0.000000|0.000000|0.000000,0.000000|0.000000|1.000000|0.000000|0.000000|0.000000|0.000000|0.000000|0.000000|0.000000|0.000000|0.000000|0.000000|0.000000|0.000000|0.000000|0.000000|0.000000,0.000000|0.000000|1.000000|0.000000|0.000000|0.000000|0.000000|0.000000|0.000000|0.000000|0.000000|0.000000|0.000000|0.000000|0.000000|0.000000|0.000000|0.000000
RL_LCE_Quest8_PruneQuant-20251030-202125,3600,wikitext,10.0,-40.0,0.0,12.075048100823022,12.250666665003326,0.20000000298023224,0.9890625008514949,0.6688058035714286,0.20000000298023224,0.9890625104308128,0.6688058035714286,0.200000|1.000000,0.000000|0.607701|0.337612|0.000000|0.054688|0.000000|0.000000|0.000000|0.000000|0.000000|0.000000|0.000000|0.000000|0.000000|0.000000|0.000000|0.000000|0.000000,0.000000|0.623884|0.321429|0.000000|0.038504|0.016183|0.000000|0.000000|0.000000|0.000000|0.000000|0.000000|0.000000|0.000000|0.000000|0.000000|0.000000|0.000000,0.000000|0.623884|0.321429|0.000000|0.038504|0.016183|0.000000|0.000000|0.000000|0.000000|0.000000|0.000000|0.000000|0.000000|0.000000|0.000000|0.000000|0.000000
RL_LCE_Quest8_PruneQuant-20251030-202125,3600,wikitext,10.0,-40.0,10.0,22.734507594661874,21.568184909852523,0.20000000298023224,0.9949776796357972,0.40694754464285715,0.20000000298023224,0.9949776833610875,0.40694754464285715,0.200000|1.000000,0.372210|0.602679|0.000000|0.000000|0.025112|0.000000|0.000000|0.000000|0.000000|0.000000|0.000000|0.000000|0.000000|0.000000|0.000000|0.000000|0.000000|0.000000,0.361607|0.613281|0.000000|0.010603|0.014509|0.000000|0.000000|0.000000|0.000000|0.000000|0.000000|0.000000|0.000000|0.000000|0.000000|0.000000|0.000000|0.000000,0.361607|0.613281|0.000000|0.010603|0.014509|0.000000|0.000000|0.000000|0.000000|0.000000|0.000000|0.000000|0.000000|0.000000|0.000000|0.000000|0.000000|0.000000
RL_LCE_Quest8_PruneQuant-20251030-202125,3600,wikitext,10.0,-40.0,20.0,74.69973633644908,76.22620926346134,0.20000000298023224,1.0,0.25,0.20000000298023224,1.0,0.25,0.200000|1.000000,1.000000|0.000000|0.000000|0.000000|0.000000|0.000000|0.000000|0.000000|0.000000|0.000000|0.000000|0.000000|0.000000|0.000000|0.000000|0.000000|0.000000|0.000000,1.000000|0.000000|0.000000|0.000000|0.000000|0.000000|0.000000|0.000000|0.000000|0.000000|0.000000|0.000000|0.000000|0.000000|0.000000|0.000000|0.000000|0.000000,1.000000|0.000000|0.000000|0.000000|0.000000|0.000000|0.000000|0.000000|0.000000|0.000000|0.000000|0.000000|0.000000|0.000000|0.000000|0.000000|0.000000|0.000000
RL_LCE_Quest8_PruneQuant-20251030-202125,3600,wikitext,10.0,-40.0,60.0,74.69973633644908,76.22620926346134,0.20000000298023224,1.0,0.25,0.20000000298023224,1.0,0.25,0.200000|1.000000,1.000000|0.000000|0.000000|0.000000|0.000000|0.000000|0.000000|0.000000|0.000000|0.000000|0.000000|0.000000|0.000000|0.000000|0.000000|0.000000|0.000000|0.000000,1.000000|0.000000|0.000000|0.000000|0.000000|0.000000|0.000000|0.000000|0.000000|0.000000|0.000000|0.000000|0.000000|0.000000|0.000000|0.000000|0.000000|0.000000,1.000000|0.000000|0.000000|0.000000|0.000000|0.000000|0.000000|0.000000|0.000000|0.000000|0.000000|0.000000|0.000000|0.000000|0.000000|0.000000|0.000000|0.000000
RL_LCE_Quest8_PruneQuant-20251030-202125,3600,wikitext,10.0,-40.0,64.0,74.69973633644908,76.22620926346134,0.20000000298023224,1.0,0.25,0.20000000298023224,1.0,0.25,0.200000|1.000000,1.000000|0.000000|0.000000|0.000000|0.000000|0.000000|0.000000|0.000000|0.000000|0.000000|0.000000|0.000000|0.000000|0.000000|0.000000|0.000000|0.000000|0.000000,1.000000|0.000000|0.000000|0.000000|0.000000|0.000000|0.000000|0.000000|0.000000|0.000000|0.000000|0.000000|0.000000|0.000000|0.000000|0.000000|0.000000|0.000000,1.000000|0.000000|0.000000|0.000000|0.000000|0.000000|0.000000|0.000000|0.000000|0.000000|0.000000|0.000000|0.000000|0.000000|0.000000|0.000000|0.000000|0.000000
RL_LCE_Quest8_PruneQuant-20251030-202125,3600,wikitext,10.0,-30.0,-20.0,12.064944867748627,12.21227271382545,0.20000000298023224,0.9351562548960958,1.0,0.20000000298023224,0.9351562447845936,1.0,0.200000|1.000000,0.000000|0.000000|0.675781|0.000000|0.000000|0.324219|0.000000|0.000000|0.000000|0.000000|0.000000|0.000000|0.000000|0.000000|0.000000|0.000000|0.000000|0.000000,0.000000|0.000000|0.675781|0.000000|0.000000|0.324219|0.000000|0.000000|0.000000|0.000000|0.000000|0.000000|0.000000|0.000000|0.000000|0.000000|0.000000|0.000000,0.000000|0.000000|0.675781|0.000000|0.000000|0.324219|0.000000|0.000000|0.000000|0.000000|0.000000|0.000000|0.000000|0.000000|0.000000|0.000000|0.000000|0.000000
RL_LCE_Quest8_PruneQuant-20251030-202125,3600,wikitext,10.0,-30.0,-16.0,12.064944867748627,12.21227271382545,0.20000000298023224,0.9351562548960958,1.0,0.20000000298023224,0.9351562447845936,1.0,0.200000|1.000000,0.000000|0.000000|0.675781|0.000000|0.000000|0.324219|0.000000|0.000000|0.000000|0.000000|0.000000|0.000000|0.000000|0.000000|0.000000|0.000000|0.000000|0.000000,0.000000|0.000000|0.675781|0.000000|0.000000|0.324219|0.000000|0.000000|0.000000|0.000000|0.000000|0.000000|0.000000|0.000000|0.000000|0.000000|0.000000|0.000000,0.000000|0.000000|0.675781|0.000000|0.000000|0.324219|0.000000|0.000000|0.000000|0.000000|0.000000|0.000000|0.000000|0.000000|0.000000|0.000000|0.000000|0.000000
RL_LCE_Quest8_PruneQuant-20251030-202125,3600,wikitext,10.0,-30.0,-12.0,12.064944867748627,12.21227271382545,0.20000000298023224,0.9351562548960958,1.0,0.20000000298023224,0.9351562447845936,1.0,0.200000|1.000000,0.000000|0.000000|0.675781|0.000000|0.000000|0.324219|0.000000|0.000000|0.000000|0.000000|0.000000|0.000000|0.000000|0.000000|0.000000|0.000000|0.000000|0.000000,0.000000|0.000000|0.675781|0.000000|0.000000|0.324219|0.000000|0.000000|0.000000|0.000000|0.000000|0.000000|0.000000|0.000000|0.000000|0.000000|0.000000|0.000000,0.000000|0.000000|0.675781|0.000000|0.000000|0.324219|0.000000|0.000000|0.000000|0.000000|0.000000|0.000000|0.000000|0.000000|0.000000|0.000000|0.000000|0.000000
RL_LCE_Quest8_PruneQuant-20251030-202125,3600,wikitext,10.0,-30.0,-10.0,12.064944867748627,12.21227271382545,0.20000000298023224,0.9351562548960958,1.0,0.20000000298023224,0.9351562447845936,1.0,0.200000|1.000000,0.000000|0.000000|0.675781|0.000000|0.000000|0.324219|0.000000|0.000000|0.000000|0.000000|0.000000|0.000000|0.000000|0.000000|0.000000|0.000000|0.000000|0.000000,0.000000|0.000000|0.675781|0.000000|0.000000|0.324219|0.000000|0.000000|0.000000|0.000000|0.000000|0.000000|0.000000|0.000000|0.000000|0.000000|0.000000|0.000000,0.000000|0.000000|0.675781|0.000000|0.000000|0.324219|0.000000|0.000000|0.000000|0.000000|0.000000|0.000000|0.000000|0.000000|0.000000|0.000000|0.000000|0.000000
RL_LCE_Quest8_PruneQuant-20251030-202125,3600,wikitext,10.0,-30.0,0.0,12.216532759379573,12.5683311030729,0.20000000298023224,0.8407366164028645,0.5912388392857143,0.20000000298023224,0.8407366062913623,0.5912388392857143,0.200000|1.000000,0.000000|0.021205|0.182478|0.000000|0.796317|0.000000|0.000000|0.000000|0.000000|0.000000|0.000000|0.000000|0.000000|0.000000|0.000000|0.000000|0.000000|0.000000,0.000000|0.190290|0.013393|0.000000|0.627232|0.169085|0.000000|0.000000|0.000000|0.000000|0.000000|0.000000|0.000000|0.000000|0.000000|0.000000|0.000000|0.000000,0.000000|0.190290|0.013393|0.000000|0.627232|0.169085|0.000000|0.000000|0.000000|0.000000|0.000000|0.000000|0.000000|0.000000|0.000000|0.000000|0.000000|0.000000
RL_LCE_Quest8_PruneQuant-20251030-202125,3600,wikitext,10.0,-30.0,10.0,21.779843522825104,22.221809549124725,0.20000000298023224,0.8704241125711373,0.4175502232142857,0.20000000298023224,0.8704241061849254,0.4175502232142857,0.200000|1.000000,0.329799|0.022321|0.000000|0.000000|0.647879|0.000000|0.000000|0.000000|0.000000|0.000000|0.000000|0.000000|0.000000|0.000000|0.000000|0.000000|0.000000|0.000000,0.113281|0.238839|0.000000|0.216518|0.431362|0.000000|0.000000|0.000000|0.000000|0.000000|0.000000|0.000000|0.000000|0.000000|0.000000|0.000000|0.000000|0.000000,0.113281|0.238839|0.000000|0.216518|0.431362|0.000000|0.000000|0.000000|0.000000|0.000000|0.000000|0.000000|0.000000|0.000000|0.000000|0.000000|0.000000|0.000000
RL_LCE_Quest8_PruneQuant-20251030-202125,3600,wikitext,10.0,-30.0,20.0,47.26394619035295,51.24015169478249,0.20000000298023224,0.9540178584200996,0.30747767857142855,0.20000000298023224,0.9540178413902011,0.30747767857142855,0.200000|1.000000,0.770089|0.000000|0.000000|0.000000|0.229911|0.000000|0.000000|0.000000|0.000000|0.000000|0.000000|0.000000|0.000000|0.000000|0.000000|0.000000|0.000000|0.000000,0.551339|0.218750|0.000000|0.218750|0.011161|0.000000|0.000000|0.000000|0.000000|0.000000|0.000000|0.000000|0.000000|0.000000|0.000000|0.000000|0.000000|0.000000,0.551339|0.218750|0.000000|0.218750|0.011161|0.000000|0.000000|0.000000|0.000000|0.000000|0.000000|0.000000|0.000000|0.000000|0.000000|0.000000|0.000000|0.000000
RL_LCE_Quest8_PruneQuant-20251030-202125,3600,wikitext,10.0,-30.0,60.0,74.69973633644908,76.22620926346134,0.20000000298023224,1.0,0.25,0.20000000298023224,1.0,0.25,0.200000|1.000000,1.000000|0.000000|0.000000|0.000000|0.000000|0.000000|0.000000|0.000000|0.000000|0.000000|0.000000|0.000000|0.000000|0.000000|0.000000|0.000000|0.000000|0.000000,1.000000|0.000000|0.000000|0.000000|0.000000|0.000000|0.000000|0.000000|0.000000|0.000000|0.000000|0.000000|0.000000|0.000000|0.000000|0.000000|0.000000|0.000000,1.000000|0.000000|0.000000|0.000000|0.000000|0.000000|0.000000|0.000000|0.000000|0.000000|0.000000|0.000000|0.000000|0.000000|0.000000|0.000000|0.000000|0.000000
RL_LCE_Quest8_PruneQuant-20251030-202125,3600,wikitext,10.0,-30.0,64.0,74.69973633644908,76.22620926346134,0.20000000298023224,1.0,0.25,0.20000000298023224,1.0,0.25,0.200000|1.000000,1.000000|0.000000|0.000000|0.000000|0.000000|0.000000|0.000000|0.000000|0.000000|0.000000|0.000000|0.000000|0.000000|0.000000|0.000000|0.000000|0.000000|0.000000,1.000000|0.000000|0.000000|0.000000|0.000000|0.000000|0.000000|0.000000|0.000000|0.000000|0.000000|0.000000|0.000000|0.000000|0.000000|0.000000|0.000000|0.000000,1.000000|0.000000|0.000000|0.000000|0.000000|0.000000|0.000000|0.000000|0.000000|0.000000|0.000000|0.000000|0.000000|0.000000|0.000000|0.000000|0.000000|0.000000
RL_LCE_Quest8_PruneQuant-20251030-202125,3600,wikitext,10.0,20.0,-20.0,15.087509068742158,15.360420210833068,0.20000000298023224,0.6000000238418579,1.0,0.20000000298023224,0.6000000238418579,1.0,0.200000|1.000000,0.000000|0.000000|0.000000|0.000000|0.000000|0.000000|0.000000|0.000000|1.000000|0.000000|0.000000|0.000000|0.000000|0.000000|0.000000|0.000000|0.000000|0.000000,0.000000|0.000000|0.000000|0.000000|0.000000|0.000000|0.000000|0.000000|1.000000|0.000000|0.000000|0.000000|0.000000|0.000000|0.000000|0.000000|0.000000|0.000000,0.000000|0.000000|0.000000|0.000000|0.000000|0.000000|0.000000|0.000000|1.000000|0.000000|0.000000|0.000000|0.000000|0.000000|0.000000|0.000000|0.000000|0.000000
RL_LCE_Quest8_PruneQuant-20251030-202125,3600,wikitext,10.0,20.0,-16.0,15.087509068742158,15.360420210833068,0.20000000298023224,0.6000000238418579,1.0,0.20000000298023224,0.6000000238418579,1.0,0.200000|1.000000,0.000000|0.000000|0.000000|0.000000|0.000000|0.000000|0.000000|0.000000|1.000000|0.000000|0.000000|0.000000|0.000000|0.000000|0.000000|0.000000|0.000000|0.000000,0.000000|0.000000|0.000000|0.000000|0.000000|0.000000|0.000000|0.000000|1.000000|0.000000|0.000000|0.000000|0.000000|0.000000|0.000000|0.000000|0.000000|0.000000,0.000000|0.000000|0.000000|0.000000|0.000000|0.000000|0.000000|0.000000|1.000000|0.000000|0.000000|0.000000|0.000000|0.000000|0.000000|0.000000|0.000000|0.000000
RL_LCE_Quest8_PruneQuant-20251030-202125,3600,wikitext,10.0,20.0,-12.0,15.087509068742158,15.360420210833068,0.20000000298023224,0.6000000238418579,1.0,0.20000000298023224,0.6000000238418579,1.0,0.200000|1.000000,0.000000|0.000000|0.000000|0.000000|0.000000|0.000000|0.000000|0.000000|1.000000|0.000000|0.000000|0.000000|0.000000|0.000000|0.000000|0.000000|0.000000|0.000000,0.000000|0.000000|0.000000|0.000000|0.000000|0.000000|0.000000|0.000000|1.000000|0.000000|0.000000|0.000000|0.000000|0.000000|0.000000|0.000000|0.000000|0.000000,0.000000|0.000000|0.000000|0.000000|0.000000|0.000000|0.000000|0.000000|1.000000|0.000000|0.000000|0.000000|0.000000|0.000000|0.000000|0.000000|0.000000|0.000000
RL_LCE_Quest8_PruneQuant-20251030-202125,3600,wikitext,10.0,20.0,-10.0,15.087509068742158,15.360420210833068,0.20000000298023224,0.6000000238418579,1.0,0.20000000298023224,0.6000000238418579,1.0,0.200000|1.000000,0.000000|0.000000|0.000000|0.000000|0.000000|0.000000|0.000000|0.000000|1.000000|0.000000|0.000000|0.000000|0.000000|0.000000|0.000000|0.000000|0.000000|0.000000,0.000000|0.000000|0.000000|0.000000|0.000000|0.000000|0.000000|0.000000|1.000000|0.000000|0.000000|0.000000|0.000000|0.000000|0.000000|0.000000|0.000000|0.000000,0.000000|0.000000|0.000000|0.000000|0.000000|0.000000|0.000000|0.000000|1.000000|0.000000|0.000000|0.000000|0.000000|0.000000|0.000000|0.000000|0.000000|0.000000
RL_LCE_Quest8_PruneQuant-20251030-202125,3600,wikitext,10.0,20.0,0.0,14.835995578572948,15.1793480925857,0.20000000298023224,0.6001116308782782,0.5251116071428571,0.20000000298023224,0.6001116308782782,0.5251116071428571,0.200000|1.000000,0.000000|0.000000|0.000000|0.000000|0.000558|0.000000|0.000000|0.949219|0.050223|0.000000|0.000000|0.000000|0.000000|0.000000|0.000000|0.000000|0.000000|0.000000,0.000000|0.000000|0.000000|0.000000|0.000558|0.000000|0.000000|0.949219|0.050223|0.000000|0.000000|0.000000|0.000000|0.000000|0.000000|0.000000|0.000000|0.000000,0.000000|0.000000|0.000000|0.000000|0.000558|0.000000|0.000000|0.949219|0.050223|0.000000|0.000000|0.000000|0.000000|0.000000|0.000000|0.000000|0.000000|0.000000
RL_LCE_Quest8_PruneQuant-20251030-202125,3600,wikitext,10.0,20.0,10.0,14.689768450593926,15.163473989289637,0.2031250029270138,0.6001116308782782,0.5,0.20000000298023224,0.6001116308782782,0.5,0.200000|1.000000,0.000000|0.000000|0.000000|0.000000|0.000558|0.000000|0.000000|0.995536|0.000000|0.000000|0.000000|0.000000|0.000000|0.000000|0.000000|0.000000|0.003906|0.000000,0.000000|0.000000|0.000000|0.000000|0.000558|0.000000|0.000000|0.999442|0.000000|0.000000|0.000000|0.000000|0.000000|0.000000|0.000000|0.000000|0.000000|0.000000,0.000000|0.000000|0.000000|0.000000|0.000558|0.000000|0.000000|0.999442|0.000000|0.000000|0.000000|0.000000|0.000000|0.000000|0.000000|0.000000|0.000000|0.000000
RL_LCE_Quest8_PruneQuant-20251030-202125,3600,wikitext,10.0,20.0,20.0,14.712328649019161,15.150786659959588,0.20267857438219444,0.6001116308782782,0.49986049107142855,0.20000000298023224,0.6001116308782782,0.49986049107142855,0.200000|1.000000,0.000000|0.000000|0.000000|0.000000|0.000558|0.000000|0.000558|0.995536|0.000000|0.000000|0.000000|0.000000|0.000000|0.000000|0.000000|0.000000|0.003348|0.000000,0.000000|0.000000|0.000000|0.000000|0.000558|0.000000|0.000558|0.998884|0.000000|0.000000|0.000000|0.000000|0.000000|0.000000|0.000000|0.000000|0.000000|0.000000,0.000000|0.000000|0.000000|0.000000|0.000558|0.000000|0.000558|0.998884|0.000000|0.000000|0.000000|0.000000|0.000000|0.000000|0.000000|0.000000|0.000000|0.000000
RL_LCE_Quest8_PruneQuant-20251030-202125,3600,wikitext,10.0,20.0,60.0,51.06887558144867,45.605735273029296,0.20000000298023224,0.6000000238418579,0.3441685267857143,0.20000000298023224,0.6000000238418579,0.3441685267857143,0.200000|1.000000,0.000000|0.000000|0.000000|0.000000|0.000000|0.000000|0.623326|0.376674|0.000000|0.000000|0.000000|0.000000|0.000000|0.000000|0.000000|0.000000|0.000000|0.000000,0.000000|0.000000|0.000000|0.000000|0.000000|0.000000|0.623326|0.376674|0.000000|0.000000|0.000000|0.000000|0.000000|0.000000|0.000000|0.000000|0.000000|0.000000,0.000000|0.000000|0.000000|0.000000|0.000000|0.000000|0.623326|0.376674|0.000000|0.000000|0.000000|0.000000|0.000000|0.000000|0.000000|0.000000|0.000000|0.000000
RL_LCE_Quest8_PruneQuant-20251030-202125,3600,wikitext,10.0,20.0,64.0,88.53504280153187,89.51620253950982,0.20000000298023224,0.6000000238418579,0.27371651785714285,0.20000000298023224,0.6000000238418579,0.27371651785714285,0.200000|1.000000,0.000000|0.000000|0.000000|0.000000|0.000000|0.000000|0.905134|0.094866|0.000000|0.000000|0.000000|0.000000|0.000000|0.000000|0.000000|0.000000|0.000000|0.000000,0.000000|0.000000|0.000000|0.000000|0.000000|0.000000|0.905134|0.094866|0.000000|0.000000|0.000000|0.000000|0.000000|0.000000|0.000000|0.000000|0.000000|0.000000,0.000000|0.000000|0.000000|0.000000|0.000000|0.000000|0.905134|0.094866|0.000000|0.000000|0.000000|0.000000|0.000000|0.000000|0.000000|0.000000|0.000000|0.000000
RL_LCE_Quest8_PruneQuant-20251030-202125,3600,wikitext,10.0,10.0,-20.0,15.034979670366658,15.37221077041063,0.20000000298023224,0.600446451987539,1.0,0.20000000298023224,0.600446451987539,1.0,0.200000|1.000000,0.000000|0.000000|0.000000|0.000000|0.000000|0.002232|0.000000|0.000000|0.997768|0.000000|0.000000|0.000000|0.000000|0.000000|0.000000|0.000000|0.000000|0.000000,0.000000|0.000000|0.000000|0.000000|0.000000|0.002232|0.000000|0.000000|0.997768|0.000000|0.000000|0.000000|0.000000|0.000000|0.000000|0.000000|0.000000|0.000000,0.000000|0.000000|0.000000|0.000000|0.000000|0.002232|0.000000|0.000000|0.997768|0.000000|0.000000|0.000000|0.000000|0.000000|0.000000|0.000000|0.000000|0.000000
RL_LCE_Quest8_PruneQuant-20251030-202125,3600,wikitext,10.0,10.0,-16.0,15.034979670366658,15.37221077041063,0.20000000298023224,0.600446451987539,1.0,0.20000000298023224,0.600446451987539,1.0,0.200000|1.000000,0.000000|0.000000|0.000000|0.000000|0.000000|0.002232|0.000000|0.000000|0.997768|0.000000|0.000000|0.000000|0.000000|0.000000|0.000000|0.000000|0.000000|0.000000,0.000000|0.000000|0.000000|0.000000|0.000000|0.002232|0.000000|0.000000|0.997768|0.000000|0.000000|0.000000|0.000000|0.000000|0.000000|0.000000|0.000000|0.000000,0.000000|0.000000|0.000000|0.000000|0.000000|0.002232|0.000000|0.000000|0.997768|0.000000|0.000000|0.000000|0.000000|0.000000|0.000000|0.000000|0.000000|0.000000
RL_LCE_Quest8_PruneQuant-20251030-202125,3600,wikitext,10.0,10.0,-12.0,15.034979670366658,15.37221077041063,0.20000000298023224,0.600446451987539,1.0,0.20000000298023224,0.600446451987539,1.0,0.200000|1.000000,0.000000|0.000000|0.000000|0.000000|0.000000|0.002232|0.000000|0.000000|0.997768|0.000000|0.000000|0.000000|0.000000|0.000000|0.000000|0.000000|0.000000|0.000000,0.000000|0.000000|0.000000|0.000000|0.000000|0.002232|0.000000|0.000000|0.997768|0.000000|0.000000|0.000000|0.000000|0.000000|0.000000|0.000000|0.000000|0.000000,0.000000|0.000000|0.000000|0.000000|0.000000|0.002232|0.000000|0.000000|0.997768|0.000000|0.000000|0.000000|0.000000|0.000000|0.000000|0.000000|0.000000|0.000000
RL_LCE_Quest8_PruneQuant-20251030-202125,3600,wikitext,10.0,10.0,-10.0,15.034979670366658,15.37221077041063,0.20000000298023224,0.600446451987539,1.0,0.20000000298023224,0.600446451987539,1.0,0.200000|1.000000,0.000000|0.000000|0.000000|0.000000|0.000000|0.002232|0.000000|0.000000|0.997768|0.000000|0.000000|0.000000|0.000000|0.000000|0.000000|0.000000|0.000000|0.000000,0.000000|0.000000|0.000000|0.000000|0.000000|0.002232|0.000000|0.000000|0.997768|0.000000|0.000000|0.000000|0.000000|0.000000|0.000000|0.000000|0.000000|0.000000,0.000000|0.000000|0.000000|0.000000|0.000000|0.002232|0.000000|0.000000|0.997768|0.000000|0.000000|0.000000|0.000000|0.000000|0.000000|0.000000|0.000000|0.000000
RL_LCE_Quest8_PruneQuant-20251030-202125,3600,wikitext,10.0,10.0,0.0,14.703095292198007,15.107518326433688,0.20089286006987095,0.6056919848280293,0.5256696428571429,0.20000000298023224,0.605691982699292,0.5256696428571429,0.200000|1.000000,0.000000|0.000000|0.000000|0.000000|0.027344|0.000000|0.000000|0.920201|0.051339|0.000000|0.000000|0.000000|0.000000|0.001116|0.000000|0.000000|0.000000|0.000000,0.000000|0.000000|0.000000|0.000000|0.028460|0.000000|0.000000|0.920201|0.051339|0.000000|0.000000|0.000000|0.000000|0.000000|0.000000|0.000000|0.000000|0.000000,0.000000|0.000000|0.000000|0.000000|0.028460|0.000000|0.000000|0.920201|0.051339|0.000000|0.000000|0.000000|0.000000|0.000000|0.000000|0.000000|0.000000|0.000000
RL_LCE_Quest8_PruneQuant-20251030-202125,3600,wikitext,10.0,10.0,10.0,14.380543053389038,15.115951213921429,0.20446428856147186,0.607031269797257,0.5,0.20000000298023224,0.6070312671363354,0.5,0.200000|1.000000,0.000000|0.000000|0.000000|0.000000|0.033482|0.000000|0.000000|0.960938|0.000000|0.000000|0.000000|0.000000|0.000000|0.001674|0.000000|0.000000|0.003906|0.000000,0.000000|0.000000|0.000000|0.000000|0.035156|0.000000|0.000000|0.964844|0.000000|0.000000|0.000000|0.000000|0.000000|0.000000|0.000000|0.000000|0.000000|0.000000,0.000000|0.000000|0.000000|0.000000|0.035156|0.000000|0.000000|0.964844|0.000000|0.000000|0.000000|0.000000|0.000000|0.000000|0.000000|0.000000|0.000000|0.000000
RL_LCE_Quest8_PruneQuant-20251030-202125,3600,wikitext,10.0,10.0,20.0,14.380543053389038,15.115951213921429,0.20446428856147186,0.607031269797257,0.5,0.20000000298023224,0.6070312671363354,0.5,0.200000|1.000000,0.000000|0.000000|0.000000|0.000000|0.033482|0.000000|0.000000|0.960938|0.000000|0.000000|0.000000|0.000000|0.000000|0.001674|0.000000|0.000000|0.003906|0.000000,0.000000|0.000000|0.000000|0.000000|0.035156|0.000000|0.000000|0.964844|0.000000|0.000000|0.000000|0.000000|0.000000|0.000000|0.000000|0.000000|0.000000|0.000000,0.000000|0.000000|0.000000|0.000000|0.035156|0.000000|0.000000|0.964844|0.000000|0.000000|0.000000|0.000000|0.000000|0.000000|0.000000|0.000000|0.000000|0.000000
RL_LCE_Quest8_PruneQuant-20251030-202125,3600,wikitext,10.0,10.0,60.0,48.71326870042301,45.26977127302931,0.20000000298023224,0.6014509153153215,0.3470982142857143,0.20000000298023224,0.6014509153153215,0.3470982142857143,0.200000|1.000000,0.000000|0.000000|0.000000|0.000000|0.007254|0.000000|0.611607|0.381138|0.000000|0.000000|0.000000|0.000000|0.000000|0.000000|0.000000|0.000000|0.000000|0.000000,0.000000|0.000000|0.000000|0.004464|0.002790|0.000000|0.607143|0.385603|0.000000|0.000000|0.000000|0.000000|0.000000|0.000000|0.000000|0.000000|0.000000|0.000000,0.000000|0.000000|0.000000|0.004464|0.002790|0.000000|0.607143|0.385603|0.000000|0.000000|0.000000|0.000000|0.000000|0.000000|0.000000|0.000000|0.000000|0.000000
RL_LCE_Quest8_PruneQuant-20251030-202125,3600,wikitext,10.0,10.0,64.0,88.53504280153187,89.51620253950982,0.20000000298023224,0.6000000238418579,0.27371651785714285,0.20000000298023224,0.6000000238418579,0.27371651785714285,0.200000|1.000000,0.000000|0.000000|0.000000|0.000000|0.000000|0.000000|0.905134|0.094866|0.000000|0.000000|0.000000|0.000000|0.000000|0.000000|0.000000|0.000000|0.000000|0.000000,0.000000|0.000000|0.000000|0.000000|0.000000|0.000000|0.905134|0.094866|0.000000|0.000000|0.000000|0.000000|0.000000|0.000000|0.000000|0.000000|0.000000|0.000000,0.000000|0.000000|0.000000|0.000000|0.000000|0.000000|0.905134|0.094866|0.000000|0.000000|0.000000|0.000000|0.000000|0.000000|0.000000|0.000000|0.000000|0.000000
RL_LCE_Quest8_PruneQuant-20251030-202125,3600,wikitext,10.0,0.0,-20.0,13.474448669496976,13.707659978576366,0.2004464315250516,0.6854911010180201,1.0,0.20000000298023224,0.6854910786662783,1.0,0.200000|1.000000,0.000000|0.000000|0.000000|0.000000|0.000000|0.426897|0.000000|0.000000|0.572545|0.000000|0.000000|0.000000|0.000000|0.000000|0.000558|0.000000|0.000000|0.000000,0.000000|0.000000|0.000000|0.000000|0.000000|0.427455|0.000000|0.000000|0.572545|0.000000|0.000000|0.000000|0.000000|0.000000|0.000000|0.000000|0.000000|0.000000,0.000000|0.000000|0.000000|0.000000|0.000000|0.427455|0.000000|0.000000|0.572545|0.000000|0.000000|0.000000|0.000000|0.000000|0.000000|0.000000|0.000000|0.000000
RL_LCE_Quest8_PruneQuant-20251030-202125,3600,wikitext,10.0,0.0,-16.0,13.474448669496976,13.707659978576366,0.2004464315250516,0.6854911010180201,1.0,0.20000000298023224,0.6854910786662783,1.0,0.200000|1.000000,0.000000|0.000000|0.000000|0.000000|0.000000|0.426897|0.000000|0.000000|0.572545|0.000000|0.000000|0.000000|0.000000|0.000000|0.000558|0.000000|0.000000|0.000000,0.000000|0.000000|0.000000|0.000000|0.000000|0.427455|0.000000|0.000000|0.572545|0.000000|0.000000|0.000000|0.000000|0.000000|0.000000|0.000000|0.000000|0.000000,0.000000|0.000000|0.000000|0.000000|0.000000|0.427455|0.000000|0.000000|0.572545|0.000000|0.000000|0.000000|0.000000|0.000000|0.000000|0.000000|0.000000|0.000000
RL_LCE_Quest8_PruneQuant-20251030-202125,3600,wikitext,10.0,0.0,-12.0,13.474448669496976,13.707659978576366,0.2004464315250516,0.6854911010180201,1.0,0.20000000298023224,0.6854910786662783,1.0,0.200000|1.000000,0.000000|0.000000|0.000000|0.000000|0.000000|0.426897|0.000000|0.000000|0.572545|0.000000|0.000000|0.000000|0.000000|0.000000|0.000558|0.000000|0.000000|0.000000,0.000000|0.000000|0.000000|0.000000|0.000000|0.427455|0.000000|0.000000|0.572545|0.000000|0.000000|0.000000|0.000000|0.000000|0.000000|0.000000|0.000000|0.000000,0.000000|0.000000|0.000000|0.000000|0.000000|0.427455|0.000000|0.000000|0.572545|0.000000|0.000000|0.000000|0.000000|0.000000|0.000000|0.000000|0.000000|0.000000
RL_LCE_Quest8_PruneQuant-20251030-202125,3600,wikitext,10.0,0.0,-10.0,13.474448669496976,13.707659978576366,0.2004464315250516,0.6854911010180201,1.0,0.20000000298023224,0.6854910786662783,1.0,0.200000|1.000000,0.000000|0.000000|0.000000|0.000000|0.000000|0.426897|0.000000|0.000000|0.572545|0.000000|0.000000|0.000000|0.000000|0.000000|0.000558|0.000000|0.000000|0.000000,0.000000|0.000000|0.000000|0.000000|0.000000|0.427455|0.000000|0.000000|0.572545|0.000000|0.000000|0.000000|0.000000|0.000000|0.000000|0.000000|0.000000|0.000000,0.000000|0.000000|0.000000|0.000000|0.000000|0.427455|0.000000|0.000000|0.572545|0.000000|0.000000|0.000000|0.000000|0.000000|0.000000|0.000000|0.000000|0.000000
RL_LCE_Quest8_PruneQuant-20251030-202125,3600,wikitext,10.0,0.0,0.0,12.947408435675227,13.540402765594465,0.20803571745221103,0.7093750179878303,0.5251116071428571,0.20000000298023224,0.7093750014901161,0.5251116071428571,0.200000|1.000000,0.000000|0.000000|0.000000|0.000000|0.529576|0.007254|0.000000|0.410156|0.042969|0.000000|0.000000|0.000000|0.000000|0.010045|0.000000|0.000000|0.000000|0.000000,0.000000|0.000000|0.000000|0.000000|0.516183|0.030692|0.000000|0.433594|0.019531|0.000000|0.000000|0.000000|0.000000|0.000000|0.000000|0.000000|0.000000|0.000000,0.000000|0.000000|0.000000|0.000000|0.516183|0.030692|0.000000|0.433594|0.019531|0.000000|0.000000|0.000000|0.000000|0.000000|0.000000|0.000000|0.000000|0.000000
RL_LCE_Quest8_PruneQuant-20251030-202125,3600,wikitext,10.0,0.0,10.0,12.634255687971214,13.61902393325834,0.21294643197740828,0.7108259126543999,0.5,0.20000000298023224,0.7108258913670268,0.5,0.200000|1.000000,0.000000|0.000000|0.000000|0.000000|0.537946|0.000000|0.000000|0.445871|0.000000|0.000000|0.000000|0.000000|0.000000|0.016183|0.000000|0.000000|0.000000|0.000000,0.000000|0.000000|0.000000|0.000000|0.554129|0.000000|0.000000|0.445871|0.000000|0.000000|0.000000|0.000000|0.000000|0.000000|0.000000|0.000000|0.000000|0.000000,0.000000|0.000000|0.000000|0.000000|0.554129|0.000000|0.000000|0.445871|0.000000|0.000000|0.000000|0.000000|0.000000|0.000000|0.000000|0.000000|0.000000|0.000000
RL_LCE_Quest8_PruneQuant-20251030-202125,3600,wikitext,10.0,0.0,20.0,12.634255687971214,13.61902393325834,0.21294643197740828,0.7108259126543999,0.5,0.20000000298023224,0.7108258913670268,0.5,0.200000|1.000000,0.000000|0.000000|0.000000|0.000000|0.537946|0.000000|0.000000|0.445871|0.000000|0.000000|0.000000|0.000000|0.000000|0.016183|0.000000|0.000000|0.000000|0.000000,0.000000|0.000000|0.000000|0.000000|0.554129|0.000000|0.000000|0.445871|0.000000|0.000000|0.000000|0.000000|0.000000|0.000000|0.000000|0.000000|0.000000|0.000000,0.000000|0.000000|0.000000|0.000000|0.554129|0.000000|0.000000|0.445871|0.000000|0.000000|0.000000|0.000000|0.000000|0.000000|0.000000|0.000000|0.000000|0.000000
RL_LCE_Quest8_PruneQuant-20251030-202125,3600,wikitext,10.0,0.0,60.0,29.094109013514952,29.44116818334651,0.20000000298023224,0.6851562687328884,0.39773995535714285,0.20000000298023224,0.6851562596857548,0.39773995535714285,0.200000|1.000000,0.001116|0.000000|0.000000|0.000000|0.423549|0.000000|0.407924|0.167411|0.000000|0.000000|0.000000|0.000000|0.000000|0.000000|0.000000|0.000000|0.000000|0.000000,0.000000|0.000000|0.000000|0.151786|0.273996|0.000000|0.257254|0.316964|0.000000|0.000000|0.000000|0.000000|0.000000|0.000000|0.000000|0.000000|0.000000|0.000000,0.000000|0.000000|0.000000|0.151786|0.273996|0.000000|0.257254|0.316964|0.000000|0.000000|0.000000|0.000000|0.000000|0.000000|0.000000|0.000000|0.000000|0.000000
RL_LCE_Quest8_PruneQuant-20251030-202125,3600,wikitext,10.0,0.0,64.0,44.079433078721664,42.02569638966092,0.20000000298023224,0.670200914144516,0.34542410714285715,0.20000000298023224,0.6702009279813085,0.34542410714285715,0.200000|1.000000,0.002232|0.000000|0.000000|0.000000|0.346540|0.000000|0.616071|0.035156|0.000000|0.000000|0.000000|0.000000|0.000000|0.000000|0.000000|0.000000|0.000000|0.000000,0.000000|0.000000|0.000000|0.286830|0.064174|0.000000|0.331473|0.317522|0.000000|0.000000|0.000000|0.000000|0.000000|0.000000|0.000000|0.000000|0.000000|0.000000,0.000000|0.000000|0.000000|0.286830|0.064174|0.000000|0.331473|0.317522|0.000000|0.000000|0.000000|0.000000|0.000000|0.000000|0.000000|0.000000|0.000000|0.000000
RL_LCE_Quest8_PruneQuant-20251030-202125,3600,wikitext,10.0,5.0,-20.0,14.964876896529386,15.103303647056247,0.20000000298023224,0.605022341545139,1.0,0.20000000298023224,0.6050223404807704,1.0,0.200000|1.000000,0.000000|0.000000|0.000000|0.000000|0.000000|0.025112|0.000000|0.000000|0.974888|0.000000|0.000000|0.000000|0.000000|0.000000|0.000000|0.000000|0.000000|0.000000,0.000000|0.000000|0.000000|0.000000|0.000000|0.025112|0.000000|0.000000|0.974888|0.000000|0.000000|0.000000|0.000000|0.000000|0.000000|0.000000|0.000000|0.000000,0.000000|0.000000|0.000000|0.000000|0.000000|0.025112|0.000000|0.000000|0.974888|0.000000|0.000000|0.000000|0.000000|0.000000|0.000000|0.000000|0.000000|0.000000
RL_LCE_Quest8_PruneQuant-20251030-202125,3600,wikitext,10.0,5.0,-16.0,14.964876896529386,15.103303647056247,0.20000000298023224,0.605022341545139,1.0,0.20000000298023224,0.6050223404807704,1.0,0.200000|1.000000,0.000000|0.000000|0.000000|0.000000|0.000000|0.025112|0.000000|0.000000|0.974888|0.000000|0.000000|0.000000|0.000000|0.000000|0.000000|0.000000|0.000000|0.000000,0.000000|0.000000|0.000000|0.000000|0.000000|0.025112|0.000000|0.000000|0.974888|0.000000|0.000000|0.000000|0.000000|0.000000|0.000000|0.000000|0.000000|0.000000,0.000000|0.000000|0.000000|0.000000|0.000000|0.025112|0.000000|0.000000|0.974888|0.000000|0.000000|0.000000|0.000000|0.000000|0.000000|0.000000|0.000000|0.000000
RL_LCE_Quest8_PruneQuant-20251030-202125,3600,wikitext,10.0,5.0,-12.0,14.964876896529386,15.103303647056247,0.20000000298023224,0.605022341545139,1.0,0.20000000298023224,0.6050223404807704,1.0,0.200000|1.000000,0.000000|0.000000|0.000000|0.000000|0.000000|0.025112|0.000000|0.000000|0.974888|0.000000|0.000000|0.000000|0.000000|0.000000|0.000000|0.000000|0.000000|0.000000,0.000000|0.000000|0.000000|0.000000|0.000000|0.025112|0.000000|0.000000|0.974888|0.000000|0.000000|0.000000|0.000000|0.000000|0.000000|0.000000|0.000000|0.000000,0.000000|0.000000|0.000000|0.000000|0.000000|0.025112|0.000000|0.000000|0.974888|0.000000|0.000000|0.000000|0.000000|0.000000|0.000000|0.000000|0.000000|0.000000
RL_LCE_Quest8_PruneQuant-20251030-202125,3600,wikitext,10.0,5.0,-10.0,14.964876896529386,15.103303647056247,0.20000000298023224,0.605022341545139,1.0,0.20000000298023224,0.6050223404807704,1.0,0.200000|1.000000,0.000000|0.000000|0.000000|0.000000|0.000000|0.025112|0.000000|0.000000|0.974888|0.000000|0.000000|0.000000|0.000000|0.000000|0.000000|0.000000|0.000000|0.000000,0.000000|0.000000|0.000000|0.000000|0.000000|0.025112|0.000000|0.000000|0.974888|0.000000|0.000000|0.000000|0.000000|0.000000|0.000000|0.000000|0.000000|0.000000,0.000000|0.000000|0.000000|0.000000|0.000000|0.025112|0.000000|0.000000|0.974888|0.000000|0.000000|0.000000|0.000000|0.000000|0.000000|0.000000|0.000000|0.000000
RL_LCE_Quest8_PruneQuant-20251030-202125,3600,wikitext,10.0,5.0,0.0,14.015119606387843,14.539910569434333,0.20267857424914837,0.6430803867323058,0.52734375,0.20000000298023224,0.6430803995047297,0.52734375,0.200000|1.000000,0.000000|0.000000|0.000000|0.000000|0.212054|0.000000|0.000000|0.729911|0.054688|0.000000|0.000000|0.000000|0.000000|0.003348|0.000000|0.000000|0.000000|0.000000,0.000000|0.000000|0.000000|0.000000|0.201451|0.013951|0.000000|0.743862|0.040737|0.000000|0.000000|0.000000|0.000000|0.000000|0.000000|0.000000|0.000000|0.000000,0.000000|0.000000|0.000000|0.000000|0.201451|0.013951|0.000000|0.743862|0.040737|0.000000|0.000000|0.000000|0.000000|0.000000|0.000000|0.000000|0.000000|0.000000
RL_LCE_Quest8_PruneQuant-20251030-202125,3600,wikitext,10.0,5.0,10.0,13.955611653243304,14.55614720713319,0.2080357170530728,0.6462053837520736,0.5,0.20000000298023224,0.6462053965244975,0.5,0.200000|1.000000,0.000000|0.000000|0.000000|0.000000|0.222098|0.000000|0.000000|0.767857|0.000000|0.000000|0.000000|0.000000|0.000000|0.008929|0.000000|0.000000|0.001116|0.000000,0.000000|0.000000|0.000000|0.000000|0.231027|0.000000|0.000000|0.768973|0.000000|0.000000|0.000000|0.000000|0.000000|0.000000|0.000000|0.000000|0.000000|0.000000,0.000000|0.000000|0.000000|0.000000|0.231027|0.000000|0.000000|0.768973|0.000000|0.000000|0.000000|0.000000|0.000000|0.000000|0.000000|0.000000|0.000000|0.000000
RL_LCE_Quest8_PruneQuant-20251030-202125,3600,wikitext,10.0,5.0,20.0,13.955611653243304,14.55614720713319,0.2080357170530728,0.6462053837520736,0.5,0.20000000298023224,0.6462053965244975,0.5,0.200000|1.000000,0.000000|0.000000|0.000000|0.000000|0.222098|0.000000|0.000000|0.767857|0.000000|0.000000|0.000000|0.000000|0.000000|0.008929|0.000000|0.000000|0.001116|0.000000,0.000000|0.000000|0.000000|0.000000|0.231027|0.000000|0.000000|0.768973|0.000000|0.000000|0.000000|0.000000|0.000000|0.000000|0.000000|0.000000|0.000000|0.000000,0.000000|0.000000|0.000000|0.000000|0.231027|0.000000|0.000000|0.768973|0.000000|0.000000|0.000000|0.000000|0.000000|0.000000|0.000000|0.000000|0.000000|0.000000
RL_LCE_Quest8_PruneQuant-20251030-202125,3600,wikitext,10.0,5.0,60.0,41.588266839504186,39.87248088966555,0.20000000298023224,0.632924134177821,0.36063058035714285,0.20000000298023224,0.632924137370927,0.36063058035714285,0.200000|1.000000,0.000000|0.000000|0.000000|0.000000|0.164621|0.000000|0.557478|0.277902|0.000000|0.000000|0.000000|0.000000|0.000000|0.000000|0.000000|0.000000|0.000000|0.000000,0.000000|0.000000|0.000000|0.084263|0.080357|0.000000|0.473214|0.362165|0.000000|0.000000|0.000000|0.000000|0.000000|0.000000|0.000000|0.000000|0.000000|0.000000,0.000000|0.000000|0.000000|0.084263|0.080357|0.000000|0.473214|0.362165|0.000000|0.000000|0.000000|0.000000|0.000000|0.000000|0.000000|0.000000|0.000000|0.000000
RL_LCE_Quest8_PruneQuant-20251030-202125,3600,wikitext,10.0,5.0,64.0,68.2477544198147,68.07183986245384,0.20000000298023224,0.6258928807718414,0.30064174107142855,0.20000000298023224,0.6258928605488369,0.30064174107142855,0.200000|1.000000,0.000000|0.000000|0.000000|0.000000|0.129464|0.000000|0.797433|0.073103|0.000000|0.000000|0.000000|0.000000|0.000000|0.000000|0.000000|0.000000|0.000000|0.000000,0.000000|0.000000|0.000000|0.106027|0.023438|0.000000|0.691406|0.179129|0.000000|0.000000|0.000000|0.000000|0.000000|0.000000|0.000000|0.000000|0.000000|0.000000,0.000000|0.000000|0.000000|0.106027|0.023438|0.000000|0.691406|0.179129|0.000000|0.000000|0.000000|0.000000|0.000000|0.000000|0.000000|0.000000|0.000000|0.000000
RL_LCE_Quest8_PruneQuant-20251030-202125,3600,wikitext,10.0,10.0,-20.0,15.034979670366658,15.37221077041063,0.20000000298023224,0.600446451987539,1.0,0.20000000298023224,0.600446451987539,1.0,0.200000|1.000000,0.000000|0.000000|0.000000|0.000000|0.000000|0.002232|0.000000|0.000000|0.997768|0.000000|0.000000|0.000000|0.000000|0.000000|0.000000|0.000000|0.000000|0.000000,0.000000|0.000000|0.000000|0.000000|0.000000|0.002232|0.000000|0.000000|0.997768|0.000000|0.000000|0.000000|0.000000|0.000000|0.000000|0.000000|0.000000|0.000000,0.000000|0.000000|0.000000|0.000000|0.000000|0.002232|0.000000|0.000000|0.997768|0.000000|0.000000|0.000000|0.000000|0.000000|0.000000|0.000000|0.000000|0.000000
RL_LCE_Quest8_PruneQuant-20251030-202125,3600,wikitext,10.0,10.0,-16.0,15.034979670366658,15.37221077041063,0.20000000298023224,0.600446451987539,1.0,0.20000000298023224,0.600446451987539,1.0,0.200000|1.000000,0.000000|0.000000|0.000000|0.000000|0.000000|0.002232|0.000000|0.000000|0.997768|0.000000|0.000000|0.000000|0.000000|0.000000|0.000000|0.000000|0.000000|0.000000,0.000000|0.000000|0.000000|0.000000|0.000000|0.002232|0.000000|0.000000|0.997768|0.000000|0.000000|0.000000|0.000000|0.000000|0.000000|0.000000|0.000000|0.000000,0.000000|0.000000|0.000000|0.000000|0.000000|0.002232|0.000000|0.000000|0.997768|0.000000|0.000000|0.000000|0.000000|0.000000|0.000000|0.000000|0.000000|0.000000
RL_LCE_Quest8_PruneQuant-20251030-202125,3600,wikitext,10.0,10.0,-12.0,15.034979670366658,15.37221077041063,0.20000000298023224,0.600446451987539,1.0,0.20000000298023224,0.600446451987539,1.0,0.200000|1.000000,0.000000|0.000000|0.000000|0.000000|0.000000|0.002232|0.000000|0.000000|0.997768|0.000000|0.000000|0.000000|0.000000|0.000000|0.000000|0.000000|0.000000|0.000000,0.000000|0.000000|0.000000|0.000000|0.000000|0.002232|0.000000|0.000000|0.997768|0.000000|0.000000|0.000000|0.000000|0.000000|0.000000|0.000000|0.000000|0.000000,0.000000|0.000000|0.000000|0.000000|0.000000|0.002232|0.000000|0.000000|0.997768|0.000000|0.000000|0.000000|0.000000|0.000000|0.000000|0.000000|0.000000|0.000000
RL_LCE_Quest8_PruneQuant-20251030-202125,3600,wikitext,10.0,10.0,-10.0,15.034979670366658,15.37221077041063,0.20000000298023224,0.600446451987539,1.0,0.20000000298023224,0.600446451987539,1.0,0.200000|1.000000,0.000000|0.000000|0.000000|0.000000|0.000000|0.002232|0.000000|0.000000|0.997768|0.000000|0.000000|0.000000|0.000000|0.000000|0.000000|0.000000|0.000000|0.000000,0.000000|0.000000|0.000000|0.000000|0.000000|0.002232|0.000000|0.000000|0.997768|0.000000|0.000000|0.000000|0.000000|0.000000|0.000000|0.000000|0.000000|0.000000,0.000000|0.000000|0.000000|0.000000|0.000000|0.002232|0.000000|0.000000|0.997768|0.000000|0.000000|0.000000|0.000000|0.000000|0.000000|0.000000|0.000000|0.000000
RL_LCE_Quest8_PruneQuant-20251030-202125,3600,wikitext,10.0,10.0,0.0,14.703095292198007,15.107518326433688,0.20089286006987095,0.6056919848280293,0.5256696428571429,0.20000000298023224,0.605691982699292,0.5256696428571429,0.200000|1.000000,0.000000|0.000000|0.000000|0.000000|0.027344|0.000000|0.000000|0.920201|0.051339|0.000000|0.000000|0.000000|0.000000|0.001116|0.000000|0.000000|0.000000|0.000000,0.000000|0.000000|0.000000|0.000000|0.028460|0.000000|0.000000|0.920201|0.051339|0.000000|0.000000|0.000000|0.000000|0.000000|0.000000|0.000000|0.000000|0.000000,0.000000|0.000000|0.000000|0.000000|0.028460|0.000000|0.000000|0.920201|0.051339|0.000000|0.000000|0.000000|0.000000|0.000000|0.000000|0.000000|0.000000|0.000000
RL_LCE_Quest8_PruneQuant-20251030-202125,3600,wikitext,10.0,10.0,10.0,14.380543053389038,15.115951213921429,0.20446428856147186,0.607031269797257,0.5,0.20000000298023224,0.6070312671363354,0.5,0.200000|1.000000,0.000000|0.000000|0.000000|0.000000|0.033482|0.000000|0.000000|0.960938|0.000000|0.000000|0.000000|0.000000|0.000000|0.001674|0.000000|0.000000|0.003906|0.000000,0.000000|0.000000|0.000000|0.000000|0.035156|0.000000|0.000000|0.964844|0.000000|0.000000|0.000000|0.000000|0.000000|0.000000|0.000000|0.000000|0.000000|0.000000,0.000000|0.000000|0.000000|0.000000|0.035156|0.000000|0.000000|0.964844|0.000000|0.000000|0.000000|0.000000|0.000000|0.000000|0.000000|0.000000|0.000000|0.000000
RL_LCE_Quest8_PruneQuant-20251030-202125,3600,wikitext,10.0,10.0,20.0,14.380543053389038,15.115951213921429,0.20446428856147186,0.607031269797257,0.5,0.20000000298023224,0.6070312671363354,0.5,0.200000|1.000000,0.000000|0.000000|0.000000|0.000000|0.033482|0.000000|0.000000|0.960938|0.000000|0.000000|0.000000|0.000000|0.000000|0.001674|0.000000|0.000000|0.003906|0.000000,0.000000|0.000000|0.000000|0.000000|0.035156|0.000000|0.000000|0.964844|0.000000|0.000000|0.000000|0.000000|0.000000|0.000000|0.000000|0.000000|0.000000|0.000000,0.000000|0.000000|0.000000|0.000000|0.035156|0.000000|0.000000|0.964844|0.000000|0.000000|0.000000|0.000000|0.000000|0.000000|0.000000|0.000000|0.000000|0.000000
RL_LCE_Quest8_PruneQuant-20251030-202125,3600,wikitext,10.0,10.0,60.0,48.71326870042301,45.26977127302931,0.20000000298023224,0.6014509153153215,0.3470982142857143,0.20000000298023224,0.6014509153153215,0.3470982142857143,0.200000|1.000000,0.000000|0.000000|0.000000|0.000000|0.007254|0.000000|0.611607|0.381138|0.000000|0.000000|0.000000|0.000000|0.000000|0.000000|0.000000|0.000000|0.000000|0.000000,0.000000|0.000000|0.000000|0.004464|0.002790|0.000000|0.607143|0.385603|0.000000|0.000000|0.000000|0.000000|0.000000|0.000000|0.000000|0.000000|0.000000|0.000000,0.000000|0.000000|0.000000|0.004464|0.002790|0.000000|0.607143|0.385603|0.000000|0.000000|0.000000|0.000000|0.000000|0.000000|0.000000|0.000000|0.000000|0.000000
RL_LCE_Quest8_PruneQuant-20251030-202125,3600,wikitext,10.0,10.0,64.0,88.53504280153187,89.51620253950982,0.20000000298023224,0.6000000238418579,0.27371651785714285,0.20000000298023224,0.6000000238418579,0.27371651785714285,0.200000|1.000000,0.000000|0.000000|0.000000|0.000000|0.000000|0.000000|0.905134|0.094866|0.000000|0.000000|0.000000|0.000000|0.000000|0.000000|0.000000|0.000000|0.000000|0.000000,0.000000|0.000000|0.000000|0.000000|0.000000|0.000000|0.905134|0.094866|0.000000|0.000000|0.000000|0.000000|0.000000|0.000000|0.000000|0.000000|0.000000|0.000000,0.000000|0.000000|0.000000|0.000000|0.000000|0.000000|0.905134|0.094866|0.000000|0.000000|0.000000|0.000000|0.000000|0.000000|0.000000|0.000000|0.000000|0.000000
RL_LCE_Quest8_PruneQuant-20251030-202125,3600,wikitext,12.0,-50.0,-20.0,11.957701622648422,12.178245784870148,0.20000000298023224,1.0,1.0,0.20000000298023224,1.0,1.0,0.200000|1.000000,0.000000|0.000000|1.000000|0.000000|0.000000|0.000000|0.000000|0.000000|0.000000|0.000000|0.000000|0.000000|0.000000|0.000000|0.000000|0.000000|0.000000|0.000000,0.000000|0.000000|1.000000|0.000000|0.000000|0.000000|0.000000|0.000000|0.000000|0.000000|0.000000|0.000000|0.000000|0.000000|0.000000|0.000000|0.000000|0.000000,0.000000|0.000000|1.000000|0.000000|0.000000|0.000000|0.000000|0.000000|0.000000|0.000000|0.000000|0.000000|0.000000|0.000000|0.000000|0.000000|0.000000|0.000000
RL_LCE_Quest8_PruneQuant-20251030-202125,3600,wikitext,12.0,-50.0,-16.0,11.957701622648422,12.178245784870148,0.20000000298023224,1.0,1.0,0.20000000298023224,1.0,1.0,0.200000|1.000000,0.000000|0.000000|1.000000|0.000000|0.000000|0.000000|0.000000|0.000000|0.000000|0.000000|0.000000|0.000000|0.000000|0.000000|0.000000|0.000000|0.000000|0.000000,0.000000|0.000000|1.000000|0.000000|0.000000|0.000000|0.000000|0.000000|0.000000|0.000000|0.000000|0.000000|0.000000|0.000000|0.000000|0.000000|0.000000|0.000000,0.000000|0.000000|1.000000|0.000000|0.000000|0.000000|0.000000|0.000000|0.000000|0.000000|0.000000|0.000000|0.000000|0.000000|0.000000|0.000000|0.000000|0.000000
RL_LCE_Quest8_PruneQuant-20251030-202125,3600,wikitext,12.0,-50.0,-12.0,11.957701622648422,12.178245784870148,0.20000000298023224,1.0,1.0,0.20000000298023224,1.0,1.0,0.200000|1.000000,0.000000|0.000000|1.000000|0.000000|0.000000|0.000000|0.000000|0.000000|0.000000|0.000000|0.000000|0.000000|0.000000|0.000000|0.000000|0.000000|0.000000|0.000000,0.000000|0.000000|1.000000|0.000000|0.000000|0.000000|0.000000|0.000000|0.000000|0.000000|0.000000|0.000000|0.000000|0.000000|0.000000|0.000000|0.000000|0.000000,0.000000|0.000000|1.000000|0.000000|0.000000|0.000000|0.000000|0.000000|0.000000|0.000000|0.000000|0.000000|0.000000|0.000000|0.000000|0.000000|0.000000|0.000000
RL_LCE_Quest8_PruneQuant-20251030-202125,3600,wikitext,12.0,-50.0,-10.0,11.957701622648422,12.178245784870148,0.20000000298023224,1.0,1.0,0.20000000298023224,1.0,1.0,0.200000|1.000000,0.000000|0.000000|1.000000|0.000000|0.000000|0.000000|0.000000|0.000000|0.000000|0.000000|0.000000|0.000000|0.000000|0.000000|0.000000|0.000000|0.000000|0.000000,0.000000|0.000000|1.000000|0.000000|0.000000|0.000000|0.000000|0.000000|0.000000|0.000000|0.000000|0.000000|0.000000|0.000000|0.000000|0.000000|0.000000|0.000000,0.000000|0.000000|1.000000|0.000000|0.000000|0.000000|0.000000|0.000000|0.000000|0.000000|0.000000|0.000000|0.000000|0.000000|0.000000|0.000000|0.000000|0.000000
RL_LCE_Quest8_PruneQuant-20251030-202125,3600,wikitext,12.0,-50.0,0.0,12.059896421681957,12.209717399579048,0.20000000298023224,1.0,0.6774553571428571,0.20000000298023224,1.0,0.6774553571428571,0.200000|1.000000,0.000000|0.645089|0.354911|0.000000|0.000000|0.000000|0.000000|0.000000|0.000000|0.000000|0.000000|0.000000|0.000000|0.000000|0.000000|0.000000|0.000000|0.000000,0.000000|0.645089|0.354911|0.000000|0.000000|0.000000|0.000000|0.000000|0.000000|0.000000|0.000000|0.000000|0.000000|0.000000|0.000000|0.000000|0.000000|0.000000,0.000000|0.645089|0.354911|0.000000|0.000000|0.000000|0.000000|0.000000|0.000000|0.000000|0.000000|0.000000|0.000000|0.000000|0.000000|0.000000|0.000000|0.000000
RL_LCE_Quest8_PruneQuant-20251030-202125,3600,wikitext,12.0,-50.0,10.0,21.836128053116166,22.428928184908717,0.20000000298023224,1.0,0.40904017857142855,0.20000000298023224,1.0,0.40904017857142855,0.200000|1.000000,0.363839|0.636161|0.000000|0.000000|0.000000|0.000000|0.000000|0.000000|0.000000|0.000000|0.000000|0.000000|0.000000|0.000000|0.000000|0.000000|0.000000|0.000000,0.363839|0.636161|0.000000|0.000000|0.000000|0.000000|0.000000|0.000000|0.000000|0.000000|0.000000|0.000000|0.000000|0.000000|0.000000|0.000000|0.000000|0.000000,0.363839|0.636161|0.000000|0.000000|0.000000|0.000000|0.000000|0.000000|0.000000|0.000000|0.000000|0.000000|0.000000|0.000000|0.000000|0.000000|0.000000|0.000000
RL_LCE_Quest8_PruneQuant-20251030-202125,3600,wikitext,12.0,-50.0,20.0,74.69973633644908,76.22620926346134,0.20000000298023224,1.0,0.25,0.20000000298023224,1.0,0.25,0.200000|1.000000,1.000000|0.000000|0.000000|0.000000|0.000000|0.000000|0.000000|0.000000|0.000000|0.000000|0.000000|0.000000|0.000000|0.000000|0.000000|0.000000|0.000000|0.000000,1.000000|0.000000|0.000000|0.000000|0.000000|0.000000|0.000000|0.000000|0.000000|0.000000|0.000000|0.000000|0.000000|0.000000|0.000000|0.000000|0.000000|0.000000,1.000000|0.000000|0.000000|0.000000|0.000000|0.000000|0.000000|0.000000|0.000000|0.000000|0.000000|0.000000|0.000000|0.000000|0.000000|0.000000|0.000000|0.000000
RL_LCE_Quest8_PruneQuant-20251030-202125,3600,wikitext,12.0,-50.0,60.0,74.69973633644908,76.22620926346134,0.20000000298023224,1.0,0.25,0.20000000298023224,1.0,0.25,0.200000|1.000000,1.000000|0.000000|0.000000|0.000000|0.000000|0.000000|0.000000|0.000000|0.000000|0.000000|0.000000|0.000000|0.000000|0.000000|0.000000|0.000000|0.000000|0.000000,1.000000|0.000000|0.000000|0.000000|0.000000|0.000000|0.000000|0.000000|0.000000|0.000000|0.000000|0.000000|0.000000|0.000000|0.000000|0.000000|0.000000|0.000000,1.000000|0.000000|0.000000|0.000000|0.000000|0.000000|0.000000|0.000000|0.000000|0.000000|0.000000|0.000000|0.000000|0.000000|0.000000|0.000000|0.000000|0.000000
RL_LCE_Quest8_PruneQuant-20251030-202125,3600,wikitext,12.0,-50.0,64.0,74.69973633644908,76.22620926346134,0.20000000298023224,1.0,0.25,0.20000000298023224,1.0,0.25,0.200000|1.000000,1.000000|0.000000|0.000000|0.000000|0.000000|0.000000|0.000000|0.000000|0.000000|0.000000|0.000000|0.000000|0.000000|0.000000|0.000000|0.000000|0.000000|0.000000,1.000000|0.000000|0.000000|0.000000|0.000000|0.000000|0.000000|0.000000|0.000000|0.000000|0.000000|0.000000|0.000000|0.000000|0.000000|0.000000|0.000000|0.000000,1.000000|0.000000|0.000000|0.000000|0.000000|0.000000|0.000000|0.000000|0.000000|0.000000|0.000000|0.000000|0.000000|0.000000|0.000000|0.000000|0.000000|0.000000
RL_LCE_Quest8_PruneQuant-20251030-202125,3600,wikitext,12.0,-40.0,-20.0,11.957701622648422,12.178245784870148,0.20000000298023224,1.0,1.0,0.20000000298023224,1.0,1.0,0.200000|1.000000,0.000000|0.000000|1.000000|0.000000|0.000000|0.000000|0.000000|0.000000|0.000000|0.000000|0.000000|0.000000|0.000000|0.000000|0.000000|0.000000|0.000000|0.000000,0.000000|0.000000|1.000000|0.000000|0.000000|0.000000|0.000000|0.000000|0.000000|0.000000|0.000000|0.000000|0.000000|0.000000|0.000000|0.000000|0.000000|0.000000,0.000000|0.000000|1.000000|0.000000|0.000000|0.000000|0.000000|0.000000|0.000000|0.000000|0.000000|0.000000|0.000000|0.000000|0.000000|0.000000|0.000000|0.000000
RL_LCE_Quest8_PruneQuant-20251030-202125,3600,wikitext,12.0,-40.0,-16.0,11.957701622648422,12.178245784870148,0.20000000298023224,1.0,1.0,0.20000000298023224,1.0,1.0,0.200000|1.000000,0.000000|0.000000|1.000000|0.000000|0.000000|0.000000|0.000000|0.000000|0.000000|0.000000|0.000000|0.000000|0.000000|0.000000|0.000000|0.000000|0.000000|0.000000,0.000000|0.000000|1.000000|0.000000|0.000000|0.000000|0.000000|0.000000|0.000000|0.000000|0.000000|0.000000|0.000000|0.000000|0.000000|0.000000|0.000000|0.000000,0.000000|0.000000|1.000000|0.000000|0.000000|0.000000|0.000000|0.000000|0.000000|0.000000|0.000000|0.000000|0.000000|0.000000|0.000000|0.000000|0.000000|0.000000
RL_LCE_Quest8_PruneQuant-20251030-202125,3600,wikitext,12.0,-40.0,-12.0,11.957701622648422,12.178245784870148,0.20000000298023224,1.0,1.0,0.20000000298023224,1.0,1.0,0.200000|1.000000,0.000000|0.000000|1.000000|0.000000|0.000000|0.000000|0.000000|0.000000|0.000000|0.000000|0.000000|0.000000|0.000000|0.000000|0.000000|0.000000|0.000000|0.000000,0.000000|0.000000|1.000000|0.000000|0.000000|0.000000|0.000000|0.000000|0.000000|0.000000|0.000000|0.000000|0.000000|0.000000|0.000000|0.000000|0.000000|0.000000,0.000000|0.000000|1.000000|0.000000|0.000000|0.000000|0.000000|0.000000|0.000000|0.000000|0.000000|0.000000|0.000000|0.000000|0.000000|0.000000|0.000000|0.000000
RL_LCE_Quest8_PruneQuant-20251030-202125,3600,wikitext,12.0,-40.0,-10.0,11.957701622648422,12.178245784870148,0.20000000298023224,1.0,1.0,0.20000000298023224,1.0,1.0,0.200000|1.000000,0.000000|0.000000|1.000000|0.000000|0.000000|0.000000|0.000000|0.000000|0.000000|0.000000|0.000000|0.000000|0.000000|0.000000|0.000000|0.000000|0.000000|0.000000,0.000000|0.000000|1.000000|0.000000|0.000000|0.000000|0.000000|0.000000|0.000000|0.000000|0.000000|0.000000|0.000000|0.000000|0.000000|0.000000|0.000000|0.000000,0.000000|0.000000|1.000000|0.000000|0.000000|0.000000|0.000000|0.000000|0.000000|0.000000|0.000000|0.000000|0.000000|0.000000|0.000000|0.000000|0.000000|0.000000
RL_LCE_Quest8_PruneQuant-20251030-202125,3600,wikitext,12.0,-40.0,0.0,12.075048100823022,12.250666665003326,0.20000000298023224,0.9890625008514949,0.6688058035714286,0.20000000298023224,0.9890625104308128,0.6688058035714286,0.200000|1.000000,0.000000|0.607701|0.337612|0.000000|0.054688|0.000000|0.000000|0.000000|0.000000|0.000000|0.000000|0.000000|0.000000|0.000000|0.000000|0.000000|0.000000|0.000000,0.000000|0.623884|0.321429|0.000000|0.038504|0.016183|0.000000|0.000000|0.000000|0.000000|0.000000|0.000000|0.000000|0.000000|0.000000|0.000000|0.000000|0.000000,0.000000|0.623884|0.321429|0.000000|0.038504|0.016183|0.000000|0.000000|0.000000|0.000000|0.000000|0.000000|0.000000|0.000000|0.000000|0.000000|0.000000|0.000000
RL_LCE_Quest8_PruneQuant-20251030-202125,3600,wikitext,12.0,-40.0,10.0,22.734507594661874,21.568184909852523,0.20000000298023224,0.9949776796357972,0.40694754464285715,0.20000000298023224,0.9949776833610875,0.40694754464285715,0.200000|1.000000,0.372210|0.602679|0.000000|0.000000|0.025112|0.000000|0.000000|0.000000|0.000000|0.000000|0.000000|0.000000|0.000000|0.000000|0.000000|0.000000|0.000000|0.000000,0.361607|0.613281|0.000000|0.010603|0.014509|0.000000|0.000000|0.000000|0.000000|0.000000|0.000000|0.000000|0.000000|0.000000|0.000000|0.000000|0.000000|0.000000,0.361607|0.613281|0.000000|0.010603|0.014509|0.000000|0.000000|0.000000|0.000000|0.000000|0.000000|0.000000|0.000000|0.000000|0.000000|0.000000|0.000000|0.000000
RL_LCE_Quest8_PruneQuant-20251030-202125,3600,wikitext,12.0,-40.0,20.0,74.69973633644908,76.22620926346134,0.20000000298023224,1.0,0.25,0.20000000298023224,1.0,0.25,0.200000|1.000000,1.000000|0.000000|0.000000|0.000000|0.000000|0.000000|0.000000|0.000000|0.000000|0.000000|0.000000|0.000000|0.000000|0.000000|0.000000|0.000000|0.000000|0.000000,1.000000|0.000000|0.000000|0.000000|0.000000|0.000000|0.000000|0.000000|0.000000|0.000000|0.000000|0.000000|0.000000|0.000000|0.000000|0.000000|0.000000|0.000000,1.000000|0.000000|0.000000|0.000000|0.000000|0.000000|0.000000|0.000000|0.000000|0.000000|0.000000|0.000000|0.000000|0.000000|0.000000|0.000000|0.000000|0.000000
RL_LCE_Quest8_PruneQuant-20251030-202125,3600,wikitext,12.0,-40.0,60.0,74.69973633644908,76.22620926346134,0.20000000298023224,1.0,0.25,0.20000000298023224,1.0,0.25,0.200000|1.000000,1.000000|0.000000|0.000000|0.000000|0.000000|0.000000|0.000000|0.000000|0.000000|0.000000|0.000000|0.000000|0.000000|0.000000|0.000000|0.000000|0.000000|0.000000,1.000000|0.000000|0.000000|0.000000|0.000000|0.000000|0.000000|0.000000|0.000000|0.000000|0.000000|0.000000|0.000000|0.000000|0.000000|0.000000|0.000000|0.000000,1.000000|0.000000|0.000000|0.000000|0.000000|0.000000|0.000000|0.000000|0.000000|0.000000|0.000000|0.000000|0.000000|0.000000|0.000000|0.000000|0.000000|0.000000
RL_LCE_Quest8_PruneQuant-20251030-202125,3600,wikitext,12.0,-40.0,64.0,74.69973633644908,76.22620926346134,0.20000000298023224,1.0,0.25,0.20000000298023224,1.0,0.25,0.200000|1.000000,1.000000|0.000000|0.000000|0.000000|0.000000|0.000000|0.000000|0.000000|0.000000|0.000000|0.000000|0.000000|0.000000|0.000000|0.000000|0.000000|0.000000|0.000000,1.000000|0.000000|0.000000|0.000000|0.000000|0.000000|0.000000|0.000000|0.000000|0.000000|0.000000|0.000000|0.000000|0.000000|0.000000|0.000000|0.000000|0.000000,1.000000|0.000000|0.000000|0.000000|0.000000|0.000000|0.000000|0.000000|0.000000|0.000000|0.000000|0.000000|0.000000|0.000000|0.000000|0.000000|0.000000|0.000000
RL_LCE_Quest8_PruneQuant-20251030-202125,3600,wikitext,12.0,-30.0,-20.0,12.064944867748627,12.21227271382545,0.20000000298023224,0.9351562548960958,1.0,0.20000000298023224,0.9351562447845936,1.0,0.200000|1.000000,0.000000|0.000000|0.675781|0.000000|0.000000|0.324219|0.000000|0.000000|0.000000|0.000000|0.000000|0.000000|0.000000|0.000000|0.000000|0.000000|0.000000|0.000000,0.000000|0.000000|0.675781|0.000000|0.000000|0.324219|0.000000|0.000000|0.000000|0.000000|0.000000|0.000000|0.000000|0.000000|0.000000|0.000000|0.000000|0.000000,0.000000|0.000000|0.675781|0.000000|0.000000|0.324219|0.000000|0.000000|0.000000|0.000000|0.000000|0.000000|0.000000|0.000000|0.000000|0.000000|0.000000|0.000000
RL_LCE_Quest8_PruneQuant-20251030-202125,3600,wikitext,12.0,-30.0,-16.0,12.064944867748627,12.21227271382545,0.20000000298023224,0.9351562548960958,1.0,0.20000000298023224,0.9351562447845936,1.0,0.200000|1.000000,0.000000|0.000000|0.675781|0.000000|0.000000|0.324219|0.000000|0.000000|0.000000|0.000000|0.000000|0.000000|0.000000|0.000000|0.000000|0.000000|0.000000|0.000000,0.000000|0.000000|0.675781|0.000000|0.000000|0.324219|0.000000|0.000000|0.000000|0.000000|0.000000|0.000000|0.000000|0.000000|0.000000|0.000000|0.000000|0.000000,0.000000|0.000000|0.675781|0.000000|0.000000|0.324219|0.000000|0.000000|0.000000|0.000000|0.000000|0.000000|0.000000|0.000000|0.000000|0.000000|0.000000|0.000000
RL_LCE_Quest8_PruneQuant-20251030-202125,3600,wikitext,12.0,-30.0,-12.0,12.064944867748627,12.21227271382545,0.20000000298023224,0.9351562548960958,1.0,0.20000000298023224,0.9351562447845936,1.0,0.200000|1.000000,0.000000|0.000000|0.675781|0.000000|0.000000|0.324219|0.000000|0.000000|0.000000|0.000000|0.000000|0.000000|0.000000|0.000000|0.000000|0.000000|0.000000|0.000000,0.000000|0.000000|0.675781|0.000000|0.000000|0.324219|0.000000|0.000000|0.000000|0.000000|0.000000|0.000000|0.000000|0.000000|0.000000|0.000000|0.000000|0.000000,0.000000|0.000000|0.675781|0.000000|0.000000|0.324219|0.000000|0.000000|0.000000|0.000000|0.000000|0.000000|0.000000|0.000000|0.000000|0.000000|0.000000|0.000000
RL_LCE_Quest8_PruneQuant-20251030-202125,3600,wikitext,12.0,-30.0,-10.0,12.064944867748627,12.21227271382545,0.20000000298023224,0.9351562548960958,1.0,0.20000000298023224,0.9351562447845936,1.0,0.200000|1.000000,0.000000|0.000000|0.675781|0.000000|0.000000|0.324219|0.000000|0.000000|0.000000|0.000000|0.000000|0.000000|0.000000|0.000000|0.000000|0.000000|0.000000|0.000000,0.000000|0.000000|0.675781|0.000000|0.000000|0.324219|0.000000|0.000000|0.000000|0.000000|0.000000|0.000000|0.000000|0.000000|0.000000|0.000000|0.000000|0.000000,0.000000|0.000000|0.675781|0.000000|0.000000|0.324219|0.000000|0.000000|0.000000|0.000000|0.000000|0.000000|0.000000|0.000000|0.000000|0.000000|0.000000|0.000000
RL_LCE_Quest8_PruneQuant-20251030-202125,3600,wikitext,12.0,-30.0,0.0,12.216532759379573,12.5683311030729,0.20000000298023224,0.8407366164028645,0.5912388392857143,0.20000000298023224,0.8407366062913623,0.5912388392857143,0.200000|1.000000,0.000000|0.021205|0.182478|0.000000|0.796317|0.000000|0.000000|0.000000|0.000000|0.000000|0.000000|0.000000|0.000000|0.000000|0.000000|0.000000|0.000000|0.000000,0.000000|0.190290|0.013393|0.000000|0.627232|0.169085|0.000000|0.000000|0.000000|0.000000|0.000000|0.000000|0.000000|0.000000|0.000000|0.000000|0.000000|0.000000,0.000000|0.190290|0.013393|0.000000|0.627232|0.169085|0.000000|0.000000|0.000000|0.000000|0.000000|0.000000|0.000000|0.000000|0.000000|0.000000|0.000000|0.000000
RL_LCE_Quest8_PruneQuant-20251030-202125,3600,wikitext,12.0,-30.0,10.0,21.779843522825104,22.221809549124725,0.20000000298023224,0.8704241125711373,0.4175502232142857,0.20000000298023224,0.8704241061849254,0.4175502232142857,0.200000|1.000000,0.329799|0.022321|0.000000|0.000000|0.647879|0.000000|0.000000|0.000000|0.000000|0.000000|0.000000|0.000000|0.000000|0.000000|0.000000|0.000000|0.000000|0.000000,0.113281|0.238839|0.000000|0.216518|0.431362|0.000000|0.000000|0.000000|0.000000|0.000000|0.000000|0.000000|0.000000|0.000000|0.000000|0.000000|0.000000|0.000000,0.113281|0.238839|0.000000|0.216518|0.431362|0.000000|0.000000|0.000000|0.000000|0.000000|0.000000|0.000000|0.000000|0.000000|0.000000|0.000000|0.000000|0.000000
RL_LCE_Quest8_PruneQuant-20251030-202125,3600,wikitext,12.0,-30.0,20.0,47.26394619035295,51.24015169478249,0.20000000298023224,0.9540178584200996,0.30747767857142855,0.20000000298023224,0.9540178413902011,0.30747767857142855,0.200000|1.000000,0.770089|0.000000|0.000000|0.000000|0.229911|0.000000|0.000000|0.000000|0.000000|0.000000|0.000000|0.000000|0.000000|0.000000|0.000000|0.000000|0.000000|0.000000,0.551339|0.218750|0.000000|0.218750|0.011161|0.000000|0.000000|0.000000|0.000000|0.000000|0.000000|0.000000|0.000000|0.000000|0.000000|0.000000|0.000000|0.000000,0.551339|0.218750|0.000000|0.218750|0.011161|0.000000|0.000000|0.000000|0.000000|0.000000|0.000000|0.000000|0.000000|0.000000|0.000000|0.000000|0.000000|0.000000
RL_LCE_Quest8_PruneQuant-20251030-202125,3600,wikitext,12.0,-30.0,60.0,74.69973633644908,76.22620926346134,0.20000000298023224,1.0,0.25,0.20000000298023224,1.0,0.25,0.200000|1.000000,1.000000|0.000000|0.000000|0.000000|0.000000|0.000000|0.000000|0.000000|0.000000|0.000000|0.000000|0.000000|0.000000|0.000000|0.000000|0.000000|0.000000|0.000000,1.000000|0.000000|0.000000|0.000000|0.000000|0.000000|0.000000|0.000000|0.000000|0.000000|0.000000|0.000000|0.000000|0.000000|0.000000|0.000000|0.000000|0.000000,1.000000|0.000000|0.000000|0.000000|0.000000|0.000000|0.000000|0.000000|0.000000|0.000000|0.000000|0.000000|0.000000|0.000000|0.000000|0.000000|0.000000|0.000000
RL_LCE_Quest8_PruneQuant-20251030-202125,3600,wikitext,12.0,-30.0,64.0,74.69973633644908,76.22620926346134,0.20000000298023224,1.0,0.25,0.20000000298023224,1.0,0.25,0.200000|1.000000,1.000000|0.000000|0.000000|0.000000|0.000000|0.000000|0.000000|0.000000|0.000000|0.000000|0.000000|0.000000|0.000000|0.000000|0.000000|0.000000|0.000000|0.000000,1.000000|0.000000|0.000000|0.000000|0.000000|0.000000|0.000000|0.000000|0.000000|0.000000|0.000000|0.000000|0.000000|0.000000|0.000000|0.000000|0.000000|0.000000,1.000000|0.000000|0.000000|0.000000|0.000000|0.000000|0.000000|0.000000|0.000000|0.000000|0.000000|0.000000|0.000000|0.000000|0.000000|0.000000|0.000000|0.000000
RL_LCE_Quest8_PruneQuant-20251030-202125,3600,wikitext,12.0,20.0,-20.0,15.087509068742158,15.360420210833068,0.20000000298023224,0.6000000238418579,1.0,0.20000000298023224,0.6000000238418579,1.0,0.200000|1.000000,0.000000|0.000000|0.000000|0.000000|0.000000|0.000000|0.000000|0.000000|1.000000|0.000000|0.000000|0.000000|0.000000|0.000000|0.000000|0.000000|0.000000|0.000000,0.000000|0.000000|0.000000|0.000000|0.000000|0.000000|0.000000|0.000000|1.000000|0.000000|0.000000|0.000000|0.000000|0.000000|0.000000|0.000000|0.000000|0.000000,0.000000|0.000000|0.000000|0.000000|0.000000|0.000000|0.000000|0.000000|1.000000|0.000000|0.000000|0.000000|0.000000|0.000000|0.000000|0.000000|0.000000|0.000000
RL_LCE_Quest8_PruneQuant-20251030-202125,3600,wikitext,12.0,20.0,-16.0,15.087509068742158,15.360420210833068,0.20000000298023224,0.6000000238418579,1.0,0.20000000298023224,0.6000000238418579,1.0,0.200000|1.000000,0.000000|0.000000|0.000000|0.000000|0.000000|0.000000|0.000000|0.000000|1.000000|0.000000|0.000000|0.000000|0.000000|0.000000|0.000000|0.000000|0.000000|0.000000,0.000000|0.000000|0.000000|0.000000|0.000000|0.000000|0.000000|0.000000|1.000000|0.000000|0.000000|0.000000|0.000000|0.000000|0.000000|0.000000|0.000000|0.000000,0.000000|0.000000|0.000000|0.000000|0.000000|0.000000|0.000000|0.000000|1.000000|0.000000|0.000000|0.000000|0.000000|0.000000|0.000000|0.000000|0.000000|0.000000
RL_LCE_Quest8_PruneQuant-20251030-202125,3600,wikitext,12.0,20.0,-12.0,15.087509068742158,15.360420210833068,0.20000000298023224,0.6000000238418579,1.0,0.20000000298023224,0.6000000238418579,1.0,0.200000|1.000000,0.000000|0.000000|0.000000|0.000000|0.000000|0.000000|0.000000|0.000000|1.000000|0.000000|0.000000|0.000000|0.000000|0.000000|0.000000|0.000000|0.000000|0.000000,0.000000|0.000000|0.000000|0.000000|0.000000|0.000000|0.000000|0.000000|1.000000|0.000000|0.000000|0.000000|0.000000|0.000000|0.000000|0.000000|0.000000|0.000000,0.000000|0.000000|0.000000|0.000000|0.000000|0.000000|0.000000|0.000000|1.000000|0.000000|0.000000|0.000000|0.000000|0.000000|0.000000|0.000000|0.000000|0.000000
RL_LCE_Quest8_PruneQuant-20251030-202125,3600,wikitext,12.0,20.0,-10.0,15.087509068742158,15.360420210833068,0.20000000298023224,0.6000000238418579,1.0,0.20000000298023224,0.6000000238418579,1.0,0.200000|1.000000,0.000000|0.000000|0.000000|0.000000|0.000000|0.000000|0.000000|0.000000|1.000000|0.000000|0.000000|0.000000|0.000000|0.000000|0.000000|0.000000|0.000000|0.000000,0.000000|0.000000|0.000000|0.000000|0.000000|0.000000|0.000000|0.000000|1.000000|0.000000|0.000000|0.000000|0.000000|0.000000|0.000000|0.000000|0.000000|0.000000,0.000000|0.000000|0.000000|0.000000|0.000000|0.000000|0.000000|0.000000|1.000000|0.000000|0.000000|0.000000|0.000000|0.000000|0.000000|0.000000|0.000000|0.000000
RL_LCE_Quest8_PruneQuant-20251030-202125,3600,wikitext,12.0,20.0,0.0,14.835995578572948,15.1793480925857,0.20000000298023224,0.6001116308782782,0.5251116071428571,0.20000000298023224,0.6001116308782782,0.5251116071428571,0.200000|1.000000,0.000000|0.000000|0.000000|0.000000|0.000558|0.000000|0.000000|0.949219|0.050223|0.000000|0.000000|0.000000|0.000000|0.000000|0.000000|0.000000|0.000000|0.000000,0.000000|0.000000|0.000000|0.000000|0.000558|0.000000|0.000000|0.949219|0.050223|0.000000|0.000000|0.000000|0.000000|0.000000|0.000000|0.000000|0.000000|0.000000,0.000000|0.000000|0.000000|0.000000|0.000558|0.000000|0.000000|0.949219|0.050223|0.000000|0.000000|0.000000|0.000000|0.000000|0.000000|0.000000|0.000000|0.000000
RL_LCE_Quest8_PruneQuant-20251030-202125,3600,wikitext,12.0,20.0,10.0,14.884714612047869,15.190999662372045,0.20000000298023224,0.6000000238418579,0.5,0.20000000298023224,0.6000000238418579,0.5,0.200000|1.000000,0.000000|0.000000|0.000000|0.000000|0.000000|0.000000|0.000000|1.000000|0.000000|0.000000|0.000000|0.000000|0.000000|0.000000|0.000000|0.000000|0.000000|0.000000,0.000000|0.000000|0.000000|0.000000|0.000000|0.000000|0.000000|1.000000|0.000000|0.000000|0.000000|0.000000|0.000000|0.000000|0.000000|0.000000|0.000000|0.000000,0.000000|0.000000|0.000000|0.000000|0.000000|0.000000|0.000000|1.000000|0.000000|0.000000|0.000000|0.000000|0.000000|0.000000|0.000000|0.000000|0.000000|0.000000
RL_LCE_Quest8_PruneQuant-20251030-202125,3600,wikitext,12.0,20.0,20.0,14.869148627537665,15.175113374216577,0.20000000298023224,0.6000000238418579,0.49986049107142855,0.20000000298023224,0.6000000238418579,0.49986049107142855,0.200000|1.000000,0.000000|0.000000|0.000000|0.000000|0.000000|0.000000|0.000558|0.999442|0.000000|0.000000|0.000000|0.000000|0.000000|0.000000|0.000000|0.000000|0.000000|0.000000,0.000000|0.000000|0.000000|0.000000|0.000000|0.000000|0.000558|0.999442|0.000000|0.000000|0.000000|0.000000|0.000000|0.000000|0.000000|0.000000|0.000000|0.000000,0.000000|0.000000|0.000000|0.000000|0.000000|0.000000|0.000558|0.999442|0.000000|0.000000|0.000000|0.000000|0.000000|0.000000|0.000000|0.000000|0.000000|0.000000
RL_LCE_Quest8_PruneQuant-20251030-202125,3600,wikitext,12.0,20.0,60.0,51.06887558144867,45.605735273029296,0.20000000298023224,0.6000000238418579,0.3441685267857143,0.20000000298023224,0.6000000238418579,0.3441685267857143,0.200000|1.000000,0.000000|0.000000|0.000000|0.000000|0.000000|0.000000|0.623326|0.376674|0.000000|0.000000|0.000000|0.000000|0.000000|0.000000|0.000000|0.000000|0.000000|0.000000,0.000000|0.000000|0.000000|0.000000|0.000000|0.000000|0.623326|0.376674|0.000000|0.000000|0.000000|0.000000|0.000000|0.000000|0.000000|0.000000|0.000000|0.000000,0.000000|0.000000|0.000000|0.000000|0.000000|0.000000|0.623326|0.376674|0.000000|0.000000|0.000000|0.000000|0.000000|0.000000|0.000000|0.000000|0.000000|0.000000
RL_LCE_Quest8_PruneQuant-20251030-202125,3600,wikitext,12.0,20.0,64.0,88.53504280153187,89.51620253950982,0.20000000298023224,0.6000000238418579,0.27371651785714285,0.20000000298023224,0.6000000238418579,0.27371651785714285,0.200000|1.000000,0.000000|0.000000|0.000000|0.000000|0.000000|0.000000|0.905134|0.094866|0.000000|0.000000|0.000000|0.000000|0.000000|0.000000|0.000000|0.000000|0.000000|0.000000,0.000000|0.000000|0.000000|0.000000|0.000000|0.000000|0.905134|0.094866|0.000000|0.000000|0.000000|0.000000|0.000000|0.000000|0.000000|0.000000|0.000000|0.000000,0.000000|0.000000|0.000000|0.000000|0.000000|0.000000|0.905134|0.094866|0.000000|0.000000|0.000000|0.000000|0.000000|0.000000|0.000000|0.000000|0.000000|0.000000
RL_LCE_Quest8_PruneQuant-20251030-202125,3600,wikitext,12.0,10.0,-20.0,15.034979670366658,15.37221077041063,0.20000000298023224,0.600446451987539,1.0,0.20000000298023224,0.600446451987539,1.0,0.200000|1.000000,0.000000|0.000000|0.000000|0.000000|0.000000|0.002232|0.000000|0.000000|0.997768|0.000000|0.000000|0.000000|0.000000|0.000000|0.000000|0.000000|0.000000|0.000000,0.000000|0.000000|0.000000|0.000000|0.000000|0.002232|0.000000|0.000000|0.997768|0.000000|0.000000|0.000000|0.000000|0.000000|0.000000|0.000000|0.000000|0.000000,0.000000|0.000000|0.000000|0.000000|0.000000|0.002232|0.000000|0.000000|0.997768|0.000000|0.000000|0.000000|0.000000|0.000000|0.000000|0.000000|0.000000|0.000000
RL_LCE_Quest8_PruneQuant-20251030-202125,3600,wikitext,12.0,10.0,-16.0,15.034979670366658,15.37221077041063,0.20000000298023224,0.600446451987539,1.0,0.20000000298023224,0.600446451987539,1.0,0.200000|1.000000,0.000000|0.000000|0.000000|0.000000|0.000000|0.002232|0.000000|0.000000|0.997768|0.000000|0.000000|0.000000|0.000000|0.000000|0.000000|0.000000|0.000000|0.000000,0.000000|0.000000|0.000000|0.000000|0.000000|0.002232|0.000000|0.000000|0.997768|0.000000|0.000000|0.000000|0.000000|0.000000|0.000000|0.000000|0.000000|0.000000,0.000000|0.000000|0.000000|0.000000|0.000000|0.002232|0.000000|0.000000|0.997768|0.000000|0.000000|0.000000|0.000000|0.000000|0.000000|0.000000|0.000000|0.000000
RL_LCE_Quest8_PruneQuant-20251030-202125,3600,wikitext,12.0,10.0,-12.0,15.034979670366658,15.37221077041063,0.20000000298023224,0.600446451987539,1.0,0.20000000298023224,0.600446451987539,1.0,0.200000|1.000000,0.000000|0.000000|0.000000|0.000000|0.000000|0.002232|0.000000|0.000000|0.997768|0.000000|0.000000|0.000000|0.000000|0.000000|0.000000|0.000000|0.000000|0.000000,0.000000|0.000000|0.000000|0.000000|0.000000|0.002232|0.000000|0.000000|0.997768|0.000000|0.000000|0.000000|0.000000|0.000000|0.000000|0.000000|0.000000|0.000000,0.000000|0.000000|0.000000|0.000000|0.000000|0.002232|0.000000|0.000000|0.997768|0.000000|0.000000|0.000000|0.000000|0.000000|0.000000|0.000000|0.000000|0.000000
RL_LCE_Quest8_PruneQuant-20251030-202125,3600,wikitext,12.0,10.0,-10.0,15.034979670366658,15.37221077041063,0.20000000298023224,0.600446451987539,1.0,0.20000000298023224,0.600446451987539,1.0,0.200000|1.000000,0.000000|0.000000|0.000000|0.000000|0.000000|0.002232|0.000000|0.000000|0.997768|0.000000|0.000000|0.000000|0.000000|0.000000|0.000000|0.000000|0.000000|0.000000,0.000000|0.000000|0.000000|0.000000|0.000000|0.002232|0.000000|0.000000|0.997768|0.000000|0.000000|0.000000|0.000000|0.000000|0.000000|0.000000|0.000000|0.000000,0.000000|0.000000|0.000000|0.000000|0.000000|0.002232|0.000000|0.000000|0.997768|0.000000|0.000000|0.000000|0.000000|0.000000|0.000000|0.000000|0.000000|0.000000
RL_LCE_Quest8_PruneQuant-20251030-202125,3600,wikitext,12.0,10.0,0.0,14.79156254132326,15.181465894897237,0.20000000298023224,0.6054687707551888,0.5262276785714286,0.20000000298023224,0.6054687686264515,0.5262276785714286,0.200000|1.000000,0.000000|0.000000|0.000000|0.000000|0.027344|0.000000|0.000000|0.920201|0.052455|0.000000|0.000000|0.000000|0.000000|0.000000|0.000000|0.000000|0.000000|0.000000,0.000000|0.000000|0.000000|0.000000|0.027344|0.000000|0.000000|0.920201|0.052455|0.000000|0.000000|0.000000|0.000000|0.000000|0.000000|0.000000|0.000000|0.000000,0.000000|0.000000|0.000000|0.000000|0.027344|0.000000|0.000000|0.920201|0.052455|0.000000|0.000000|0.000000|0.000000|0.000000|0.000000|0.000000|0.000000|0.000000
RL_LCE_Quest8_PruneQuant-20251030-202125,3600,wikitext,12.0,10.0,10.0,14.592745965600903,15.131775567308885,0.2004464315250516,0.6061384140380791,0.5,0.20000000298023224,0.6061384108449731,0.5,0.200000|1.000000,0.000000|0.000000|0.000000|0.000000|0.030134|0.000000|0.000000|0.969308|0.000000|0.000000|0.000000|0.000000|0.000000|0.000558|0.000000|0.000000|0.000000|0.000000,0.000000|0.000000|0.000000|0.000000|0.030692|0.000000|0.000000|0.969308|0.000000|0.000000|0.000000|0.000000|0.000000|0.000000|0.000000|0.000000|0.000000|0.000000,0.000000|0.000000|0.000000|0.000000|0.030692|0.000000|0.000000|0.969308|0.000000|0.000000|0.000000|0.000000|0.000000|0.000000|0.000000|0.000000|0.000000|0.000000
RL_LCE_Quest8_PruneQuant-20251030-202125,3600,wikitext,12.0,10.0,20.0,14.62739595023626,15.09803695127427,0.20000000298023224,0.6060268070016589,0.49986049107142855,0.20000000298023224,0.6060268038085529,0.49986049107142855,0.200000|1.000000,0.000000|0.000000|0.000000|0.000000|0.030134|0.000000|0.000558|0.969308|0.000000|0.000000|0.000000|0.000000|0.000000|0.000000|0.000000|0.000000|0.000000|0.000000,0.000000|0.000000|0.000000|0.000000|0.030134|0.000000|0.000558|0.969308|0.000000|0.000000|0.000000|0.000000|0.000000|0.000000|0.000000|0.000000|0.000000|0.000000,0.000000|0.000000|0.000000|0.000000|0.030134|0.000000|0.000558|0.969308|0.000000|0.000000|0.000000|0.000000|0.000000|0.000000|0.000000|0.000000|0.000000|0.000000
RL_LCE_Quest8_PruneQuant-20251030-202125,3600,wikitext,12.0,10.0,60.0,48.71326870042301,45.26977127302931,0.20000000298023224,0.6014509153153215,0.3470982142857143,0.20000000298023224,0.6014509153153215,0.3470982142857143,0.200000|1.000000,0.000000|0.000000|0.000000|0.000000|0.007254|0.000000|0.611607|0.381138|0.000000|0.000000|0.000000|0.000000|0.000000|0.000000|0.000000|0.000000|0.000000|0.000000,0.000000|0.000000|0.000000|0.004464|0.002790|0.000000|0.607143|0.385603|0.000000|0.000000|0.000000|0.000000|0.000000|0.000000|0.000000|0.000000|0.000000|0.000000,0.000000|0.000000|0.000000|0.004464|0.002790|0.000000|0.607143|0.385603|0.000000|0.000000|0.000000|0.000000|0.000000|0.000000|0.000000|0.000000|0.000000|0.000000
RL_LCE_Quest8_PruneQuant-20251030-202125,3600,wikitext,12.0,10.0,64.0,88.53504280153187,89.51620253950982,0.20000000298023224,0.6000000238418579,0.27371651785714285,0.20000000298023224,0.6000000238418579,0.27371651785714285,0.200000|1.000000,0.000000|0.000000|0.000000|0.000000|0.000000|0.000000|0.905134|0.094866|0.000000|0.000000|0.000000|0.000000|0.000000|0.000000|0.000000|0.000000|0.000000|0.000000,0.000000|0.000000|0.000000|0.000000|0.000000|0.000000|0.905134|0.094866|0.000000|0.000000|0.000000|0.000000|0.000000|0.000000|0.000000|0.000000|0.000000|0.000000,0.000000|0.000000|0.000000|0.000000|0.000000|0.000000|0.905134|0.094866|0.000000|0.000000|0.000000|0.000000|0.000000|0.000000|0.000000|0.000000|0.000000|0.000000
RL_LCE_Quest8_PruneQuant-20251030-202125,3600,wikitext,12.0,0.0,-20.0,13.473508799328942,13.707659978576366,0.20000000298023224,0.6854911010180201,1.0,0.20000000298023224,0.6854910786662783,1.0,0.200000|1.000000,0.000000|0.000000|0.000000|0.000000|0.000000|0.427455|0.000000|0.000000|0.572545|0.000000|0.000000|0.000000|0.000000|0.000000|0.000000|0.000000|0.000000|0.000000,0.000000|0.000000|0.000000|0.000000|0.000000|0.427455|0.000000|0.000000|0.572545|0.000000|0.000000|0.000000|0.000000|0.000000|0.000000|0.000000|0.000000|0.000000,0.000000|0.000000|0.000000|0.000000|0.000000|0.427455|0.000000|0.000000|0.572545|0.000000|0.000000|0.000000|0.000000|0.000000|0.000000|0.000000|0.000000|0.000000
RL_LCE_Quest8_PruneQuant-20251030-202125,3600,wikitext,12.0,0.0,-16.0,13.473508799328942,13.707659978576366,0.20000000298023224,0.6854911010180201,1.0,0.20000000298023224,0.6854910786662783,1.0,0.200000|1.000000,0.000000|0.000000|0.000000|0.000000|0.000000|0.427455|0.000000|0.000000|0.572545|0.000000|0.000000|0.000000|0.000000|0.000000|0.000000|0.000000|0.000000|0.000000,0.000000|0.000000|0.000000|0.000000|0.000000|0.427455|0.000000|0.000000|0.572545|0.000000|0.000000|0.000000|0.000000|0.000000|0.000000|0.000000|0.000000|0.000000,0.000000|0.000000|0.000000|0.000000|0.000000|0.427455|0.000000|0.000000|0.572545|0.000000|0.000000|0.000000|0.000000|0.000000|0.000000|0.000000|0.000000|0.000000
RL_LCE_Quest8_PruneQuant-20251030-202125,3600,wikitext,12.0,0.0,-12.0,13.473508799328942,13.707659978576366,0.20000000298023224,0.6854911010180201,1.0,0.20000000298023224,0.6854910786662783,1.0,0.200000|1.000000,0.000000|0.000000|0.000000|0.000000|0.000000|0.427455|0.000000|0.000000|0.572545|0.000000|0.000000|0.000000|0.000000|0.000000|0.000000|0.000000|0.000000|0.000000,0.000000|0.000000|0.000000|0.000000|0.000000|0.427455|0.000000|0.000000|0.572545|0.000000|0.000000|0.000000|0.000000|0.000000|0.000000|0.000000|0.000000|0.000000,0.000000|0.000000|0.000000|0.000000|0.000000|0.427455|0.000000|0.000000|0.572545|0.000000|0.000000|0.000000|0.000000|0.000000|0.000000|0.000000|0.000000|0.000000
RL_LCE_Quest8_PruneQuant-20251030-202125,3600,wikitext,12.0,0.0,-10.0,13.473508799328942,13.707659978576366,0.20000000298023224,0.6854911010180201,1.0,0.20000000298023224,0.6854910786662783,1.0,0.200000|1.000000,0.000000|0.000000|0.000000|0.000000|0.000000|0.427455|0.000000|0.000000|0.572545|0.000000|0.000000|0.000000|0.000000|0.000000|0.000000|0.000000|0.000000|0.000000,0.000000|0.000000|0.000000|0.000000|0.000000|0.427455|0.000000|0.000000|0.572545|0.000000|0.000000|0.000000|0.000000|0.000000|0.000000|0.000000|0.000000|0.000000,0.000000|0.000000|0.000000|0.000000|0.000000|0.427455|0.000000|0.000000|0.572545|0.000000|0.000000|0.000000|0.000000|0.000000|0.000000|0.000000|0.000000|0.000000
RL_LCE_Quest8_PruneQuant-20251030-202125,3600,wikitext,12.0,0.0,0.0,13.36492754827138,13.634232221944877,0.20089286006987095,0.7085937724581787,0.5298549107142857,0.20000000298023224,0.7085937596857548,0.5298549107142857,0.200000|1.000000,0.000000|0.000000|0.000000|0.000000|0.529576|0.012277|0.000000|0.409598|0.047433|0.000000|0.000000|0.000000|0.000000|0.001116|0.000000|0.000000|0.000000|0.000000,0.000000|0.000000|0.000000|0.000000|0.506138|0.036830|0.000000|0.434152|0.022879|0.000000|0.000000|0.000000|0.000000|0.000000|0.000000|0.000000|0.000000|0.000000,0.000000|0.000000|0.000000|0.000000|0.506138|0.036830|0.000000|0.434152|0.022879|0.000000|0.000000|0.000000|0.000000|0.000000|0.000000|0.000000|0.000000|0.000000
RL_LCE_Quest8_PruneQuant-20251030-202125,3600,wikitext,12.0,0.0,10.0,13.105512249494055,13.543236572713552,0.20267857438219444,0.710491091545139,0.5,0.20000000298023224,0.7104910718543189,0.5,0.200000|1.000000,0.000000|0.000000|0.000000|0.000000|0.549107|0.000000|0.000000|0.447545|0.000000|0.000000|0.000000|0.000000|0.000000|0.003348|0.000000|0.000000|0.000000|0.000000,0.000000|0.000000|0.000000|0.000000|0.552455|0.000000|0.000000|0.447545|0.000000|0.000000|0.000000|0.000000|0.000000|0.000000|0.000000|0.000000|0.000000|0.000000,0.000000|0.000000|0.000000|0.000000|0.552455|0.000000|0.000000|0.447545|0.000000|0.000000|0.000000|0.000000|0.000000|0.000000|0.000000|0.000000|0.000000|0.000000
RL_LCE_Quest8_PruneQuant-20251030-202125,3600,wikitext,12.0,0.0,20.0,13.105512249494055,13.543236572713552,0.20267857438219444,0.710491091545139,0.5,0.20000000298023224,0.7104910718543189,0.5,0.200000|1.000000,0.000000|0.000000|0.000000|0.000000|0.549107|0.000000|0.000000|0.447545|0.000000|0.000000|0.000000|0.000000|0.000000|0.003348|0.000000|0.000000|0.000000|0.000000,0.000000|0.000000|0.000000|0.000000|0.552455|0.000000|0.000000|0.447545|0.000000|0.000000|0.000000|0.000000|0.000000|0.000000|0.000000|0.000000|0.000000|0.000000,0.000000|0.000000|0.000000|0.000000|0.552455|0.000000|0.000000|0.447545|0.000000|0.000000|0.000000|0.000000|0.000000|0.000000|0.000000|0.000000|0.000000|0.000000
RL_LCE_Quest8_PruneQuant-20251030-202125,3600,wikitext,12.0,0.0,60.0,29.094109013514952,29.44116818334651,0.20000000298023224,0.6851562687328884,0.39773995535714285,0.20000000298023224,0.6851562596857548,0.39773995535714285,0.200000|1.000000,0.001116|0.000000|0.000000|0.000000|0.423549|0.000000|0.407924|0.167411|0.000000|0.000000|0.000000|0.000000|0.000000|0.000000|0.000000|0.000000|0.000000|0.000000,0.000000|0.000000|0.000000|0.151786|0.273996|0.000000|0.257254|0.316964|0.000000|0.000000|0.000000|0.000000|0.000000|0.000000|0.000000|0.000000|0.000000|0.000000,0.000000|0.000000|0.000000|0.151786|0.273996|0.000000|0.257254|0.316964|0.000000|0.000000|0.000000|0.000000|0.000000|0.000000|0.000000|0.000000|0.000000|0.000000
RL_LCE_Quest8_PruneQuant-20251030-202125,3600,wikitext,12.0,0.0,64.0,44.079433078721664,42.02569638966092,0.20000000298023224,0.670200914144516,0.34542410714285715,0.20000000298023224,0.6702009279813085,0.34542410714285715,0.200000|1.000000,0.002232|0.000000|0.000000|0.000000|0.346540|0.000000|0.616071|0.035156|0.000000|0.000000|0.000000|0.000000|0.000000|0.000000|0.000000|0.000000|0.000000|0.000000,0.000000|0.000000|0.000000|0.286830|0.064174|0.000000|0.331473|0.317522|0.000000|0.000000|0.000000|0.000000|0.000000|0.000000|0.000000|0.000000|0.000000|0.000000,0.000000|0.000000|0.000000|0.286830|0.064174|0.000000|0.331473|0.317522|0.000000|0.000000|0.000000|0.000000|0.000000|0.000000|0.000000|0.000000|0.000000|0.000000
RL_LCE_Quest8_PruneQuant-20251030-202125,3600,wikitext,12.0,5.0,-20.0,14.964876896529386,15.103303647056247,0.20000000298023224,0.605022341545139,1.0,0.20000000298023224,0.6050223404807704,1.0,0.200000|1.000000,0.000000|0.000000|0.000000|0.000000|0.000000|0.025112|0.000000|0.000000|0.974888|0.000000|0.000000|0.000000|0.000000|0.000000|0.000000|0.000000|0.000000|0.000000,0.000000|0.000000|0.000000|0.000000|0.000000|0.025112|0.000000|0.000000|0.974888|0.000000|0.000000|0.000000|0.000000|0.000000|0.000000|0.000000|0.000000|0.000000,0.000000|0.000000|0.000000|0.000000|0.000000|0.025112|0.000000|0.000000|0.974888|0.000000|0.000000|0.000000|0.000000|0.000000|0.000000|0.000000|0.000000|0.000000
RL_LCE_Quest8_PruneQuant-20251030-202125,3600,wikitext,12.0,5.0,-16.0,14.964876896529386,15.103303647056247,0.20000000298023224,0.605022341545139,1.0,0.20000000298023224,0.6050223404807704,1.0,0.200000|1.000000,0.000000|0.000000|0.000000|0.000000|0.000000|0.025112|0.000000|0.000000|0.974888|0.000000|0.000000|0.000000|0.000000|0.000000|0.000000|0.000000|0.000000|0.000000,0.000000|0.000000|0.000000|0.000000|0.000000|0.025112|0.000000|0.000000|0.974888|0.000000|0.000000|0.000000|0.000000|0.000000|0.000000|0.000000|0.000000|0.000000,0.000000|0.000000|0.000000|0.000000|0.000000|0.025112|0.000000|0.000000|0.974888|0.000000|0.000000|0.000000|0.000000|0.000000|0.000000|0.000000|0.000000|0.000000
RL_LCE_Quest8_PruneQuant-20251030-202125,3600,wikitext,12.0,5.0,-12.0,14.964876896529386,15.103303647056247,0.20000000298023224,0.605022341545139,1.0,0.20000000298023224,0.6050223404807704,1.0,0.200000|1.000000,0.000000|0.000000|0.000000|0.000000|0.000000|0.025112|0.000000|0.000000|0.974888|0.000000|0.000000|0.000000|0.000000|0.000000|0.000000|0.000000|0.000000|0.000000,0.000000|0.000000|0.000000|0.000000|0.000000|0.025112|0.000000|0.000000|0.974888|0.000000|0.000000|0.000000|0.000000|0.000000|0.000000|0.000000|0.000000|0.000000,0.000000|0.000000|0.000000|0.000000|0.000000|0.025112|0.000000|0.000000|0.974888|0.000000|0.000000|0.000000|0.000000|0.000000|0.000000|0.000000|0.000000|0.000000
RL_LCE_Quest8_PruneQuant-20251030-202125,3600,wikitext,12.0,5.0,-10.0,14.964876896529386,15.103303647056247,0.20000000298023224,0.605022341545139,1.0,0.20000000298023224,0.6050223404807704,1.0,0.200000|1.000000,0.000000|0.000000|0.000000|0.000000|0.000000|0.025112|0.000000|0.000000|0.974888|0.000000|0.000000|0.000000|0.000000|0.000000|0.000000|0.000000|0.000000|0.000000,0.000000|0.000000|0.000000|0.000000|0.000000|0.025112|0.000000|0.000000|0.974888|0.000000|0.000000|0.000000|0.000000|0.000000|0.000000|0.000000|0.000000|0.000000,0.000000|0.000000|0.000000|0.000000|0.000000|0.025112|0.000000|0.000000|0.974888|0.000000|0.000000|0.000000|0.000000|0.000000|0.000000|0.000000|0.000000|0.000000
RL_LCE_Quest8_PruneQuant-20251030-202125,3600,wikitext,12.0,5.0,0.0,13.899264672801165,14.401623738187567,0.2004464315250516,0.6435268132814339,0.5287388392857143,0.20000000298023224,0.6435268276504108,0.5287388392857143,0.200000|1.000000,0.000000|0.000000|0.000000|0.000000|0.214844|0.002232|0.000000|0.727121|0.055246|0.000000|0.000000|0.000000|0.000000|0.000558|0.000000|0.000000|0.000000|0.000000,0.000000|0.000000|0.000000|0.000000|0.204241|0.013393|0.000000|0.738281|0.044085|0.000000|0.000000|0.000000|0.000000|0.000000|0.000000|0.000000|0.000000|0.000000,0.000000|0.000000|0.000000|0.000000|0.204241|0.013393|0.000000|0.738281|0.044085|0.000000|0.000000|0.000000|0.000000|0.000000|0.000000|0.000000|0.000000|0.000000
RL_LCE_Quest8_PruneQuant-20251030-202125,3600,wikitext,12.0,5.0,10.0,14.110270010428636,14.641687493750855,0.2013392886146903,0.6457589577351298,0.5,0.20000000298023224,0.6457589683788163,0.5,0.200000|1.000000,0.000000|0.000000|0.000000|0.000000|0.227121|0.000000|0.000000|0.771205|0.000000|0.000000|0.000000|0.000000|0.000000|0.001674|0.000000|0.000000|0.000000|0.000000,0.000000|0.000000|0.000000|0.000000|0.228795|0.000000|0.000000|0.771205|0.000000|0.000000|0.000000|0.000000|0.000000|0.000000|0.000000|0.000000|0.000000|0.000000,0.000000|0.000000|0.000000|0.000000|0.228795|0.000000|0.000000|0.771205|0.000000|0.000000|0.000000|0.000000|0.000000|0.000000|0.000000|0.000000|0.000000|0.000000
RL_LCE_Quest8_PruneQuant-20251030-202125,3600,wikitext,12.0,5.0,20.0,14.110270010428636,14.641687493750855,0.2013392886146903,0.6457589577351298,0.5,0.20000000298023224,0.6457589683788163,0.5,0.200000|1.000000,0.000000|0.000000|0.000000|0.000000|0.227121|0.000000|0.000000|0.771205|0.000000|0.000000|0.000000|0.000000|0.000000|0.001674|0.000000|0.000000|0.000000|0.000000,0.000000|0.000000|0.000000|0.000000|0.228795|0.000000|0.000000|0.771205|0.000000|0.000000|0.000000|0.000000|0.000000|0.000000|0.000000|0.000000|0.000000|0.000000,0.000000|0.000000|0.000000|0.000000|0.228795|0.000000|0.000000|0.771205|0.000000|0.000000|0.000000|0.000000|0.000000|0.000000|0.000000|0.000000|0.000000|0.000000
RL_LCE_Quest8_PruneQuant-20251030-202125,3600,wikitext,12.0,5.0,60.0,41.588266839504186,39.87248088966555,0.20000000298023224,0.632924134177821,0.36063058035714285,0.20000000298023224,0.632924137370927,0.36063058035714285,0.200000|1.000000,0.000000|0.000000|0.000000|0.000000|0.164621|0.000000|0.557478|0.277902|0.000000|0.000000|0.000000|0.000000|0.000000|0.000000|0.000000|0.000000|0.000000|0.000000,0.000000|0.000000|0.000000|0.084263|0.080357|0.000000|0.473214|0.362165|0.000000|0.000000|0.000000|0.000000|0.000000|0.000000|0.000000|0.000000|0.000000|0.000000,0.000000|0.000000|0.000000|0.084263|0.080357|0.000000|0.473214|0.362165|0.000000|0.000000|0.000000|0.000000|0.000000|0.000000|0.000000|0.000000|0.000000|0.000000
RL_LCE_Quest8_PruneQuant-20251030-202125,3600,wikitext,12.0,5.0,64.0,68.2477544198147,68.07183986245384,0.20000000298023224,0.6258928807718414,0.30064174107142855,0.20000000298023224,0.6258928605488369,0.30064174107142855,0.200000|1.000000,0.000000|0.000000|0.000000|0.000000|0.129464|0.000000|0.797433|0.073103|0.000000|0.000000|0.000000|0.000000|0.000000|0.000000|0.000000|0.000000|0.000000|0.000000,0.000000|0.000000|0.000000|0.106027|0.023438|0.000000|0.691406|0.179129|0.000000|0.000000|0.000000|0.000000|0.000000|0.000000|0.000000|0.000000|0.000000|0.000000,0.000000|0.000000|0.000000|0.106027|0.023438|0.000000|0.691406|0.179129|0.000000|0.000000|0.000000|0.000000|0.000000|0.000000|0.000000|0.000000|0.000000|0.000000
RL_LCE_Quest8_PruneQuant-20251030-202125,3600,wikitext,12.0,10.0,-20.0,15.034979670366658,15.37221077041063,0.20000000298023224,0.600446451987539,1.0,0.20000000298023224,0.600446451987539,1.0,0.200000|1.000000,0.000000|0.000000|0.000000|0.000000|0.000000|0.002232|0.000000|0.000000|0.997768|0.000000|0.000000|0.000000|0.000000|0.000000|0.000000|0.000000|0.000000|0.000000,0.000000|0.000000|0.000000|0.000000|0.000000|0.002232|0.000000|0.000000|0.997768|0.000000|0.000000|0.000000|0.000000|0.000000|0.000000|0.000000|0.000000|0.000000,0.000000|0.000000|0.000000|0.000000|0.000000|0.002232|0.000000|0.000000|0.997768|0.000000|0.000000|0.000000|0.000000|0.000000|0.000000|0.000000|0.000000|0.000000
RL_LCE_Quest8_PruneQuant-20251030-202125,3600,wikitext,12.0,10.0,-16.0,15.034979670366658,15.37221077041063,0.20000000298023224,0.600446451987539,1.0,0.20000000298023224,0.600446451987539,1.0,0.200000|1.000000,0.000000|0.000000|0.000000|0.000000|0.000000|0.002232|0.000000|0.000000|0.997768|0.000000|0.000000|0.000000|0.000000|0.000000|0.000000|0.000000|0.000000|0.000000,0.000000|0.000000|0.000000|0.000000|0.000000|0.002232|0.000000|0.000000|0.997768|0.000000|0.000000|0.000000|0.000000|0.000000|0.000000|0.000000|0.000000|0.000000,0.000000|0.000000|0.000000|0.000000|0.000000|0.002232|0.000000|0.000000|0.997768|0.000000|0.000000|0.000000|0.000000|0.000000|0.000000|0.000000|0.000000|0.000000
RL_LCE_Quest8_PruneQuant-20251030-202125,3600,wikitext,12.0,10.0,-12.0,15.034979670366658,15.37221077041063,0.20000000298023224,0.600446451987539,1.0,0.20000000298023224,0.600446451987539,1.0,0.200000|1.000000,0.000000|0.000000|0.000000|0.000000|0.000000|0.002232|0.000000|0.000000|0.997768|0.000000|0.000000|0.000000|0.000000|0.000000|0.000000|0.000000|0.000000|0.000000,0.000000|0.000000|0.000000|0.000000|0.000000|0.002232|0.000000|0.000000|0.997768|0.000000|0.000000|0.000000|0.000000|0.000000|0.000000|0.000000|0.000000|0.000000,0.000000|0.000000|0.000000|0.000000|0.000000|0.002232|0.000000|0.000000|0.997768|0.000000|0.000000|0.000000|0.000000|0.000000|0.000000|0.000000|0.000000|0.000000
RL_LCE_Quest8_PruneQuant-20251030-202125,3600,wikitext,12.0,10.0,-10.0,15.034979670366658,15.37221077041063,0.20000000298023224,0.600446451987539,1.0,0.20000000298023224,0.600446451987539,1.0,0.200000|1.000000,0.000000|0.000000|0.000000|0.000000|0.000000|0.002232|0.000000|0.000000|0.997768|0.000000|0.000000|0.000000|0.000000|0.000000|0.000000|0.000000|0.000000|0.000000,0.000000|0.000000|0.000000|0.000000|0.000000|0.002232|0.000000|0.000000|0.997768|0.000000|0.000000|0.000000|0.000000|0.000000|0.000000|0.000000|0.000000|0.000000,0.000000|0.000000|0.000000|0.000000|0.000000|0.002232|0.000000|0.000000|0.997768|0.000000|0.000000|0.000000|0.000000|0.000000|0.000000|0.000000|0.000000|0.000000
RL_LCE_Quest8_PruneQuant-20251030-202125,3600,wikitext,12.0,10.0,0.0,14.79156254132326,15.181465894897237,0.20000000298023224,0.6054687707551888,0.5262276785714286,0.20000000298023224,0.6054687686264515,0.5262276785714286,0.200000|1.000000,0.000000|0.000000|0.000000|0.000000|0.027344|0.000000|0.000000|0.920201|0.052455|0.000000|0.000000|0.000000|0.000000|0.000000|0.000000|0.000000|0.000000|0.000000,0.000000|0.000000|0.000000|0.000000|0.027344|0.000000|0.000000|0.920201|0.052455|0.000000|0.000000|0.000000|0.000000|0.000000|0.000000|0.000000|0.000000|0.000000,0.000000|0.000000|0.000000|0.000000|0.027344|0.000000|0.000000|0.920201|0.052455|0.000000|0.000000|0.000000|0.000000|0.000000|0.000000|0.000000|0.000000|0.000000
RL_LCE_Quest8_PruneQuant-20251030-202125,3600,wikitext,12.0,10.0,10.0,14.592745965600903,15.131775567308885,0.2004464315250516,0.6061384140380791,0.5,0.20000000298023224,0.6061384108449731,0.5,0.200000|1.000000,0.000000|0.000000|0.000000|0.000000|0.030134|0.000000|0.000000|0.969308|0.000000|0.000000|0.000000|0.000000|0.000000|0.000558|0.000000|0.000000|0.000000|0.000000,0.000000|0.000000|0.000000|0.000000|0.030692|0.000000|0.000000|0.969308|0.000000|0.000000|0.000000|0.000000|0.000000|0.000000|0.000000|0.000000|0.000000|0.000000,0.000000|0.000000|0.000000|0.000000|0.030692|0.000000|0.000000|0.969308|0.000000|0.000000|0.000000|0.000000|0.000000|0.000000|0.000000|0.000000|0.000000|0.000000
RL_LCE_Quest8_PruneQuant-20251030-202125,3600,wikitext,12.0,10.0,20.0,14.62739595023626,15.09803695127427,0.20000000298023224,0.6060268070016589,0.49986049107142855,0.20000000298023224,0.6060268038085529,0.49986049107142855,0.200000|1.000000,0.000000|0.000000|0.000000|0.000000|0.030134|0.000000|0.000558|0.969308|0.000000|0.000000|0.000000|0.000000|0.000000|0.000000|0.000000|0.000000|0.000000|0.000000,0.000000|0.000000|0.000000|0.000000|0.030134|0.000000|0.000558|0.969308|0.000000|0.000000|0.000000|0.000000|0.000000|0.000000|0.000000|0.000000|0.000000|0.000000,0.000000|0.000000|0.000000|0.000000|0.030134|0.000000|0.000558|0.969308|0.000000|0.000000|0.000000|0.000000|0.000000|0.000000|0.000000|0.000000|0.000000|0.000000
RL_LCE_Quest8_PruneQuant-20251030-202125,3600,wikitext,12.0,10.0,60.0,48.71326870042301,45.26977127302931,0.20000000298023224,0.6014509153153215,0.3470982142857143,0.20000000298023224,0.6014509153153215,0.3470982142857143,0.200000|1.000000,0.000000|0.000000|0.000000|0.000000|0.007254|0.000000|0.611607|0.381138|0.000000|0.000000|0.000000|0.000000|0.000000|0.000000|0.000000|0.000000|0.000000|0.000000,0.000000|0.000000|0.000000|0.004464|0.002790|0.000000|0.607143|0.385603|0.000000|0.000000|0.000000|0.000000|0.000000|0.000000|0.000000|0.000000|0.000000|0.000000,0.000000|0.000000|0.000000|0.004464|0.002790|0.000000|0.607143|0.385603|0.000000|0.000000|0.000000|0.000000|0.000000|0.000000|0.000000|0.000000|0.000000|0.000000
RL_LCE_Quest8_PruneQuant-20251030-202125,3600,wikitext,12.0,10.0,64.0,88.53504280153187,89.51620253950982,0.20000000298023224,0.6000000238418579,0.27371651785714285,0.20000000298023224,0.6000000238418579,0.27371651785714285,0.200000|1.000000,0.000000|0.000000|0.000000|0.000000|0.000000|0.000000|0.905134|0.094866|0.000000|0.000000|0.000000|0.000000|0.000000|0.000000|0.000000|0.000000|0.000000|0.000000,0.000000|0.000000|0.000000|0.000000|0.000000|0.000000|0.905134|0.094866|0.000000|0.000000|0.000000|0.000000|0.000000|0.000000|0.000000|0.000000|0.000000|0.000000,0.000000|0.000000|0.000000|0.000000|0.000000|0.000000|0.905134|0.094866|0.000000|0.000000|0.000000|0.000000|0.000000|0.000000|0.000000|0.000000|0.000000|0.000000
