ckpt_dir,mode,dataset_name,sparsity_bias,prune_bias,quant_bias,policy_ppl,fixed_ppl,policy_keep_all,policy_prune_keep,policy_quant_ratio,fixed_keep_all,fixed_prune_keep,fixed_quant_ratio,sparsity_levels_kappa_order,policy_action_probs_kappa_order,fixed_levels_kappa_order,fixed_action_probs_kappa_order
RL_LCE_Quest8_PruneQuant-20251025-164022,midtrain,wikitext,-20.0,-5.0,-7.0,9.794031391798864,9.794031391798864,1.0,1.0,1.0,1.0,1.0,1.0,0.200000|1.000000,0.000000|0.000000|0.000000|0.000000|0.000000|0.000000|0.000000|0.000000|0.000000|0.000000|0.000000|1.000000|0.000000|0.000000|0.000000|0.000000|0.000000|0.000000,0.000000|0.000000|0.000000|0.000000|0.000000|0.000000|0.000000|0.000000|0.000000|0.000000|0.000000|1.000000|0.000000|0.000000|0.000000|0.000000|0.000000|0.000000,0.000000|0.000000|0.000000|0.000000|0.000000|0.000000|0.000000|0.000000|0.000000|0.000000|0.000000|1.000000|0.000000|0.000000|0.000000|0.000000|0.000000|0.000000
RL_LCE_Quest8_PruneQuant-20251025-164022,midtrain,wikitext,-10.0,-5.0,-7.0,10.205159392290335,10.189510583298658,0.7915178582604442,0.9996651788907391,0.8822544642857143,0.800000011920929,0.9996651788907391,0.8822544642857143,0.200000|1.000000,0.000000|0.233817|0.025112|0.000000|0.001674|0.000000|0.000000|0.000000|0.000000|0.000000|0.000000|0.739397|0.000000|0.000000|0.000000|0.000000|0.000000|0.000000,0.000000|0.011161|0.238839|0.000000|0.000000|0.000000|0.000000|0.000000|0.000000|0.000000|0.224330|0.523996|0.000000|0.000000|0.001674|0.000000|0.000000|0.000000,0.000000|0.011161|0.238839|0.000000|0.000000|0.000000|0.000000|0.000000|0.000000|0.000000|0.224330|0.523996|0.000000|0.000000|0.001674|0.000000|0.000000|0.000000
RL_LCE_Quest8_PruneQuant-20251025-164022,midtrain,wikitext,-20.0,-5.0,-6.5,9.794031391798864,9.794031391798864,1.0,1.0,1.0,1.0,1.0,1.0,0.200000|1.000000,0.000000|0.000000|0.000000|0.000000|0.000000|0.000000|0.000000|0.000000|0.000000|0.000000|0.000000|1.000000|0.000000|0.000000|0.000000|0.000000|0.000000|0.000000,0.000000|0.000000|0.000000|0.000000|0.000000|0.000000|0.000000|0.000000|0.000000|0.000000|0.000000|1.000000|0.000000|0.000000|0.000000|0.000000|0.000000|0.000000,0.000000|0.000000|0.000000|0.000000|0.000000|0.000000|0.000000|0.000000|0.000000|0.000000|0.000000|1.000000|0.000000|0.000000|0.000000|0.000000|0.000000|0.000000
RL_LCE_Quest8_PruneQuant-20251025-164022,midtrain,wikitext,0.0,-5.0,-7.0,10.526168526712553,11.29214264670593,0.504910715855658,0.9991071437086377,0.8244977678571429,0.5,0.9991071437086377,0.8244977678571429,0.200000|1.000000,0.000000|0.346540|0.267857|0.000000|0.004464|0.000000|0.000000|0.000000|0.000000|0.000000|0.000000|0.381138|0.000000|0.000000|0.000000|0.000000|0.000000|0.000000,0.000000|0.205357|0.416853|0.000000|0.001116|0.001674|0.000000|0.000000|0.000000|0.000000|0.143973|0.229353|0.000000|0.000558|0.001116|0.000000|0.000000|0.000000,0.000000|0.205357|0.416853|0.000000|0.001116|0.001674|0.000000|0.000000|0.000000|0.000000|0.143973|0.229353|0.000000|0.000558|0.001116|0.000000|0.000000|0.000000
RL_LCE_Quest8_PruneQuant-20251025-164022,midtrain,wikitext,-15.0,-5.0,-7.0,9.794031391798864,9.794031391798864,1.0,1.0,1.0,1.0,1.0,1.0,0.200000|1.000000,0.000000|0.000000|0.000000|0.000000|0.000000|0.000000|0.000000|0.000000|0.000000|0.000000|0.000000|1.000000|0.000000|0.000000|0.000000|0.000000|0.000000|0.000000,0.000000|0.000000|0.000000|0.000000|0.000000|0.000000|0.000000|0.000000|0.000000|0.000000|0.000000|1.000000|0.000000|0.000000|0.000000|0.000000|0.000000|0.000000,0.000000|0.000000|0.000000|0.000000|0.000000|0.000000|0.000000|0.000000|0.000000|0.000000|0.000000|1.000000|0.000000|0.000000|0.000000|0.000000|0.000000|0.000000
RL_LCE_Quest8_PruneQuant-20251025-164022,midtrain,wikitext,-20.0,-5.0,-6.0,9.794031391798864,9.794031391798864,1.0,1.0,1.0,1.0,1.0,1.0,0.200000|1.000000,0.000000|0.000000|0.000000|0.000000|0.000000|0.000000|0.000000|0.000000|0.000000|0.000000|0.000000|1.000000|0.000000|0.000000|0.000000|0.000000|0.000000|0.000000,0.000000|0.000000|0.000000|0.000000|0.000000|0.000000|0.000000|0.000000|0.000000|0.000000|0.000000|1.000000|0.000000|0.000000|0.000000|0.000000|0.000000|0.000000,0.000000|0.000000|0.000000|0.000000|0.000000|0.000000|0.000000|0.000000|0.000000|0.000000|0.000000|1.000000|0.000000|0.000000|0.000000|0.000000|0.000000|0.000000
RL_LCE_Quest8_PruneQuant-20251025-164022,midtrain,wikitext,-15.0,-5.0,-6.5,9.794031391798864,9.794031391798864,1.0,1.0,1.0,1.0,1.0,1.0,0.200000|1.000000,0.000000|0.000000|0.000000|0.000000|0.000000|0.000000|0.000000|0.000000|0.000000|0.000000|0.000000|1.000000|0.000000|0.000000|0.000000|0.000000|0.000000|0.000000,0.000000|0.000000|0.000000|0.000000|0.000000|0.000000|0.000000|0.000000|0.000000|0.000000|0.000000|1.000000|0.000000|0.000000|0.000000|0.000000|0.000000|0.000000,0.000000|0.000000|0.000000|0.000000|0.000000|0.000000|0.000000|0.000000|0.000000|0.000000|0.000000|1.000000|0.000000|0.000000|0.000000|0.000000|0.000000|0.000000
RL_LCE_Quest8_PruneQuant-20251025-164022,midtrain,wikitext,-10.0,-5.0,-6.5,10.206583202457859,10.259404062352022,0.7781250004523567,0.9996651788907391,0.8643973214285714,0.800000011920929,0.9996651788907391,0.8643973214285714,0.200000|1.000000,0.000000|0.269531|0.006138|0.000000|0.001674|0.000000|0.000000|0.000000|0.000000|0.000000|0.000000|0.722656|0.000000|0.000000|0.000000|0.000000|0.000000|0.000000,0.000000|0.026786|0.223214|0.000000|0.000000|0.000000|0.000000|0.000000|0.000000|0.000000|0.244420|0.503906|0.000000|0.000000|0.001674|0.000000|0.000000|0.000000,0.000000|0.026786|0.223214|0.000000|0.000000|0.000000|0.000000|0.000000|0.000000|0.000000|0.244420|0.503906|0.000000|0.000000|0.001674|0.000000|0.000000|0.000000
RL_LCE_Quest8_PruneQuant-20251025-164022,midtrain,wikitext,0.0,-5.0,-6.5,10.526902799568226,11.358501766655843,0.5058035736105272,0.9989955366722175,0.7633928571428571,0.5,0.9989955366722175,0.7633928571428571,0.200000|1.000000,0.000000|0.468192|0.144531|0.000000|0.005022|0.000000|0.000000|0.000000|0.000000|0.000000|0.000000|0.382254|0.000000|0.000000|0.000000|0.000000|0.000000|0.000000,0.000000|0.295201|0.328125|0.000000|0.000558|0.001116|0.000000|0.000000|0.000000|0.000000|0.176339|0.195312|0.000000|0.001116|0.002232|0.000000|0.000000|0.000000,0.000000|0.295201|0.328125|0.000000|0.000558|0.001116|0.000000|0.000000|0.000000|0.000000|0.176339|0.195312|0.000000|0.001116|0.002232|0.000000|0.000000|0.000000
RL_LCE_Quest8_PruneQuant-20251025-164022,midtrain,wikitext,-20.0,-5.0,-5.5,9.794031391798864,9.794714593039688,1.0,0.9998883929635797,0.9997209821428571,1.0,0.9998883929635797,0.9997209821428571,0.200000|1.000000,0.000000|0.000000|0.000000|0.000000|0.000000|0.000000|0.000000|0.000000|0.000000|0.000000|0.000000|0.999442|0.000000|0.000558|0.000000|0.000000|0.000000|0.000000,0.000000|0.000000|0.000000|0.000000|0.000000|0.000000|0.000000|0.000000|0.000000|0.000000|0.000558|0.998884|0.000000|0.000000|0.000558|0.000000|0.000000|0.000000,0.000000|0.000000|0.000000|0.000000|0.000000|0.000000|0.000000|0.000000|0.000000|0.000000|0.000558|0.998884|0.000000|0.000000|0.000558|0.000000|0.000000|0.000000
RL_LCE_Quest8_PruneQuant-20251025-164022,midtrain,wikitext,-15.0,-5.0,-6.0,9.794031391798864,9.794031391798864,1.0,1.0,1.0,1.0,1.0,1.0,0.200000|1.000000,0.000000|0.000000|0.000000|0.000000|0.000000|0.000000|0.000000|0.000000|0.000000|0.000000|0.000000|1.000000|0.000000|0.000000|0.000000|0.000000|0.000000|0.000000,0.000000|0.000000|0.000000|0.000000|0.000000|0.000000|0.000000|0.000000|0.000000|0.000000|0.000000|1.000000|0.000000|0.000000|0.000000|0.000000|0.000000|0.000000,0.000000|0.000000|0.000000|0.000000|0.000000|0.000000|0.000000|0.000000|0.000000|0.000000|0.000000|1.000000|0.000000|0.000000|0.000000|0.000000|0.000000|0.000000
RL_LCE_Quest8_PruneQuant-20251025-164022,midtrain,wikitext,-10.0,-5.0,-6.0,10.240099987096382,10.516627639037846,0.7611607156161752,0.9994419648178986,0.8507254464285714,0.75,0.9994419648178986,0.8507254464285714,0.200000|1.000000,0.000000|0.295759|0.000000|0.000000|0.002790|0.000000|0.000000|0.000000|0.000000|0.000000|0.000000|0.701451|0.000000|0.000000|0.000000|0.000000|0.000000|0.000000,0.000000|0.016741|0.294643|0.000000|0.000558|0.000558|0.000000|0.000000|0.000000|0.000000|0.280692|0.405134|0.000000|0.000558|0.001116|0.000000|0.000000|0.000000,0.000000|0.016741|0.294643|0.000000|0.000558|0.000558|0.000000|0.000000|0.000000|0.000000|0.280692|0.405134|0.000000|0.000558|0.001116|0.000000|0.000000|0.000000
RL_LCE_Quest8_PruneQuant-20251025-164022,midtrain,wikitext,-15.0,-5.0,-5.5,9.794031391798864,9.794714593039688,1.0,0.9998883929635797,0.9997209821428571,1.0,0.9998883929635797,0.9997209821428571,0.200000|1.000000,0.000000|0.000000|0.000000|0.000000|0.000000|0.000000|0.000000|0.000000|0.000000|0.000000|0.000000|0.999442|0.000000|0.000558|0.000000|0.000000|0.000000|0.000000,0.000000|0.000000|0.000000|0.000000|0.000000|0.000000|0.000000|0.000000|0.000000|0.000000|0.000558|0.998884|0.000000|0.000000|0.000558|0.000000|0.000000|0.000000,0.000000|0.000000|0.000000|0.000000|0.000000|0.000000|0.000000|0.000000|0.000000|0.000000|0.000558|0.998884|0.000000|0.000000|0.000558|0.000000|0.000000|0.000000
RL_LCE_Quest8_PruneQuant-20251025-164022,midtrain,wikitext,-20.0,-5.0,-5.0,9.786178001873063,9.786860655285773,1.0,0.9995535718543189,0.9974888392857143,1.0,0.9995535718543189,0.9974888392857143,0.200000|1.000000,0.000000|0.000000|0.000000|0.000000|0.000000|0.000000|0.000000|0.000000|0.000000|0.000000|0.002790|0.994978|0.000000|0.002232|0.000000|0.000000|0.000000|0.000000,0.000000|0.000000|0.000000|0.000000|0.000000|0.000000|0.000000|0.000000|0.000000|0.000000|0.005022|0.992746|0.000000|0.000000|0.002232|0.000000|0.000000|0.000000,0.000000|0.000000|0.000000|0.000000|0.000000|0.000000|0.000000|0.000000|0.000000|0.000000|0.005022|0.992746|0.000000|0.000000|0.002232|0.000000|0.000000|0.000000
RL_LCE_Quest8_PruneQuant-20251025-164022,midtrain,wikitext,0.0,-5.0,-6.0,10.528371498944923,11.303175516025762,0.50803571646767,0.9982142868850913,0.7307477678571429,0.5,0.9982142874172756,0.7307477678571429,0.200000|1.000000,0.000000|0.529576|0.076451|0.000000|0.008929|0.000000|0.000000|0.000000|0.000000|0.000000|0.000000|0.385045|0.000000|0.000000|0.000000|0.000000|0.000000|0.000000,0.000000|0.333147|0.286272|0.000000|0.003348|0.002232|0.000000|0.000000|0.000000|0.000000|0.200893|0.170759|0.000000|0.001116|0.002232|0.000000|0.000000|0.000000,0.000000|0.333147|0.286272|0.000000|0.003348|0.002232|0.000000|0.000000|0.000000|0.000000|0.200893|0.170759|0.000000|0.001116|0.002232|0.000000|0.000000|0.000000
RL_LCE_Quest8_PruneQuant-20251025-164022,midtrain,wikitext,-15.0,-5.0,-5.0,9.786178001873063,9.786860655285773,1.0,0.9995535718543189,0.9974888392857143,1.0,0.9995535718543189,0.9974888392857143,0.200000|1.000000,0.000000|0.000000|0.000000|0.000000|0.000000|0.000000|0.000000|0.000000|0.000000|0.000000|0.002790|0.994978|0.000000|0.002232|0.000000|0.000000|0.000000|0.000000,0.000000|0.000000|0.000000|0.000000|0.000000|0.000000|0.000000|0.000000|0.000000|0.000000|0.005022|0.992746|0.000000|0.000000|0.002232|0.000000|0.000000|0.000000,0.000000|0.000000|0.000000|0.000000|0.000000|0.000000|0.000000|0.000000|0.000000|0.000000|0.005022|0.992746|0.000000|0.000000|0.002232|0.000000|0.000000|0.000000
RL_LCE_Quest8_PruneQuant-20251025-164022,midtrain,wikitext,-20.0,-4.0,-7.0,9.794031391798864,9.794031391798864,1.0,1.0,1.0,1.0,1.0,1.0,0.200000|1.000000,0.000000|0.000000|0.000000|0.000000|0.000000|0.000000|0.000000|0.000000|0.000000|0.000000|0.000000|1.000000|0.000000|0.000000|0.000000|0.000000|0.000000|0.000000,0.000000|0.000000|0.000000|0.000000|0.000000|0.000000|0.000000|0.000000|0.000000|0.000000|0.000000|1.000000|0.000000|0.000000|0.000000|0.000000|0.000000|0.000000,0.000000|0.000000|0.000000|0.000000|0.000000|0.000000|0.000000|0.000000|0.000000|0.000000|0.000000|1.000000|0.000000|0.000000|0.000000|0.000000|0.000000|0.000000
RL_LCE_Quest8_PruneQuant-20251025-164022,midtrain,wikitext,-10.0,-5.0,-5.5,10.244386640206372,10.436970440794795,0.7361607148445078,0.9997767859271595,0.8351004464285714,0.75,0.9997767859271595,0.8351004464285714,0.200000|1.000000,0.000000|0.328683|0.000000|0.000000|0.001116|0.000000|0.000000|0.000000|0.000000|0.000000|0.000000|0.670201|0.000000|0.000000|0.000000|0.000000|0.000000|0.000000,0.000000|0.033482|0.277902|0.000000|0.000000|0.001116|0.000000|0.000000|0.000000|0.000000|0.296317|0.391183|0.000000|0.000000|0.000000|0.000000|0.000000|0.000000,0.000000|0.033482|0.277902|0.000000|0.000000|0.001116|0.000000|0.000000|0.000000|0.000000|0.296317|0.391183|0.000000|0.000000|0.000000|0.000000|0.000000|0.000000
RL_LCE_Quest8_PruneQuant-20251025-164022,midtrain,wikitext,-15.0,-4.0,-7.0,9.794031391798864,9.794031391798864,1.0,1.0,1.0,1.0,1.0,1.0,0.200000|1.000000,0.000000|0.000000|0.000000|0.000000|0.000000|0.000000|0.000000|0.000000|0.000000|0.000000|0.000000|1.000000|0.000000|0.000000|0.000000|0.000000|0.000000|0.000000,0.000000|0.000000|0.000000|0.000000|0.000000|0.000000|0.000000|0.000000|0.000000|0.000000|0.000000|1.000000|0.000000|0.000000|0.000000|0.000000|0.000000|0.000000,0.000000|0.000000|0.000000|0.000000|0.000000|0.000000|0.000000|0.000000|0.000000|0.000000|0.000000|1.000000|0.000000|0.000000|0.000000|0.000000|0.000000|0.000000
RL_LCE_Quest8_PruneQuant-20251025-164022,midtrain,wikitext,0.0,-5.0,-5.5,10.491715413557102,11.14580348536216,0.5098214306469474,0.9979910722800663,0.7106584821428571,0.5,0.997991073344435,0.7106584821428571,0.200000|1.000000,0.000000|0.568638|0.034040|0.000000|0.010045|0.000000|0.000000|0.000000|0.000000|0.000000|0.000000|0.387277|0.000000|0.000000|0.000000|0.000000|0.000000|0.000000,0.000000|0.386161|0.232701|0.000000|0.004464|0.001674|0.000000|0.000000|0.000000|0.000000|0.186942|0.184152|0.000000|0.001116|0.002790|0.000000|0.000000|0.000000,0.000000|0.386161|0.232701|0.000000|0.004464|0.001674|0.000000|0.000000|0.000000|0.000000|0.186942|0.184152|0.000000|0.001116|0.002790|0.000000|0.000000|0.000000
RL_LCE_Quest8_PruneQuant-20251025-164022,midtrain,wikitext,-20.0,-4.0,-6.5,9.794031391798864,9.794031391798864,1.0,1.0,1.0,1.0,1.0,1.0,0.200000|1.000000,0.000000|0.000000|0.000000|0.000000|0.000000|0.000000|0.000000|0.000000|0.000000|0.000000|0.000000|1.000000|0.000000|0.000000|0.000000|0.000000|0.000000|0.000000,0.000000|0.000000|0.000000|0.000000|0.000000|0.000000|0.000000|0.000000|0.000000|0.000000|0.000000|1.000000|0.000000|0.000000|0.000000|0.000000|0.000000|0.000000,0.000000|0.000000|0.000000|0.000000|0.000000|0.000000|0.000000|0.000000|0.000000|0.000000|0.000000|1.000000|0.000000|0.000000|0.000000|0.000000|0.000000|0.000000
RL_LCE_Quest8_PruneQuant-20251025-164022,midtrain,wikitext,-15.0,-4.0,-6.5,9.794031391798864,9.794031391798864,1.0,1.0,1.0,1.0,1.0,1.0,0.200000|1.000000,0.000000|0.000000|0.000000|0.000000|0.000000|0.000000|0.000000|0.000000|0.000000|0.000000|0.000000|1.000000|0.000000|0.000000|0.000000|0.000000|0.000000|0.000000,0.000000|0.000000|0.000000|0.000000|0.000000|0.000000|0.000000|0.000000|0.000000|0.000000|0.000000|1.000000|0.000000|0.000000|0.000000|0.000000|0.000000|0.000000,0.000000|0.000000|0.000000|0.000000|0.000000|0.000000|0.000000|0.000000|0.000000|0.000000|0.000000|1.000000|0.000000|0.000000|0.000000|0.000000|0.000000|0.000000
RL_LCE_Quest8_PruneQuant-20251025-164022,midtrain,wikitext,-10.0,-5.0,-5.0,10.314656533661848,10.730784100024461,0.7049107148445078,0.9992187507450581,0.8130580357142857,0.7000000178813934,0.9992187507450581,0.8130580357142857,0.200000|1.000000,0.000000|0.367188|0.000000|0.000000|0.001674|0.000000|0.000000|0.000000|0.000000|0.000000|0.002790|0.626116|0.000000|0.002232|0.000000|0.000000|0.000000|0.000000,0.000000|0.247210|0.127790|0.000000|0.000000|0.000000|0.000000|0.000000|0.000000|0.000000|0.126674|0.494420|0.000000|0.000000|0.003906|0.000000|0.000000|0.000000,0.000000|0.247210|0.127790|0.000000|0.000000|0.000000|0.000000|0.000000|0.000000|0.000000|0.126674|0.494420|0.000000|0.000000|0.003906|0.000000|0.000000|0.000000
RL_LCE_Quest8_PruneQuant-20251025-164022,midtrain,wikitext,-20.0,-4.0,-6.0,9.789250317257856,9.78856749716137,1.0,0.9996651788907391,0.9991629464285714,1.0,0.9996651788907391,0.9991629464285714,0.200000|1.000000,0.000000|0.000000|0.000000|0.000000|0.000000|0.000000|0.000000|0.000000|0.000000|0.000000|0.000000|0.998326|0.000000|0.001674|0.000000|0.000000|0.000000|0.000000,0.000000|0.000000|0.000000|0.000000|0.000000|0.000000|0.000000|0.000000|0.000000|0.000000|0.001674|0.996652|0.000000|0.000000|0.001674|0.000000|0.000000|0.000000,0.000000|0.000000|0.000000|0.000000|0.000000|0.000000|0.000000|0.000000|0.000000|0.000000|0.001674|0.996652|0.000000|0.000000|0.001674|0.000000|0.000000|0.000000
RL_LCE_Quest8_PruneQuant-20251025-164022,midtrain,wikitext,-15.0,-4.0,-6.0,9.789250317257856,9.78856749716137,1.0,0.9996651788907391,0.9991629464285714,1.0,0.9996651788907391,0.9991629464285714,0.200000|1.000000,0.000000|0.000000|0.000000|0.000000|0.000000|0.000000|0.000000|0.000000|0.000000|0.000000|0.000000|0.998326|0.000000|0.001674|0.000000|0.000000|0.000000|0.000000,0.000000|0.000000|0.000000|0.000000|0.000000|0.000000|0.000000|0.000000|0.000000|0.000000|0.001674|0.996652|0.000000|0.000000|0.001674|0.000000|0.000000|0.000000,0.000000|0.000000|0.000000|0.000000|0.000000|0.000000|0.000000|0.000000|0.000000|0.000000|0.001674|0.996652|0.000000|0.000000|0.001674|0.000000|0.000000|0.000000
RL_LCE_Quest8_PruneQuant-20251025-164022,midtrain,wikitext,0.0,-5.0,-5.0,10.509294379702538,11.134924224649613,0.5084821451455355,0.9959821440279484,0.6953125,0.5,0.99598214668887,0.6953125,0.200000|1.000000,0.000000|0.586496|0.016741|0.000000|0.011161|0.000000|0.000000|0.000000|0.000000|0.000000|0.002790|0.373884|0.000000|0.008929|0.000000|0.000000|0.000000|0.000000,0.000000|0.450893|0.161272|0.000000|0.010045|0.002790|0.000000|0.000000|0.000000|0.000000|0.145089|0.222656|0.000000|0.003348|0.003906|0.000000|0.000000|0.000000,0.000000|0.450893|0.161272|0.000000|0.010045|0.002790|0.000000|0.000000|0.000000|0.000000|0.145089|0.222656|0.000000|0.003348|0.003906|0.000000|0.000000|0.000000
RL_LCE_Quest8_PruneQuant-20251025-164022,midtrain,wikitext,-20.0,-4.0,-5.5,9.787201999849339,9.784471576656044,1.0,0.9991071431764534,0.9977678571428571,1.0,0.9991071437086377,0.9977678571428571,0.200000|1.000000,0.000000|0.000000|0.000000|0.000000|0.000000|0.000000|0.000000|0.000000|0.000000|0.000000|0.000000|0.995536|0.000000|0.004464|0.000000|0.000000|0.000000|0.000000,0.000000|0.000000|0.000000|0.000000|0.000000|0.000000|0.000000|0.000000|0.000000|0.000000|0.004464|0.991071|0.000000|0.000000|0.004464|0.000000|0.000000|0.000000,0.000000|0.000000|0.000000|0.000000|0.000000|0.000000|0.000000|0.000000|0.000000|0.000000|0.004464|0.991071|0.000000|0.000000|0.004464|0.000000|0.000000|0.000000
RL_LCE_Quest8_PruneQuant-20251025-164022,midtrain,wikitext,-15.0,-4.0,-5.5,9.787201999849339,9.784471576656044,1.0,0.9991071431764534,0.9977678571428571,1.0,0.9991071437086377,0.9977678571428571,0.200000|1.000000,0.000000|0.000000|0.000000|0.000000|0.000000|0.000000|0.000000|0.000000|0.000000|0.000000|0.000000|0.995536|0.000000|0.004464|0.000000|0.000000|0.000000|0.000000,0.000000|0.000000|0.000000|0.000000|0.000000|0.000000|0.000000|0.000000|0.000000|0.000000|0.004464|0.991071|0.000000|0.000000|0.004464|0.000000|0.000000|0.000000,0.000000|0.000000|0.000000|0.000000|0.000000|0.000000|0.000000|0.000000|0.000000|0.000000|0.004464|0.991071|0.000000|0.000000|0.004464|0.000000|0.000000|0.000000
RL_LCE_Quest8_PruneQuant-20251025-164022,midtrain,wikitext,-10.0,-4.0,-7.0,10.223684426948255,10.226537415468028,0.789732144347259,0.9782366098037788,0.8783482142857143,0.800000011920929,0.978236627898046,0.8783482142857143,0.200000|1.000000,0.000000|0.134487|0.019531|0.000000|0.108817|0.000000|0.000000|0.000000|0.000000|0.000000|0.000000|0.737165|0.000000|0.000000|0.000000|0.000000|0.000000|0.000000,0.000000|0.004464|0.218750|0.000000|0.000558|0.026228|0.000000|0.000000|0.000000|0.000000|0.212612|0.455357|0.000000|0.025670|0.056362|0.000000|0.000000|0.000000,0.000000|0.004464|0.218750|0.000000|0.000558|0.026228|0.000000|0.000000|0.000000|0.000000|0.212612|0.455357|0.000000|0.025670|0.056362|0.000000|0.000000|0.000000
RL_LCE_Quest8_PruneQuant-20251025-164022,midtrain,wikitext,-15.0,-4.0,-5.0,9.788908901255894,9.810099226842723,1.0,0.9830357150307724,0.9573102678571429,1.0,0.9830357304641179,0.9573102678571429,0.200000|1.000000,0.000000|0.000000|0.000000|0.000000|0.000000|0.000000|0.000000|0.000000|0.000000|0.000000|0.000558|0.914621|0.000000|0.084821|0.000000|0.000000|0.000000|0.000000,0.000000|0.000000|0.000000|0.000000|0.000000|0.000000|0.000000|0.000000|0.000000|0.000000|0.082031|0.833147|0.000000|0.003348|0.081473|0.000000|0.000000|0.000000,0.000000|0.000000|0.000000|0.000000|0.000000|0.000000|0.000000|0.000000|0.000000|0.000000|0.082031|0.833147|0.000000|0.003348|0.081473|0.000000|0.000000|0.000000
RL_LCE_Quest8_PruneQuant-20251025-164022,midtrain,wikitext,0.0,-4.0,-7.0,10.52543430507391,11.239491393464766,0.5053571440013391,0.9604910723865032,0.8099888392857143,0.5,0.9604910495025771,0.8099888392857143,0.200000|1.000000,0.000000|0.182478|0.238281|0.000000|0.197545|0.000000|0.000000|0.000000|0.000000|0.000000|0.000000|0.381696|0.000000|0.000000|0.000000|0.000000|0.000000|0.000000,0.000000|0.178571|0.326451|0.000000|0.044085|0.075893|0.000000|0.000000|0.000000|0.000000|0.123884|0.173549|0.000000|0.033482|0.044085|0.000000|0.000000|0.000000,0.000000|0.178571|0.326451|0.000000|0.044085|0.075893|0.000000|0.000000|0.000000|0.000000|0.123884|0.173549|0.000000|0.033482|0.044085|0.000000|0.000000|0.000000
RL_LCE_Quest8_PruneQuant-20251025-164022,midtrain,wikitext,-20.0,-4.0,-5.0,9.788908901255894,9.810099226842723,1.0,0.9830357150307724,0.9573102678571429,1.0,0.9830357304641179,0.9573102678571429,0.200000|1.000000,0.000000|0.000000|0.000000|0.000000|0.000000|0.000000|0.000000|0.000000|0.000000|0.000000|0.000558|0.914621|0.000000|0.084821|0.000000|0.000000|0.000000|0.000000,0.000000|0.000000|0.000000|0.000000|0.000000|0.000000|0.000000|0.000000|0.000000|0.000000|0.082031|0.833147|0.000000|0.003348|0.081473|0.000000|0.000000|0.000000,0.000000|0.000000|0.000000|0.000000|0.000000|0.000000|0.000000|0.000000|0.000000|0.000000|0.082031|0.833147|0.000000|0.003348|0.081473|0.000000|0.000000|0.000000
RL_LCE_Quest8_PruneQuant-20251025-164022,midtrain,wikitext,-15.0,-3.0,-7.0,9.804968332474019,9.784812837893707,1.0,0.9981026793164867,0.9997209821428571,1.0,0.9981026803808553,0.9997209821428571,0.200000|1.000000,0.000000|0.000000|0.000000|0.000000|0.000000|0.000000|0.000000|0.000000|0.000000|0.000000|0.000000|0.994978|0.000000|0.000558|0.000000|0.000000|0.000000|0.004464,0.000000|0.000000|0.000000|0.000000|0.000000|0.000000|0.000000|0.000000|0.000000|0.000000|0.000558|0.989955|0.000000|0.000000|0.009487|0.000000|0.000000|0.000000,0.000000|0.000000|0.000000|0.000000|0.000000|0.000000|0.000000|0.000000|0.000000|0.000000|0.000558|0.989955|0.000000|0.000000|0.009487|0.000000|0.000000|0.000000
RL_LCE_Quest8_PruneQuant-20251025-164022,midtrain,wikitext,-10.0,-4.0,-6.5,10.238671501364289,10.444981792053571,0.773660714738071,0.974665179848671,0.8599330357142857,0.75,0.974665201136044,0.8599330357142857,0.200000|1.000000,0.000000|0.153460|0.002790|0.000000|0.126674|0.000000|0.000000|0.000000|0.000000|0.000000|0.000000|0.717076|0.000000|0.000000|0.000000|0.000000|0.000000|0.000000,0.000000|0.036830|0.235491|0.000000|0.003348|0.036830|0.000000|0.000000|0.000000|0.000000|0.210379|0.390625|0.000000|0.029576|0.056920|0.000000|0.000000|0.000000,0.000000|0.036830|0.235491|0.000000|0.003348|0.036830|0.000000|0.000000|0.000000|0.000000|0.210379|0.390625|0.000000|0.029576|0.056920|0.000000|0.000000|0.000000
RL_LCE_Quest8_PruneQuant-20251025-164022,midtrain,wikitext,-20.0,-3.0,-7.0,9.804968332474019,9.784812837893707,1.0,0.9981026793164867,0.9997209821428571,1.0,0.9981026803808553,0.9997209821428571,0.200000|1.000000,0.000000|0.000000|0.000000|0.000000|0.000000|0.000000|0.000000|0.000000|0.000000|0.000000|0.000000|0.994978|0.000000|0.000558|0.000000|0.000000|0.000000|0.004464,0.000000|0.000000|0.000000|0.000000|0.000000|0.000000|0.000000|0.000000|0.000000|0.000000|0.000558|0.989955|0.000000|0.000000|0.009487|0.000000|0.000000|0.000000,0.000000|0.000000|0.000000|0.000000|0.000000|0.000000|0.000000|0.000000|0.000000|0.000000|0.000558|0.989955|0.000000|0.000000|0.009487|0.000000|0.000000|0.000000
RL_LCE_Quest8_PruneQuant-20251025-164022,midtrain,wikitext,-15.0,-3.0,-6.5,9.800181918933518,9.782765448990023,1.0,0.9977678576750415,0.9988839285714286,1.0,0.9977678592715945,0.9988839285714286,0.200000|1.000000,0.000000|0.000000|0.000000|0.000000|0.000000|0.000000|0.000000|0.000000|0.000000|0.000000|0.000000|0.993304|0.000000|0.002232|0.000000|0.000000|0.000000|0.004464,0.000000|0.000000|0.000000|0.000000|0.000000|0.000000|0.000000|0.000000|0.000000|0.000000|0.002232|0.986607|0.000000|0.000000|0.011161|0.000000|0.000000|0.000000,0.000000|0.000000|0.000000|0.000000|0.000000|0.000000|0.000000|0.000000|0.000000|0.000000|0.002232|0.986607|0.000000|0.000000|0.011161|0.000000|0.000000|0.000000
RL_LCE_Quest8_PruneQuant-20251025-164022,midtrain,wikitext,0.0,-4.0,-6.5,10.526902799568226,11.424453916474887,0.5044642875769308,0.9520089285714286,0.7561383928571429,0.5,0.952008914734636,0.7561383928571429,0.200000|1.000000,0.000000|0.247768|0.131696|0.000000|0.239955|0.000000|0.000000|0.000000|0.000000|0.000000|0.000000|0.380580|0.000000|0.000000|0.000000|0.000000|0.000000|0.000000,0.000000|0.231027|0.245536|0.000000|0.071429|0.077009|0.000000|0.000000|0.000000|0.000000|0.140067|0.143415|0.000000|0.045201|0.046317|0.000000|0.000000|0.000000,0.000000|0.231027|0.245536|0.000000|0.071429|0.077009|0.000000|0.000000|0.000000|0.000000|0.140067|0.143415|0.000000|0.045201|0.046317|0.000000|0.000000|0.000000
RL_LCE_Quest8_PruneQuant-20251025-164022,midtrain,wikitext,-20.0,-3.0,-6.5,9.800181918933518,9.782765448990023,1.0,0.9977678576750415,0.9988839285714286,1.0,0.9977678592715945,0.9988839285714286,0.200000|1.000000,0.000000|0.000000|0.000000|0.000000|0.000000|0.000000|0.000000|0.000000|0.000000|0.000000|0.000000|0.993304|0.000000|0.002232|0.000000|0.000000|0.000000|0.004464,0.000000|0.000000|0.000000|0.000000|0.000000|0.000000|0.000000|0.000000|0.000000|0.000000|0.002232|0.986607|0.000000|0.000000|0.011161|0.000000|0.000000|0.000000,0.000000|0.000000|0.000000|0.000000|0.000000|0.000000|0.000000|0.000000|0.000000|0.000000|0.002232|0.986607|0.000000|0.000000|0.011161|0.000000|0.000000|0.000000
RL_LCE_Quest8_PruneQuant-20251025-164022,midtrain,wikitext,-10.0,-4.0,-6.0,10.306026226091085,10.507095399195192,0.7580357143389327,0.9712053590587207,0.8479352678571429,0.75,0.9712053665093013,0.8479352678571429,0.200000|1.000000,0.000000|0.160156|0.000000|0.000000|0.142299|0.000000|0.000000|0.000000|0.000000|0.000000|0.000000|0.695871|0.000000|0.001674|0.000000|0.000000|0.000000|0.000000,0.000000|0.011161|0.258929|0.000000|0.000000|0.042411|0.000000|0.000000|0.000000|0.000000|0.249442|0.336496|0.000000|0.043527|0.058036|0.000000|0.000000|0.000000,0.000000|0.011161|0.258929|0.000000|0.000000|0.042411|0.000000|0.000000|0.000000|0.000000|0.249442|0.336496|0.000000|0.043527|0.058036|0.000000|0.000000|0.000000
RL_LCE_Quest8_PruneQuant-20251025-164022,midtrain,wikitext,-15.0,-3.0,-6.0,9.806678332353263,9.800865549216029,1.0,0.9935267870979649,0.98828125,1.0,0.9935267918876239,0.98828125,0.200000|1.000000,0.000000|0.000000|0.000000|0.000000|0.000000|0.000000|0.000000|0.000000|0.000000|0.000000|0.000000|0.972098|0.000000|0.023438|0.000000|0.000000|0.000000|0.004464,0.000000|0.000000|0.000000|0.000000|0.000000|0.000000|0.000000|0.000000|0.000000|0.000000|0.023438|0.944196|0.000000|0.000000|0.032366|0.000000|0.000000|0.000000,0.000000|0.000000|0.000000|0.000000|0.000000|0.000000|0.000000|0.000000|0.000000|0.000000|0.023438|0.944196|0.000000|0.000000|0.032366|0.000000|0.000000|0.000000
RL_LCE_Quest8_PruneQuant-20251025-164022,midtrain,wikitext,-20.0,-3.0,-6.0,9.806678332353263,9.800865549216029,1.0,0.9935267870979649,0.98828125,1.0,0.9935267918876239,0.98828125,0.200000|1.000000,0.000000|0.000000|0.000000|0.000000|0.000000|0.000000|0.000000|0.000000|0.000000|0.000000|0.000000|0.972098|0.000000|0.023438|0.000000|0.000000|0.000000|0.004464,0.000000|0.000000|0.000000|0.000000|0.000000|0.000000|0.000000|0.000000|0.000000|0.000000|0.023438|0.944196|0.000000|0.000000|0.032366|0.000000|0.000000|0.000000,0.000000|0.000000|0.000000|0.000000|0.000000|0.000000|0.000000|0.000000|0.000000|0.000000|0.023438|0.944196|0.000000|0.000000|0.032366|0.000000|0.000000|0.000000
RL_LCE_Quest8_PruneQuant-20251025-164022,midtrain,wikitext,0.0,-4.0,-6.0,10.517361246350793,11.486782041341641,0.5058035732113889,0.9503348214285714,0.7290736607142857,0.5,0.9503348091883319,0.7290736607142857,0.200000|1.000000,0.000000|0.293527|0.077009|0.000000|0.247210|0.000000|0.000000|0.000000|0.000000|0.000000|0.000000|0.381138|0.000000|0.001116|0.000000|0.000000|0.000000|0.000000,0.000000|0.255022|0.212612|0.000000|0.084263|0.073103|0.000000|0.000000|0.000000|0.000000|0.159040|0.125000|0.000000|0.043527|0.047433|0.000000|0.000000|0.000000,0.000000|0.255022|0.212612|0.000000|0.084263|0.073103|0.000000|0.000000|0.000000|0.000000|0.159040|0.125000|0.000000|0.043527|0.047433|0.000000|0.000000|0.000000
RL_LCE_Quest8_PruneQuant-20251025-164022,midtrain,wikitext,-15.0,-3.0,-5.5,9.827907123925858,9.837852488395342,1.0,0.9684151799551078,0.9249441964285714,1.0,0.9684151772941861,0.9249441964285714,0.200000|1.000000,0.000000|0.000000|0.000000|0.000000|0.000000|0.000000|0.000000|0.000000|0.000000|0.000000|0.000000|0.845982|0.000000|0.150112|0.000000|0.000000|0.000000|0.003906,0.000000|0.000000|0.000000|0.000000|0.000000|0.000000|0.000000|0.000000|0.000000|0.000000|0.137835|0.704241|0.000000|0.012277|0.145647|0.000000|0.000000|0.000000,0.000000|0.000000|0.000000|0.000000|0.000000|0.000000|0.000000|0.000000|0.000000|0.000000|0.137835|0.704241|0.000000|0.012277|0.145647|0.000000|0.000000|0.000000
RL_LCE_Quest8_PruneQuant-20251025-164022,midtrain,wikitext,-10.0,-4.0,-5.5,10.324734360445948,10.517361246350793,0.7330357154299106,0.9674107171595097,0.8306361607142857,0.75,0.9674107091767448,0.8306361607142857,0.200000|1.000000,0.000000|0.175781|0.000000|0.000000|0.157924|0.000000|0.000000|0.000000|0.000000|0.000000|0.000000|0.661272|0.000000|0.005022|0.000000|0.000000|0.000000|0.000000,0.000000|0.043527|0.220424|0.000000|0.006696|0.041853|0.000000|0.000000|0.000000|0.000000|0.241629|0.331473|0.000000|0.046875|0.067522|0.000000|0.000000|0.000000,0.000000|0.043527|0.220424|0.000000|0.006696|0.041853|0.000000|0.000000|0.000000|0.000000|0.241629|0.331473|0.000000|0.046875|0.067522|0.000000|0.000000|0.000000
RL_LCE_Quest8_PruneQuant-20251025-164022,midtrain,wikitext,-20.0,-3.0,-5.5,9.827907123925858,9.837852488395342,1.0,0.9684151799551078,0.9249441964285714,1.0,0.9684151772941861,0.9249441964285714,0.200000|1.000000,0.000000|0.000000|0.000000|0.000000|0.000000|0.000000|0.000000|0.000000|0.000000|0.000000|0.000000|0.845982|0.000000|0.150112|0.000000|0.000000|0.000000|0.003906,0.000000|0.000000|0.000000|0.000000|0.000000|0.000000|0.000000|0.000000|0.000000|0.000000|0.137835|0.704241|0.000000|0.012277|0.145647|0.000000|0.000000|0.000000,0.000000|0.000000|0.000000|0.000000|0.000000|0.000000|0.000000|0.000000|0.000000|0.000000|0.137835|0.704241|0.000000|0.012277|0.145647|0.000000|0.000000|0.000000
RL_LCE_Quest8_PruneQuant-20251025-164022,midtrain,wikitext,-15.0,-3.0,-5.0,9.86086821255815,9.880146541150154,1.0,0.9483258942408221,0.8724888392857143,1.0,0.9483258825327668,0.8724888392857143,0.200000|1.000000,0.000000|0.000000|0.000000|0.000000|0.000000|0.000000|0.000000|0.000000|0.000000|0.000000|0.000000|0.743304|0.000000|0.255022|0.000000|0.000000|0.000000|0.001674,0.000000|0.000000|0.000000|0.000000|0.000000|0.000000|0.000000|0.000000|0.000000|0.000000|0.037388|0.704241|0.000000|0.217634|0.040737|0.000000|0.000000|0.000000,0.000000|0.000000|0.000000|0.000000|0.000000|0.000000|0.000000|0.000000|0.000000|0.000000|0.037388|0.704241|0.000000|0.217634|0.040737|0.000000|0.000000|0.000000
RL_LCE_Quest8_PruneQuant-20251025-164022,midtrain,wikitext,0.0,-4.0,-5.5,10.520296187379985,11.182404518992316,0.5080357160685318,0.9444196447730064,0.6969866071428571,0.5,0.9444196362580571,0.6969866071428571,0.200000|1.000000,0.000000|0.328125|0.034598|0.000000|0.252232|0.000000|0.000000|0.000000|0.000000|0.000000|0.000000|0.359375|0.000000|0.025670|0.000000|0.000000|0.000000|0.000000,0.000000|0.320312|0.128348|0.000000|0.135045|0.041295|0.000000|0.000000|0.000000|0.000000|0.105469|0.167969|0.000000|0.045201|0.056362|0.000000|0.000000|0.000000,0.000000|0.320312|0.128348|0.000000|0.135045|0.041295|0.000000|0.000000|0.000000|0.000000|0.105469|0.167969|0.000000|0.045201|0.056362|0.000000|0.000000|0.000000
RL_LCE_Quest8_PruneQuant-20251025-164022,midtrain,wikitext,-15.0,-2.0,-7.0,9.935088895369343,9.828249900101603,1.0,0.9513392874172756,0.9997209821428571,1.0,0.9513392725161144,0.9997209821428571,0.200000|1.000000,0.000000|0.000000|0.000000|0.000000|0.000000|0.000000|0.000000|0.000000|0.000000|0.000000|0.000000|0.877790|0.000000|0.000558|0.000558|0.000000|0.000000|0.121094,0.000000|0.000000|0.000000|0.000000|0.000000|0.000000|0.000000|0.000000|0.000000|0.000000|0.000558|0.756138|0.000000|0.000000|0.243304|0.000000|0.000000|0.000000,0.000000|0.000000|0.000000|0.000000|0.000000|0.000000|0.000000|0.000000|0.000000|0.000000|0.000558|0.756138|0.000000|0.000000|0.243304|0.000000|0.000000|0.000000
RL_LCE_Quest8_PruneQuant-20251025-164022,midtrain,wikitext,-20.0,-3.0,-5.0,9.86086821255815,9.880146541150154,1.0,0.9483258942408221,0.8724888392857143,1.0,0.9483258825327668,0.8724888392857143,0.200000|1.000000,0.000000|0.000000|0.000000|0.000000|0.000000|0.000000|0.000000|0.000000|0.000000|0.000000|0.000000|0.743304|0.000000|0.255022|0.000000|0.000000|0.000000|0.001674,0.000000|0.000000|0.000000|0.000000|0.000000|0.000000|0.000000|0.000000|0.000000|0.000000|0.037388|0.704241|0.000000|0.217634|0.040737|0.000000|0.000000|0.000000,0.000000|0.000000|0.000000|0.000000|0.000000|0.000000|0.000000|0.000000|0.000000|0.000000|0.037388|0.704241|0.000000|0.217634|0.040737|0.000000|0.000000|0.000000
RL_LCE_Quest8_PruneQuant-20251025-164022,midtrain,wikitext,-10.0,-4.0,-5.0,10.357194112717178,10.815701099946178,0.7031250014635069,0.9474330358207226,0.7686941964285714,0.7000000178813934,0.9474330262414047,0.7686941964285714,0.200000|1.000000,0.000000|0.199777|0.000000|0.000000|0.171317|0.000000|0.000000|0.000000|0.000000|0.000000|0.000000|0.537388|0.000000|0.091518|0.000000|0.000000|0.000000|0.000000,0.000000|0.126674|0.150670|0.000000|0.047991|0.049665|0.000000|0.000000|0.000000|0.000000|0.203683|0.256138|0.000000|0.084263|0.080915|0.000000|0.000000|0.000000,0.000000|0.126674|0.150670|0.000000|0.047991|0.049665|0.000000|0.000000|0.000000|0.000000|0.203683|0.256138|0.000000|0.084263|0.080915|0.000000|0.000000|0.000000
RL_LCE_Quest8_PruneQuant-20251025-164022,midtrain,wikitext,-15.0,-2.0,-6.5,9.952429430810072,9.85811723804327,1.0,0.9464285756860461,0.9818638392857143,1.0,0.9464285629136222,0.9818638392857143,0.200000|1.000000,0.000000|0.000000|0.000000|0.000000|0.000000|0.000000|0.000000|0.000000|0.000000|0.000000|0.000000|0.847656|0.000000|0.036272|0.000558|0.000000|0.000000|0.115513,0.000000|0.000000|0.000000|0.000000|0.000000|0.000000|0.000000|0.000000|0.000000|0.000000|0.023996|0.708147|0.000000|0.012277|0.255580|0.000000|0.000000|0.000000,0.000000|0.000000|0.000000|0.000000|0.000000|0.000000|0.000000|0.000000|0.000000|0.000000|0.023996|0.708147|0.000000|0.012277|0.255580|0.000000|0.000000|0.000000
RL_LCE_Quest8_PruneQuant-20251025-164022,midtrain,wikitext,-20.0,-2.0,-7.0,9.935088895369343,9.828249900101603,1.0,0.9513392874172756,0.9997209821428571,1.0,0.9513392725161144,0.9997209821428571,0.200000|1.000000,0.000000|0.000000|0.000000|0.000000|0.000000|0.000000|0.000000|0.000000|0.000000|0.000000|0.000000|0.877790|0.000000|0.000558|0.000558|0.000000|0.000000|0.121094,0.000000|0.000000|0.000000|0.000000|0.000000|0.000000|0.000000|0.000000|0.000000|0.000000|0.000558|0.756138|0.000000|0.000000|0.243304|0.000000|0.000000|0.000000,0.000000|0.000000|0.000000|0.000000|0.000000|0.000000|0.000000|0.000000|0.000000|0.000000|0.000558|0.756138|0.000000|0.000000|0.243304|0.000000|0.000000|0.000000
RL_LCE_Quest8_PruneQuant-20251025-164022,midtrain,wikitext,0.0,-4.0,-5.0,10.536820497793006,11.538981821164287,0.5075892881889429,0.9155133957309383,0.6163504464285714,0.5,0.9155134063746247,0.6163504464285714,0.200000|1.000000,0.000000|0.344866|0.018415|0.000000|0.252232|0.000000|0.000000|0.000000|0.000000|0.000000|0.000000|0.214286|0.000000|0.170201|0.000000|0.000000|0.000000|0.000000,0.000000|0.272879|0.089286|0.000000|0.206473|0.056362|0.000000|0.000000|0.000000|0.000000|0.169643|0.045759|0.000000|0.118304|0.041295|0.000000|0.000000|0.000000,0.000000|0.272879|0.089286|0.000000|0.206473|0.056362|0.000000|0.000000|0.000000|0.000000|0.169643|0.045759|0.000000|0.118304|0.041295|0.000000|0.000000|0.000000
RL_LCE_Quest8_PruneQuant-20251025-164022,midtrain,wikitext,-10.0,-3.0,-7.0,10.267995328336456,10.534983182326108,0.771428571747882,0.9424107197139945,0.8604910714285714,0.75,0.9424107096024922,0.8604910714285714,0.200000|1.000000,0.000000|0.001116|0.003906|0.000000|0.277902|0.002232|0.000000|0.000000|0.000558|0.000000|0.000000|0.710938|0.000000|0.000000|0.000000|0.000000|0.000000|0.003348,0.000000|0.027902|0.253906|0.000000|0.013951|0.016741|0.000000|0.000000|0.000000|0.000000|0.146205|0.284040|0.000000|0.090960|0.166295|0.000000|0.000000|0.000000,0.000000|0.027902|0.253906|0.000000|0.013951|0.016741|0.000000|0.000000|0.000000|0.000000|0.146205|0.284040|0.000000|0.090960|0.166295|0.000000|0.000000|0.000000
RL_LCE_Quest8_PruneQuant-20251025-164022,midtrain,wikitext,-15.0,-2.0,-6.0,9.91639505091774,9.846090745406153,1.0,0.9421875029802322,0.9204799107142857,1.0,0.9421874955296516,0.9204799107142857,0.200000|1.000000,0.000000|0.000000|0.000000|0.000000|0.000000|0.000000|0.000000|0.000000|0.000000|0.000000|0.000000|0.775670|0.000000|0.159040|0.000558|0.000000|0.000000|0.064732,0.000000|0.000000|0.000000|0.000000|0.000000|0.000000|0.000000|0.000000|0.000000|0.000000|0.106027|0.604911|0.000000|0.053013|0.236049|0.000000|0.000000|0.000000,0.000000|0.000000|0.000000|0.000000|0.000000|0.000000|0.000000|0.000000|0.000000|0.000000|0.106027|0.604911|0.000000|0.053013|0.236049|0.000000|0.000000|0.000000
RL_LCE_Quest8_PruneQuant-20251025-164022,midtrain,wikitext,-20.0,-2.0,-6.5,9.952429430810072,9.85811723804327,1.0,0.9464285756860461,0.9818638392857143,1.0,0.9464285629136222,0.9818638392857143,0.200000|1.000000,0.000000|0.000000|0.000000|0.000000|0.000000|0.000000|0.000000|0.000000|0.000000|0.000000|0.000000|0.847656|0.000000|0.036272|0.000558|0.000000|0.000000|0.115513,0.000000|0.000000|0.000000|0.000000|0.000000|0.000000|0.000000|0.000000|0.000000|0.000000|0.023996|0.708147|0.000000|0.012277|0.255580|0.000000|0.000000|0.000000,0.000000|0.000000|0.000000|0.000000|0.000000|0.000000|0.000000|0.000000|0.000000|0.000000|0.023996|0.708147|0.000000|0.012277|0.255580|0.000000|0.000000|0.000000
RL_LCE_Quest8_PruneQuant-20251025-164022,midtrain,wikitext,-15.0,-2.0,-5.5,9.864308010274193,9.882214310483949,1.0,0.9369419696075576,0.8621651785714286,1.0,0.9369419632213456,0.8621651785714286,0.200000|1.000000,0.000000|0.000000|0.000000|0.000000|0.000000|0.000000|0.000000|0.000000|0.000000|0.000000|0.000000|0.704241|0.000000|0.275670|0.000558|0.000000|0.000000|0.019531,0.000000|0.000000|0.000000|0.000000|0.000000|0.000000|0.000000|0.000000|0.000000|0.000000|0.205357|0.479353|0.000000|0.070312|0.244978|0.000000|0.000000|0.000000,0.000000|0.000000|0.000000|0.000000|0.000000|0.000000|0.000000|0.000000|0.000000|0.000000|0.205357|0.479353|0.000000|0.070312|0.244978|0.000000|0.000000|0.000000
RL_LCE_Quest8_PruneQuant-20251025-164022,midtrain,wikitext,0.0,-3.0,-7.0,10.62650130862887,11.49319386480978,0.5062500020223004,0.8989955431648663,0.7555803571428571,0.5,0.8989955165556499,0.7555803571428571,0.200000|1.000000,0.000000|0.001674|0.123884|0.000000|0.487165|0.003348|0.000000|0.000000|0.001116|0.000000|0.000000|0.376674|0.000000|0.000000|0.000000|0.000000|0.000000|0.006138,0.000000|0.034598|0.272879|0.000000|0.270647|0.046875|0.000000|0.000000|0.000000|0.000000|0.021763|0.165737|0.000000|0.161830|0.025670|0.000000|0.000000|0.000000,0.000000|0.034598|0.272879|0.000000|0.270647|0.046875|0.000000|0.000000|0.000000|0.000000|0.021763|0.165737|0.000000|0.161830|0.025670|0.000000|0.000000|0.000000
RL_LCE_Quest8_PruneQuant-20251025-164022,midtrain,wikitext,-10.0,-3.0,-6.5,10.301713780561123,10.558525034400436,0.752232143123235,0.936607147433928,0.8440290178571429,0.75,0.9366071415799004,0.8440290178571429,0.200000|1.000000,0.000000|0.001674|0.000000|0.000000|0.308036|0.000000|0.000000|0.000000|0.000000|0.000000|0.000000|0.684710|0.000000|0.002232|0.000000|0.000000|0.000000|0.003348,0.000000|0.000558|0.303571|0.000000|0.000000|0.008371|0.000000|0.000000|0.000000|0.000000|0.245536|0.133371|0.000000|0.065848|0.242746|0.000000|0.000000|0.000000,0.000000|0.000558|0.303571|0.000000|0.000000|0.008371|0.000000|0.000000|0.000000|0.000000|0.245536|0.133371|0.000000|0.065848|0.242746|0.000000|0.000000|0.000000
RL_LCE_Quest8_PruneQuant-20251025-164022,midtrain,wikitext,-20.0,-2.0,-6.0,9.91639505091774,9.846090745406153,1.0,0.9421875029802322,0.9204799107142857,1.0,0.9421874955296516,0.9204799107142857,0.200000|1.000000,0.000000|0.000000|0.000000|0.000000|0.000000|0.000000|0.000000|0.000000|0.000000|0.000000|0.000000|0.775670|0.000000|0.159040|0.000558|0.000000|0.000000|0.064732,0.000000|0.000000|0.000000|0.000000|0.000000|0.000000|0.000000|0.000000|0.000000|0.000000|0.106027|0.604911|0.000000|0.053013|0.236049|0.000000|0.000000|0.000000,0.000000|0.000000|0.000000|0.000000|0.000000|0.000000|0.000000|0.000000|0.000000|0.000000|0.106027|0.604911|0.000000|0.053013|0.236049|0.000000|0.000000|0.000000
RL_LCE_Quest8_PruneQuant-20251025-164022,midtrain,wikitext,-15.0,-2.0,-5.0,9.884282512571449,9.82653613876746,1.0,0.9327008958373751,0.8387276785714286,1.0,0.9327008857258728,0.8387276785714286,0.200000|1.000000,0.000000|0.000000|0.000000|0.000000|0.000000|0.000000|0.000000|0.000000|0.000000|0.000000|0.000000|0.670201|0.000000|0.322545|0.000558|0.000000|0.000000|0.006696,0.000000|0.000000|0.000000|0.000000|0.000000|0.000000|0.000000|0.000000|0.000000|0.000000|0.242746|0.420759|0.000000|0.079799|0.256696|0.000000|0.000000|0.000000,0.000000|0.000000|0.000000|0.000000|0.000000|0.000000|0.000000|0.000000|0.000000|0.000000|0.242746|0.420759|0.000000|0.079799|0.256696|0.000000|0.000000|0.000000
RL_LCE_Quest8_PruneQuant-20251025-164022,midtrain,wikitext,-20.0,-2.0,-5.5,9.864308010274193,9.882214310483949,1.0,0.9369419696075576,0.8621651785714286,1.0,0.9369419632213456,0.8621651785714286,0.200000|1.000000,0.000000|0.000000|0.000000|0.000000|0.000000|0.000000|0.000000|0.000000|0.000000|0.000000|0.000000|0.704241|0.000000|0.275670|0.000558|0.000000|0.000000|0.019531,0.000000|0.000000|0.000000|0.000000|0.000000|0.000000|0.000000|0.000000|0.000000|0.000000|0.205357|0.479353|0.000000|0.070312|0.244978|0.000000|0.000000|0.000000,0.000000|0.000000|0.000000|0.000000|0.000000|0.000000|0.000000|0.000000|0.000000|0.000000|0.205357|0.479353|0.000000|0.070312|0.244978|0.000000|0.000000|0.000000
RL_LCE_Quest8_PruneQuant-20251025-164022,midtrain,wikitext,0.0,-3.0,-6.5,10.669580656745564,11.528522922548245,0.5058035730783429,0.8905134025428977,0.7301897321428571,0.5,0.8905134121222156,0.7301897321428571,0.200000|1.000000,0.000000|0.005022|0.085379|0.000000|0.526228|0.000558|0.000000|0.000000|0.000558|0.000000|0.000000|0.368304|0.000000|0.008371|0.000000|0.000000|0.000000|0.005580,0.000000|0.140067|0.143973|0.000000|0.195871|0.145089|0.000000|0.000000|0.000000|0.000000|0.088728|0.079799|0.000000|0.114955|0.091518|0.000000|0.000000|0.000000,0.000000|0.140067|0.143973|0.000000|0.195871|0.145089|0.000000|0.000000|0.000000|0.000000|0.088728|0.079799|0.000000|0.114955|0.091518|0.000000|0.000000|0.000000
RL_LCE_Quest8_PruneQuant-20251025-164022,midtrain,wikitext,-15.0,-1.0,-7.0,10.2554688014924,9.900843719277066,1.0,0.8482142952936036,1.0,1.0,0.8482143048729215,1.0,0.200000|1.000000,0.000000|0.000000|0.000000|0.000000|0.000000|0.000000|0.000000|0.000000|0.000000|0.000000|0.000000|0.598214|0.000000|0.000000|0.044643|0.000000|0.000000|0.357143,0.000000|0.000000|0.000000|0.000000|0.000000|0.000000|0.000000|0.000000|0.000000|0.000000|0.000000|0.241071|0.000000|0.000000|0.758929|0.000000|0.000000|0.000000,0.000000|0.000000|0.000000|0.000000|0.000000|0.000000|0.000000|0.000000|0.000000|0.000000|0.000000|0.241071|0.000000|0.000000|0.758929|0.000000|0.000000|0.000000
RL_LCE_Quest8_PruneQuant-20251025-164022,midtrain,wikitext,-10.0,-3.0,-6.0,10.383235374896005,10.505629667817335,0.7272321431498442,0.9261160769632885,0.8169642857142857,0.75,0.9261160546115467,0.8169642857142857,0.200000|1.000000,0.000000|0.003348|0.000000|0.000000|0.337612|0.000000|0.000000|0.000000|0.000000|0.000000|0.000000|0.630580|0.000000|0.025112|0.000000|0.000000|0.000000|0.003348,0.000000|0.100446|0.105469|0.000000|0.000000|0.106585|0.000000|0.000000|0.000000|0.000000|0.238281|0.186384|0.000000|0.027344|0.235491|0.000000|0.000000|0.000000,0.000000|0.100446|0.105469|0.000000|0.000000|0.106585|0.000000|0.000000|0.000000|0.000000|0.238281|0.186384|0.000000|0.027344|0.235491|0.000000|0.000000|0.000000
RL_LCE_Quest8_PruneQuant-20251025-164022,midtrain,wikitext,-15.0,-1.0,-6.5,10.267637215324779,9.891869624137817,1.0,0.8491071531815189,0.9977678571428571,1.0,0.8491071643573898,0.9977678571428571,0.200000|1.000000,0.000000|0.000000|0.000000|0.000000|0.000000|0.000000|0.000000|0.000000|0.000000|0.000000|0.000000|0.597656|0.000000|0.004464|0.045759|0.000000|0.000000|0.352121,0.000000|0.000000|0.000000|0.000000|0.000000|0.000000|0.000000|0.000000|0.000000|0.000000|0.001116|0.244420|0.000000|0.003348|0.751116|0.000000|0.000000|0.000000,0.000000|0.000000|0.000000|0.000000|0.000000|0.000000|0.000000|0.000000|0.000000|0.000000|0.001116|0.244420|0.000000|0.003348|0.751116|0.000000|0.000000|0.000000
RL_LCE_Quest8_PruneQuant-20251025-164022,midtrain,wikitext,-20.0,-2.0,-5.0,9.884282512571449,9.82653613876746,1.0,0.9327008958373751,0.8387276785714286,1.0,0.9327008857258728,0.8387276785714286,0.200000|1.000000,0.000000|0.000000|0.000000|0.000000|0.000000|0.000000|0.000000|0.000000|0.000000|0.000000|0.000000|0.670201|0.000000|0.322545|0.000558|0.000000|0.000000|0.006696,0.000000|0.000000|0.000000|0.000000|0.000000|0.000000|0.000000|0.000000|0.000000|0.000000|0.242746|0.420759|0.000000|0.079799|0.256696|0.000000|0.000000|0.000000,0.000000|0.000000|0.000000|0.000000|0.000000|0.000000|0.000000|0.000000|0.000000|0.000000|0.242746|0.420759|0.000000|0.079799|0.256696|0.000000|0.000000|0.000000
RL_LCE_Quest8_PruneQuant-20251025-164022,midtrain,wikitext,0.0,-3.0,-6.0,10.693423285174019,11.503620712222423,0.5053571447996157,0.8742187608565603,0.681640625,0.5,0.8742187507450581,0.681640625,0.200000|1.000000,0.000000|0.016741|0.057478|0.000000|0.544085|0.000000|0.000000|0.000000|0.000000|0.000000|0.000000|0.301339|0.000000|0.075893|0.000000|0.000000|0.000000|0.004464,0.000000|0.343750|0.019531|0.000000|0.144531|0.117188|0.000000|0.000000|0.000000|0.000000|0.003906|0.003906|0.000000|0.144531|0.222656|0.000000|0.000000|0.000000,0.000000|0.343750|0.019531|0.000000|0.144531|0.117188|0.000000|0.000000|0.000000|0.000000|0.003906|0.003906|0.000000|0.144531|0.222656|0.000000|0.000000|0.000000
RL_LCE_Quest8_PruneQuant-20251025-164022,midtrain,wikitext,-10.0,-3.0,-5.5,10.469052761484296,10.960763994383354,0.698214287470494,0.8911830405039447,0.7290736607142857,0.7000000178813934,0.8911830516798156,0.7290736607142857,0.200000|1.000000,0.000000|0.004464|0.000000|0.000000|0.372768|0.000000|0.000000|0.000000|0.000000|0.000000|0.000000|0.454799|0.000000|0.164621|0.000000|0.000000|0.000000|0.003348,0.000000|0.083705|0.089844|0.000000|0.119420|0.082031|0.000000|0.000000|0.000000|0.000000|0.137277|0.145089|0.000000|0.201451|0.141183|0.000000|0.000000|0.000000,0.000000|0.083705|0.089844|0.000000|0.119420|0.082031|0.000000|0.000000|0.000000|0.000000|0.137277|0.145089|0.000000|0.201451|0.141183|0.000000|0.000000|0.000000
RL_LCE_Quest8_PruneQuant-20251025-164022,midtrain,wikitext,-15.0,-1.0,-6.0,10.211924260021886,9.91189993668743,1.0,0.8556919736521584,0.9740513392857143,1.0,0.8556919763130801,0.9740513392857143,0.200000|1.000000,0.000000|0.000000|0.000000|0.000000|0.000000|0.000000|0.000000|0.000000|0.000000|0.000000|0.000000|0.593750|0.000000|0.048549|0.042411|0.000000|0.003348|0.311942,0.000000|0.000000|0.000000|0.000000|0.000000|0.000000|0.000000|0.000000|0.000000|0.000000|0.012835|0.265625|0.000000|0.039062|0.682478|0.000000|0.000000|0.000000,0.000000|0.000000|0.000000|0.000000|0.000000|0.000000|0.000000|0.000000|0.000000|0.000000|0.012835|0.265625|0.000000|0.039062|0.682478|0.000000|0.000000|0.000000
RL_LCE_Quest8_PruneQuant-20251025-164022,midtrain,wikitext,-20.0,-1.0,-7.0,10.2554688014924,9.900843719277066,1.0,0.8482142952936036,1.0,1.0,0.8482143048729215,1.0,0.200000|1.000000,0.000000|0.000000|0.000000|0.000000|0.000000|0.000000|0.000000|0.000000|0.000000|0.000000|0.000000|0.598214|0.000000|0.000000|0.044643|0.000000|0.000000|0.357143,0.000000|0.000000|0.000000|0.000000|0.000000|0.000000|0.000000|0.000000|0.000000|0.000000|0.000000|0.241071|0.000000|0.000000|0.758929|0.000000|0.000000|0.000000,0.000000|0.000000|0.000000|0.000000|0.000000|0.000000|0.000000|0.000000|0.000000|0.000000|0.000000|0.241071|0.000000|0.000000|0.758929|0.000000|0.000000|0.000000
RL_LCE_Quest8_PruneQuant-20251025-164022,midtrain,wikitext,-15.0,-1.0,-5.5,10.179209717674162,9.89842681614754,1.0,0.872209830475705,0.896484375,1.0,0.8722098208963871,0.896484375,0.200000|1.000000,0.000000|0.000000|0.000000|0.000000|0.000000|0.000000|0.000000|0.000000|0.000000|0.000000|0.000000|0.574219|0.000000|0.169085|0.043527|0.000000|0.037946|0.175223,0.000000|0.000000|0.000000|0.000000|0.000000|0.000000|0.000000|0.000000|0.000000|0.000000|0.064174|0.296875|0.000000|0.142857|0.496094|0.000000|0.000000|0.000000,0.000000|0.000000|0.000000|0.000000|0.000000|0.000000|0.000000|0.000000|0.000000|0.000000|0.064174|0.296875|0.000000|0.142857|0.496094|0.000000|0.000000|0.000000
RL_LCE_Quest8_PruneQuant-20251025-164022,midtrain,wikitext,0.0,-3.0,-5.5,10.717319193196925,11.598698077820114,0.5062500021553465,0.8348214402794838,0.5747767857142857,0.5,0.8348214317645345,0.5747767857142857,0.200000|1.000000,0.000000|0.032366|0.036830|0.000000|0.547991|0.000000|0.000000|0.000000|0.000000|0.000000|0.000000|0.108817|0.000000|0.270089|0.000000|0.000000|0.000000|0.003906,0.000000|0.104911|0.009487|0.000000|0.415737|0.094866|0.000000|0.000000|0.000000|0.000000|0.055804|0.003906|0.000000|0.273996|0.041295|0.000000|0.000000|0.000000,0.000000|0.104911|0.009487|0.000000|0.415737|0.094866|0.000000|0.000000|0.000000|0.000000|0.055804|0.003906|0.000000|0.273996|0.041295|0.000000|0.000000|0.000000
RL_LCE_Quest8_PruneQuant-20251025-164022,midtrain,wikitext,-20.0,-1.0,-6.5,10.267637215324779,9.891869624137817,1.0,0.8491071531815189,0.9977678571428571,1.0,0.8491071643573898,0.9977678571428571,0.200000|1.000000,0.000000|0.000000|0.000000|0.000000|0.000000|0.000000|0.000000|0.000000|0.000000|0.000000|0.000000|0.597656|0.000000|0.004464|0.045759|0.000000|0.000000|0.352121,0.000000|0.000000|0.000000|0.000000|0.000000|0.000000|0.000000|0.000000|0.000000|0.000000|0.001116|0.244420|0.000000|0.003348|0.751116|0.000000|0.000000|0.000000,0.000000|0.000000|0.000000|0.000000|0.000000|0.000000|0.000000|0.000000|0.000000|0.000000|0.001116|0.244420|0.000000|0.003348|0.751116|0.000000|0.000000|0.000000
RL_LCE_Quest8_PruneQuant-20251025-164022,midtrain,wikitext,-10.0,-3.0,-5.0,10.543805219367517,11.089192464259067,0.6758928587660193,0.8613839372992516,0.6531808035714286,0.7000000178813934,0.8613839277199337,0.6531808035714286,0.200000|1.000000,0.000000|0.003906|0.000000|0.000000|0.401228|0.000000|0.000000|0.000000|0.000000|0.000000|0.000000|0.304688|0.000000|0.288504|0.000000|0.000000|0.000000|0.001674,0.000000|0.090960|0.025670|0.000000|0.173549|0.084821|0.000000|0.000000|0.000000|0.000000|0.147879|0.042411|0.000000|0.281250|0.153460|0.000000|0.000000|0.000000,0.000000|0.090960|0.025670|0.000000|0.173549|0.084821|0.000000|0.000000|0.000000|0.000000|0.147879|0.042411|0.000000|0.281250|0.153460|0.000000|0.000000|0.000000
RL_LCE_Quest8_PruneQuant-20251025-164022,midtrain,wikitext,-15.0,-1.0,-5.0,10.07501497062745,9.929546307565925,0.9977678566106728,0.884598220033305,0.8200334821428571,1.0,0.8845982402563095,0.8200334821428571,0.200000|1.000000,0.000000|0.000000|0.000000|0.000000|0.002790|0.000000|0.000000|0.000000|0.000000|0.000000|0.000000|0.538504|0.000000|0.295759|0.047433|0.000000|0.061384|0.054129,0.000000|0.000000|0.000000|0.000000|0.000000|0.000000|0.000000|0.000000|0.000000|0.000000|0.141183|0.281808|0.000000|0.218750|0.358259|0.000000|0.000000|0.000000,0.000000|0.000000|0.000000|0.000000|0.000000|0.000000|0.000000|0.000000|0.000000|0.000000|0.141183|0.281808|0.000000|0.218750|0.358259|0.000000|0.000000|0.000000
RL_LCE_Quest8_PruneQuant-20251025-164022,midtrain,wikitext,-20.0,-1.0,-6.0,10.211924260021886,9.91189993668743,1.0,0.8556919736521584,0.9740513392857143,1.0,0.8556919763130801,0.9740513392857143,0.200000|1.000000,0.000000|0.000000|0.000000|0.000000|0.000000|0.000000|0.000000|0.000000|0.000000|0.000000|0.000000|0.593750|0.000000|0.048549|0.042411|0.000000|0.003348|0.311942,0.000000|0.000000|0.000000|0.000000|0.000000|0.000000|0.000000|0.000000|0.000000|0.000000|0.012835|0.265625|0.000000|0.039062|0.682478|0.000000|0.000000|0.000000,0.000000|0.000000|0.000000|0.000000|0.000000|0.000000|0.000000|0.000000|0.000000|0.000000|0.012835|0.265625|0.000000|0.039062|0.682478|0.000000|0.000000|0.000000
RL_LCE_Quest8_PruneQuant-20251025-164022,midtrain,wikitext,0.0,-3.0,-5.0,10.62131385385828,11.68151657241709,0.5058035744088036,0.8171875109629971,0.5223214285714286,0.5,0.8171875178813934,0.5223214285714286,0.200000|1.000000,0.000000|0.045759|0.018973|0.000000|0.553013|0.000000|0.000000|0.000000|0.000000|0.000000|0.000000|0.023438|0.000000|0.356585|0.000000|0.000000|0.000000|0.002232,0.000000|0.058594|0.000000|0.000000|0.538504|0.027902|0.000000|0.000000|0.000000|0.000000|0.027344|0.000000|0.000000|0.330915|0.016741|0.000000|0.000000|0.000000,0.000000|0.058594|0.000000|0.000000|0.538504|0.027902|0.000000|0.000000|0.000000|0.000000|0.027344|0.000000|0.000000|0.330915|0.016741|0.000000|0.000000|0.000000
RL_LCE_Quest8_PruneQuant-20251025-164022,midtrain,wikitext,-15.0,0.0,-7.0,10.813815155801983,10.78330863613677,1.0,0.6808035948446819,1.0,1.0,0.6808035948446819,1.0,0.200000|1.000000,0.000000|0.000000|0.000000|0.000000|0.000000|0.000000|0.000000|0.000000|0.000000|0.000000|0.000000|0.068080|0.000000|0.000000|0.267857|0.000000|0.000000|0.664062,0.000000|0.000000|0.000000|0.000000|0.000000|0.000000|0.000000|0.000000|0.000000|0.000000|0.000000|0.000000|0.000000|0.000000|0.404018|0.000000|0.000000|0.595982,0.000000|0.000000|0.000000|0.000000|0.000000|0.000000|0.000000|0.000000|0.000000|0.000000|0.000000|0.000000|0.000000|0.000000|0.404018|0.000000|0.000000|0.595982
RL_LCE_Quest8_PruneQuant-20251025-164022,midtrain,wikitext,-10.0,-2.0,-7.0,10.558525034400436,10.67814297568419,0.7419642861932516,0.8813616138483796,0.8479352678571429,0.75,0.8813616239598819,0.8479352678571429,0.200000|1.000000,0.000000|0.000000|0.000000|0.000000|0.304129|0.001116|0.000000|0.000000|0.017299|0.000000|0.000000|0.550781|0.000000|0.000000|0.000000|0.000000|0.000000|0.126674,0.000000|0.001674|0.126116|0.000000|0.009487|0.175223|0.000000|0.000000|0.000000|0.000000|0.108817|0.170201|0.000000|0.184152|0.224330|0.000000|0.000000|0.000000,0.000000|0.001674|0.126116|0.000000|0.009487|0.175223|0.000000|0.000000|0.000000|0.000000|0.108817|0.170201|0.000000|0.184152|0.224330|0.000000|0.000000|0.000000
RL_LCE_Quest8_PruneQuant-20251025-164022,midtrain,wikitext,-20.0,-1.0,-5.5,10.179209717674162,9.89842681614754,1.0,0.872209830475705,0.896484375,1.0,0.8722098208963871,0.896484375,0.200000|1.000000,0.000000|0.000000|0.000000|0.000000|0.000000|0.000000|0.000000|0.000000|0.000000|0.000000|0.000000|0.574219|0.000000|0.169085|0.043527|0.000000|0.037946|0.175223,0.000000|0.000000|0.000000|0.000000|0.000000|0.000000|0.000000|0.000000|0.000000|0.000000|0.064174|0.296875|0.000000|0.142857|0.496094|0.000000|0.000000|0.000000,0.000000|0.000000|0.000000|0.000000|0.000000|0.000000|0.000000|0.000000|0.000000|0.000000|0.064174|0.296875|0.000000|0.142857|0.496094|0.000000|0.000000|0.000000
RL_LCE_Quest8_PruneQuant-20251025-164022,midtrain,wikitext,-15.0,0.0,-6.5,10.813815155801983,10.78330863613677,1.0,0.6808035948446819,1.0,1.0,0.6808035948446819,1.0,0.200000|1.000000,0.000000|0.000000|0.000000|0.000000|0.000000|0.000000|0.000000|0.000000|0.000000|0.000000|0.000000|0.068080|0.000000|0.000000|0.267857|0.000000|0.000000|0.664062,0.000000|0.000000|0.000000|0.000000|0.000000|0.000000|0.000000|0.000000|0.000000|0.000000|0.000000|0.000000|0.000000|0.000000|0.404018|0.000000|0.000000|0.595982,0.000000|0.000000|0.000000|0.000000|0.000000|0.000000|0.000000|0.000000|0.000000|0.000000|0.000000|0.000000|0.000000|0.000000|0.404018|0.000000|0.000000|0.595982
RL_LCE_Quest8_PruneQuant-20251025-164022,midtrain,wikitext,0.0,-2.0,-7.0,11.084552311262724,11.716607203278095,0.5062500017562083,0.7880580467837197,0.7522321428571429,0.5,0.7880580590239593,0.7522321428571429,0.200000|1.000000,0.000000|0.000000|0.065848|0.000000|0.493862|0.007254|0.000000|0.000000|0.050223|0.000000|0.000000|0.152902|0.000000|0.001674|0.000000|0.000000|0.000000|0.228237,0.000000|0.000000|0.000000|0.000000|0.282366|0.305246|0.000000|0.025112|0.012277|0.000000|0.000000|0.000000|0.000000|0.183594|0.169085|0.000000|0.004464|0.017857,0.000000|0.000000|0.000000|0.000000|0.282366|0.305246|0.000000|0.025112|0.012277|0.000000|0.000000|0.000000|0.000000|0.183594|0.169085|0.000000|0.004464|0.017857
RL_LCE_Quest8_PruneQuant-20251025-164022,midtrain,wikitext,-10.0,-2.0,-6.5,10.495375271689163,11.038257436565955,0.7129464302478092,0.8724330434841769,0.8005022321428571,0.7000000178813934,0.8724330349692276,0.8005022321428571,0.200000|1.000000,0.000000|0.000000|0.000000|0.000000|0.356027|0.000000|0.000000|0.000000|0.002790|0.000000|0.000000|0.481585|0.000000|0.042969|0.000000|0.000000|0.000000|0.116629,0.000000|0.082031|0.068080|0.000000|0.135045|0.089844|0.000000|0.000000|0.000000|0.000000|0.060268|0.151786|0.000000|0.121652|0.291295|0.000000|0.000000|0.000000,0.000000|0.082031|0.068080|0.000000|0.135045|0.089844|0.000000|0.000000|0.000000|0.000000|0.060268|0.151786|0.000000|0.121652|0.291295|0.000000|0.000000|0.000000
RL_LCE_Quest8_PruneQuant-20251025-164022,midtrain,wikitext,-20.0,-1.0,-5.0,10.058864052721178,9.948958904140634,1.0,0.8850446487111705,0.8214285714285714,1.0,0.8850446694663593,0.8214285714285714,0.200000|1.000000,0.000000|0.000000|0.000000|0.000000|0.000000|0.000000|0.000000|0.000000|0.000000|0.000000|0.000000|0.540737|0.000000|0.295759|0.047991|0.000000|0.061384|0.054129,0.000000|0.000000|0.000000|0.000000|0.000000|0.000000|0.000000|0.000000|0.000000|0.000000|0.151228|0.273996|0.000000|0.205915|0.368862|0.000000|0.000000|0.000000,0.000000|0.000000|0.000000|0.000000|0.000000|0.000000|0.000000|0.000000|0.000000|0.000000|0.151228|0.273996|0.000000|0.205915|0.368862|0.000000|0.000000|0.000000
RL_LCE_Quest8_PruneQuant-20251025-164022,midtrain,wikitext,-15.0,0.0,-6.0,10.788198940156157,10.777292843469333,1.0,0.681138416486127,0.9952566964285714,1.0,0.6811384143573898,0.9952566964285714,0.200000|1.000000,0.000000|0.000000|0.000000|0.000000|0.000000|0.000000|0.000000|0.000000|0.000000|0.000000|0.000000|0.068638|0.000000|0.002232|0.266183|0.000000|0.007254|0.655692,0.000000|0.000000|0.000000|0.000000|0.000000|0.000000|0.000000|0.000000|0.000000|0.000000|0.000000|0.000000|0.000000|0.003906|0.401786|0.000000|0.005580|0.588728,0.000000|0.000000|0.000000|0.000000|0.000000|0.000000|0.000000|0.000000|0.000000|0.000000|0.000000|0.000000|0.000000|0.003906|0.401786|0.000000|0.005580|0.588728
RL_LCE_Quest8_PruneQuant-20251025-164022,midtrain,wikitext,-15.0,0.0,-5.5,10.777292843469333,10.84440797993769,1.0,0.6861607357859612,0.9388950892857143,1.0,0.686160717691694,0.9388950892857143,0.200000|1.000000,0.000000|0.000000|0.000000|0.000000|0.000000|0.000000|0.000000|0.000000|0.000000|0.000000|0.000000|0.069196|0.000000|0.019531|0.272879|0.000000|0.102679|0.535714,0.000000|0.000000|0.000000|0.000000|0.000000|0.000000|0.000000|0.000000|0.000000|0.000000|0.000000|0.000000|0.000000|0.047991|0.382812|0.000000|0.074219|0.494978,0.000000|0.000000|0.000000|0.000000|0.000000|0.000000|0.000000|0.000000|0.000000|0.000000|0.000000|0.000000|0.000000|0.047991|0.382812|0.000000|0.074219|0.494978
RL_LCE_Quest8_PruneQuant-20251025-164022,midtrain,wikitext,-20.0,0.0,-7.0,10.813815155801983,10.78330863613677,1.0,0.6808035948446819,1.0,1.0,0.6808035948446819,1.0,0.200000|1.000000,0.000000|0.000000|0.000000|0.000000|0.000000|0.000000|0.000000|0.000000|0.000000|0.000000|0.000000|0.068080|0.000000|0.000000|0.267857|0.000000|0.000000|0.664062,0.000000|0.000000|0.000000|0.000000|0.000000|0.000000|0.000000|0.000000|0.000000|0.000000|0.000000|0.000000|0.000000|0.000000|0.404018|0.000000|0.000000|0.595982,0.000000|0.000000|0.000000|0.000000|0.000000|0.000000|0.000000|0.000000|0.000000|0.000000|0.000000|0.000000|0.000000|0.000000|0.404018|0.000000|0.000000|0.595982
RL_LCE_Quest8_PruneQuant-20251025-164022,midtrain,wikitext,0.0,-2.0,-6.5,11.02517574292411,11.348998070292385,0.5062500018892544,0.7930803708732128,0.6908482142857143,0.5,0.7930803756628718,0.6908482142857143,0.200000|1.000000,0.000000|0.000000|0.055804|0.000000|0.549665|0.003348|0.000000|0.000000|0.008371|0.000000|0.000000|0.116071|0.000000|0.068638|0.000000|0.000000|0.000000|0.198103,0.000000|0.000000|0.000000|0.000000|0.467076|0.136161|0.000000|0.016741|0.005022|0.000000|0.000000|0.000000|0.000000|0.128906|0.233259|0.000000|0.005580|0.007254,0.000000|0.000000|0.000000|0.000000|0.467076|0.136161|0.000000|0.016741|0.005022|0.000000|0.000000|0.000000|0.000000|0.128906|0.233259|0.000000|0.005580|0.007254
RL_LCE_Quest8_PruneQuant-20251025-164022,midtrain,wikitext,-10.0,-2.0,-6.0,10.565892646295023,11.10157570413907,0.6892857164410608,0.8585937592600074,0.7145647321428571,0.7000000178813934,0.8585937581956387,0.7145647321428571,0.200000|1.000000,0.000000|0.000000|0.000000|0.000000|0.387277|0.000000|0.000000|0.000000|0.001116|0.000000|0.000000|0.361049|0.000000|0.183594|0.000000|0.000000|0.000000|0.066964,0.000000|0.075893|0.053013|0.000000|0.134487|0.111607|0.000000|0.000000|0.000000|0.000000|0.089844|0.074219|0.000000|0.270647|0.190290|0.000000|0.000000|0.000000,0.000000|0.075893|0.053013|0.000000|0.134487|0.111607|0.000000|0.000000|0.000000|0.000000|0.089844|0.074219|0.000000|0.270647|0.190290|0.000000|0.000000|0.000000
RL_LCE_Quest8_PruneQuant-20251025-164022,midtrain,wikitext,-15.0,0.0,-5.0,10.768651020745017,10.50123370037979,0.9852678568235466,0.6983259133994579,0.8563058035714286,1.0,0.6983259341546467,0.8563058035714286,0.200000|1.000000,0.000000|0.000000|0.000000|0.000000|0.018415|0.000000|0.000000|0.000000|0.000000|0.000000|0.000000|0.072545|0.000000|0.064174|0.263951|0.000000|0.204799|0.376116,0.000000|0.000000|0.000000|0.000000|0.000000|0.000000|0.000000|0.000000|0.000000|0.000000|0.000000|0.000000|0.000000|0.146763|0.344866|0.000000|0.140625|0.367746,0.000000|0.000000|0.000000|0.000000|0.000000|0.000000|0.000000|0.000000|0.000000|0.000000|0.000000|0.000000|0.000000|0.146763|0.344866|0.000000|0.140625|0.367746
RL_LCE_Quest8_PruneQuant-20251025-164022,midtrain,wikitext,-20.0,0.0,-6.5,10.813815155801983,10.78330863613677,1.0,0.6808035948446819,1.0,1.0,0.6808035948446819,1.0,0.200000|1.000000,0.000000|0.000000|0.000000|0.000000|0.000000|0.000000|0.000000|0.000000|0.000000|0.000000|0.000000|0.068080|0.000000|0.000000|0.267857|0.000000|0.000000|0.664062,0.000000|0.000000|0.000000|0.000000|0.000000|0.000000|0.000000|0.000000|0.000000|0.000000|0.000000|0.000000|0.000000|0.000000|0.404018|0.000000|0.000000|0.595982,0.000000|0.000000|0.000000|0.000000|0.000000|0.000000|0.000000|0.000000|0.000000|0.000000|0.000000|0.000000|0.000000|0.000000|0.404018|0.000000|0.000000|0.595982
RL_LCE_Quest8_PruneQuant-20251025-164022,midtrain,wikitext,0.0,-2.0,-6.0,10.818719294736121,11.324483643003438,0.5062500024214387,0.7945312596857548,0.5887276785714286,0.5,0.7945312671363354,0.5887276785714286,0.200000|1.000000,0.000000|0.000558|0.038504|0.000000|0.576451|0.001116|0.000000|0.000000|0.000558|0.000000|0.000000|0.035714|0.000000|0.245536|0.000000|0.000000|0.000000|0.101562,0.000000|0.000000|0.000000|0.000000|0.485491|0.112165|0.000000|0.026228|0.001116|0.000000|0.000000|0.000000|0.000000|0.310826|0.064174|0.000000|0.000000|0.000000,0.000000|0.000000|0.000000|0.000000|0.485491|0.112165|0.000000|0.026228|0.001116|0.000000|0.000000|0.000000|0.000000|0.310826|0.064174|0.000000|0.000000|0.000000
RL_LCE_Quest8_PruneQuant-20251025-164022,midtrain,wikitext,-10.0,-2.0,-5.5,10.514427124108327,11.100801346680859,0.6691964304606829,0.8465401881507465,0.6353236607142857,0.6499999761581421,0.8465401934725898,0.6353236607142857,0.200000|1.000000,0.000000|0.000000|0.000000|0.000000|0.413504|0.000000|0.000000|0.000000|0.000000|0.000000|0.000000|0.251674|0.000000|0.315848|0.000000|0.000000|0.000000|0.018973,0.000000|0.033482|0.071429|0.000000|0.283482|0.049107|0.000000|0.000000|0.000000|0.000000|0.040737|0.087054|0.000000|0.371652|0.063058|0.000000|0.000000|0.000000,0.000000|0.033482|0.071429|0.000000|0.283482|0.049107|0.000000|0.000000|0.000000|0.000000|0.040737|0.087054|0.000000|0.371652|0.063058|0.000000|0.000000|0.000000
RL_LCE_Quest8_PruneQuant-20251025-164022,midtrain,wikitext,-15.0,3.0,-7.0,11.39421156224443,11.473168790839104,0.9794642840112958,0.6000000238418579,1.0,1.0,0.6000000238418579,1.0,0.200000|1.000000,0.000000|0.000000|0.000000|0.000000|0.000000|0.000000|0.000000|0.000000|0.025670|0.000000|0.000000|0.000000|0.000000|0.000000|0.000000|0.000000|0.000000|0.974330,0.000000|0.000000|0.000000|0.000000|0.000000|0.000000|0.000000|0.000000|0.000000|0.000000|0.000000|0.000000|0.000000|0.000000|0.000000|0.000000|0.000000|1.000000,0.000000|0.000000|0.000000|0.000000|0.000000|0.000000|0.000000|0.000000|0.000000|0.000000|0.000000|0.000000|0.000000|0.000000|0.000000|0.000000|0.000000|1.000000
RL_LCE_Quest8_PruneQuant-20251025-164022,midtrain,wikitext,-20.0,0.0,-6.0,10.788198940156157,10.777292843469333,1.0,0.681138416486127,0.9952566964285714,1.0,0.6811384143573898,0.9952566964285714,0.200000|1.000000,0.000000|0.000000|0.000000|0.000000|0.000000|0.000000|0.000000|0.000000|0.000000|0.000000|0.000000|0.068638|0.000000|0.002232|0.266183|0.000000|0.007254|0.655692,0.000000|0.000000|0.000000|0.000000|0.000000|0.000000|0.000000|0.000000|0.000000|0.000000|0.000000|0.000000|0.000000|0.003906|0.401786|0.000000|0.005580|0.588728,0.000000|0.000000|0.000000|0.000000|0.000000|0.000000|0.000000|0.000000|0.000000|0.000000|0.000000|0.000000|0.000000|0.003906|0.401786|0.000000|0.005580|0.588728
RL_LCE_Quest8_PruneQuant-20251025-164022,midtrain,wikitext,-15.0,3.0,-6.5,11.39421156224443,11.473168790839104,0.9794642840112958,0.6000000238418579,1.0,1.0,0.6000000238418579,1.0,0.200000|1.000000,0.000000|0.000000|0.000000|0.000000|0.000000|0.000000|0.000000|0.000000|0.025670|0.000000|0.000000|0.000000|0.000000|0.000000|0.000000|0.000000|0.000000|0.974330,0.000000|0.000000|0.000000|0.000000|0.000000|0.000000|0.000000|0.000000|0.000000|0.000000|0.000000|0.000000|0.000000|0.000000|0.000000|0.000000|0.000000|1.000000,0.000000|0.000000|0.000000|0.000000|0.000000|0.000000|0.000000|0.000000|0.000000|0.000000|0.000000|0.000000|0.000000|0.000000|0.000000|0.000000|0.000000|1.000000
RL_LCE_Quest8_PruneQuant-20251025-164022,midtrain,wikitext,0.0,-2.0,-5.5,10.811175386461791,11.750163877333314,0.5062500026875308,0.7984375128788608,0.5234375,0.5,0.7984375134110451,0.5234375,0.200000|1.000000,0.000000|0.001674|0.017299|0.000000|0.597656|0.000558|0.000000|0.000000|0.000000|0.000000|0.000000|0.001116|0.000000|0.353795|0.000000|0.000000|0.000000|0.027902,0.000000|0.000000|0.000000|0.000000|0.590402|0.031250|0.000000|0.003348|0.000000|0.000000|0.000000|0.000000|0.000000|0.354911|0.015625|0.000000|0.004464|0.000000,0.000000|0.000000|0.000000|0.000000|0.590402|0.031250|0.000000|0.003348|0.000000|0.000000|0.000000|0.000000|0.000000|0.354911|0.015625|0.000000|0.004464|0.000000
RL_LCE_Quest8_PruneQuant-20251025-164022,midtrain,wikitext,-20.0,0.0,-5.5,10.777292843469333,10.84440797993769,1.0,0.6861607357859612,0.9388950892857143,1.0,0.686160717691694,0.9388950892857143,0.200000|1.000000,0.000000|0.000000|0.000000|0.000000|0.000000|0.000000|0.000000|0.000000|0.000000|0.000000|0.000000|0.069196|0.000000|0.019531|0.272879|0.000000|0.102679|0.535714,0.000000|0.000000|0.000000|0.000000|0.000000|0.000000|0.000000|0.000000|0.000000|0.000000|0.000000|0.000000|0.000000|0.047991|0.382812|0.000000|0.074219|0.494978,0.000000|0.000000|0.000000|0.000000|0.000000|0.000000|0.000000|0.000000|0.000000|0.000000|0.000000|0.000000|0.000000|0.047991|0.382812|0.000000|0.074219|0.494978
RL_LCE_Quest8_PruneQuant-20251025-164022,midtrain,wikitext,-10.0,-2.0,-5.0,10.636883820073615,11.112422382030065,0.6428571444536958,0.8321428692766598,0.5864955357142857,0.6499999761581421,0.8321428724697658,0.5864955357142857,0.200000|1.000000,0.000000|0.000000|0.000000|0.000000|0.446429|0.000000|0.000000|0.000000|0.000000|0.000000|0.000000|0.166853|0.000000|0.380580|0.000000|0.000000|0.000000|0.006138,0.000000|0.067522|0.005022|0.000000|0.287946|0.077009|0.000000|0.000000|0.000000|0.000000|0.082589|0.005580|0.000000|0.388951|0.085379|0.000000|0.000000|0.000000,0.000000|0.067522|0.005022|0.000000|0.287946|0.077009|0.000000|0.000000|0.000000|0.000000|0.082589|0.005580|0.000000|0.388951|0.085379|0.000000|0.000000|0.000000
RL_LCE_Quest8_PruneQuant-20251025-164022,midtrain,wikitext,-15.0,3.0,-6.0,11.348998070292385,11.42525085093213,0.9785714271877494,0.6000000238418579,0.9958147321428571,1.0,0.6000000238418579,0.9958147321428571,0.200000|1.000000,0.000000|0.000000|0.000000|0.000000|0.000000|0.000000|0.000000|0.000000|0.026786|0.000000|0.000000|0.000000|0.000000|0.000000|0.000000|0.000000|0.008371|0.964844,0.000000|0.000000|0.000000|0.000000|0.000000|0.000000|0.000000|0.000000|0.000000|0.000000|0.000000|0.000000|0.000000|0.000000|0.000000|0.000000|0.008371|0.991629,0.000000|0.000000|0.000000|0.000000|0.000000|0.000000|0.000000|0.000000|0.000000|0.000000|0.000000|0.000000|0.000000|0.000000|0.000000|0.000000|0.008371|0.991629
RL_LCE_Quest8_PruneQuant-20251025-164022,midtrain,wikitext,-20.0,0.0,-5.0,10.732281244647082,10.442067862154198,1.0,0.6984375204358783,0.8655133928571429,1.0,0.6984375417232513,0.8655133928571429,0.200000|1.000000,0.000000|0.000000|0.000000|0.000000|0.000000|0.000000|0.000000|0.000000|0.000000|0.000000|0.000000|0.073103|0.000000|0.064174|0.281808|0.000000|0.204799|0.376116,0.000000|0.000000|0.000000|0.000000|0.000000|0.000000|0.000000|0.000000|0.000000|0.000000|0.000000|0.000000|0.000000|0.137835|0.354353|0.000000|0.131138|0.376674,0.000000|0.000000|0.000000|0.000000|0.000000|0.000000|0.000000|0.000000|0.000000|0.000000|0.000000|0.000000|0.000000|0.137835|0.354353|0.000000|0.131138|0.376674
RL_LCE_Quest8_PruneQuant-20251025-164022,midtrain,wikitext,0.0,-2.0,-5.0,10.735276160560298,11.581720235411728,0.507142858845847,0.7991071545651981,0.5053013392857143,0.5,0.7991071556295667,0.5053013392857143,0.200000|1.000000,0.000000|0.001116|0.002232|0.000000|0.612165|0.000558|0.000000|0.000000|0.000000|0.000000|0.000000|0.000000|0.000000|0.376116|0.000000|0.000000|0.000000|0.007812,0.000000|0.000000|0.000000|0.000000|0.615513|0.006696|0.000000|0.002790|0.000000|0.000000|0.000000|0.000000|0.000000|0.369420|0.003906|0.000000|0.001674|0.000000,0.000000|0.000000|0.000000|0.000000|0.615513|0.006696|0.000000|0.002790|0.000000|0.000000|0.000000|0.000000|0.000000|0.369420|0.003906|0.000000|0.001674|0.000000
RL_LCE_Quest8_PruneQuant-20251025-164022,midtrain,wikitext,-10.0,-1.0,-7.0,11.28663025108845,11.456374694609615,0.7053571440545576,0.7434151907052312,0.875,0.7000000178813934,0.7434151923017842,0.875,0.200000|1.000000,0.000000|0.000000|0.000000|0.000000|0.250000|0.000000|0.000000|0.000000|0.118304|0.000000|0.000000|0.229911|0.000000|0.000000|0.007254|0.000000|0.000000|0.394531,0.000000|0.000000|0.000000|0.000000|0.041295|0.227121|0.000000|0.052455|0.054129|0.000000|0.000000|0.000000|0.000000|0.049665|0.398996|0.000000|0.106585|0.069754,0.000000|0.000000|0.000000|0.000000|0.041295|0.227121|0.000000|0.052455|0.054129|0.000000|0.000000|0.000000|0.000000|0.049665|0.398996|0.000000|0.106585|0.069754
RL_LCE_Quest8_PruneQuant-20251025-164022,midtrain,wikitext,-15.0,3.0,-5.5,11.285055775224215,11.465968308587632,0.9754464280392442,0.6000000238418579,0.9436383928571429,1.0,0.6000000238418579,0.9436383928571429,0.200000|1.000000,0.000000|0.000000|0.000000|0.000000|0.000000|0.000000|0.000000|0.004464|0.026228|0.000000|0.000000|0.000000|0.000000|0.000000|0.000000|0.000000|0.108259|0.861049,0.000000|0.000000|0.000000|0.000000|0.000000|0.000000|0.000000|0.000000|0.000000|0.000000|0.000000|0.000000|0.000000|0.000000|0.000000|0.000000|0.112723|0.887277,0.000000|0.000000|0.000000|0.000000|0.000000|0.000000|0.000000|0.000000|0.000000|0.000000|0.000000|0.000000|0.000000|0.000000|0.000000|0.000000|0.112723|0.887277
RL_LCE_Quest8_PruneQuant-20251025-164022,midtrain,wikitext,-20.0,3.0,-7.0,11.457973072659987,11.426844886625528,1.0,0.6003348449511188,1.0,1.0,0.6003348449511188,1.0,0.200000|1.000000,0.000000|0.000000|0.000000|0.000000|0.000000|0.000000|0.000000|0.000000|0.000000|0.000000|0.000000|0.000000|0.000000|0.000000|0.001674|0.000000|0.000000|0.998326,0.000000|0.000000|0.000000|0.000000|0.000000|0.000000|0.000000|0.000000|0.000000|0.000000|0.000000|0.000000|0.000000|0.000000|0.001674|0.000000|0.000000|0.998326,0.000000|0.000000|0.000000|0.000000|0.000000|0.000000|0.000000|0.000000|0.000000|0.000000|0.000000|0.000000|0.000000|0.000000|0.001674|0.000000|0.000000|0.998326
RL_LCE_Quest8_PruneQuant-20251025-164022,midtrain,wikitext,-15.0,3.0,-5.0,11.551061572116472,11.586568510050528,0.9410714310194764,0.6000000238418579,0.8543526785714286,0.949999988079071,0.6000000238418579,0.8543526785714286,0.200000|1.000000,0.000000|0.000000|0.000000|0.000000|0.000000|0.000000|0.000000|0.051339|0.022321|0.000000|0.000000|0.000000|0.000000|0.000000|0.000000|0.000000|0.239955|0.686384,0.000000|0.000000|0.000000|0.000000|0.000000|0.000000|0.000000|0.016183|0.046317|0.000000|0.000000|0.000000|0.000000|0.000000|0.000000|0.000000|0.275112|0.662388,0.000000|0.000000|0.000000|0.000000|0.000000|0.000000|0.000000|0.016183|0.046317|0.000000|0.000000|0.000000|0.000000|0.000000|0.000000|0.000000|0.275112|0.662388
RL_LCE_Quest8_PruneQuant-20251025-164022,midtrain,wikitext,0.0,-1.0,-7.0,12.054009237800027,13.099114635635537,0.5133928591385484,0.6592634118029049,0.853515625,0.5,0.6592634197856698,0.853515625,0.200000|1.000000,0.000000|0.000000|0.000000|0.000000|0.292969|0.003348|0.000000|0.000000|0.311942|0.000000|0.000000|0.000000|0.000000|0.000000|0.000000|0.000000|0.000000|0.391741,0.000000|0.000000|0.000000|0.000000|0.030134|0.156250|0.000000|0.110491|0.328125|0.000000|0.000000|0.000000|0.000000|0.045201|0.064732|0.000000|0.107143|0.157924,0.000000|0.000000|0.000000|0.000000|0.030134|0.156250|0.000000|0.110491|0.328125|0.000000|0.000000|0.000000|0.000000|0.045201|0.064732|0.000000|0.107143|0.157924
RL_LCE_Quest8_PruneQuant-20251025-164022,midtrain,wikitext,-20.0,3.0,-6.5,11.457973072659987,11.426844886625528,1.0,0.6003348449511188,1.0,1.0,0.6003348449511188,1.0,0.200000|1.000000,0.000000|0.000000|0.000000|0.000000|0.000000|0.000000|0.000000|0.000000|0.000000|0.000000|0.000000|0.000000|0.000000|0.000000|0.001674|0.000000|0.000000|0.998326,0.000000|0.000000|0.000000|0.000000|0.000000|0.000000|0.000000|0.000000|0.000000|0.000000|0.000000|0.000000|0.000000|0.000000|0.001674|0.000000|0.000000|0.998326,0.000000|0.000000|0.000000|0.000000|0.000000|0.000000|0.000000|0.000000|0.000000|0.000000|0.000000|0.000000|0.000000|0.000000|0.001674|0.000000|0.000000|0.998326
RL_LCE_Quest8_PruneQuant-20251025-164022,midtrain,wikitext,-10.0,-1.0,-6.5,11.187085634329955,11.31264084039906,0.6897321448528341,0.7546875130917344,0.8186383928571429,0.7000000178813934,0.7546875104308128,0.8186383928571429,0.200000|1.000000,0.000000|0.000000|0.000000|0.000000|0.354911|0.000000|0.000000|0.000000|0.032924|0.000000|0.000000|0.202567|0.000000|0.007812|0.005580|0.000000|0.000000|0.396205,0.000000|0.000000|0.000000|0.000000|0.168527|0.124442|0.000000|0.055246|0.026786|0.000000|0.000000|0.000000|0.000000|0.121094|0.359375|0.000000|0.017857|0.126674,0.000000|0.000000|0.000000|0.000000|0.168527|0.124442|0.000000|0.055246|0.026786|0.000000|0.000000|0.000000|0.000000|0.121094|0.359375|0.000000|0.017857|0.126674
RL_LCE_Quest8_PruneQuant-20251025-164022,midtrain,wikitext,-12.0,-5.0,-7.0,9.833050022057542,9.938554583719933,0.9656250003193106,1.0,0.982421875,0.949999988079071,1.0,0.982421875,0.200000|1.000000,0.000000|0.035156|0.007812|0.000000|0.000000|0.000000|0.000000|0.000000|0.000000|0.000000|0.000000|0.957031|0.000000|0.000000|0.000000|0.000000|0.000000|0.000000,0.000000|0.000000|0.062500|0.000000|0.000000|0.000000|0.000000|0.000000|0.000000|0.000000|0.035156|0.902344|0.000000|0.000000|0.000000|0.000000|0.000000|0.000000,0.000000|0.000000|0.062500|0.000000|0.000000|0.000000|0.000000|0.000000|0.000000|0.000000|0.035156|0.902344|0.000000|0.000000|0.000000|0.000000|0.000000|0.000000
RL_LCE_Quest8_PruneQuant-20251025-164022,midtrain,wikitext,-20.0,3.0,-6.0,11.391827420339496,11.482776468260456,1.0,0.600446451987539,0.99609375,1.0,0.600446451987539,0.99609375,0.200000|1.000000,0.000000|0.000000|0.000000|0.000000|0.000000|0.000000|0.000000|0.000000|0.000000|0.000000|0.000000|0.000000|0.000000|0.000000|0.002232|0.000000|0.007812|0.989955,0.000000|0.000000|0.000000|0.000000|0.000000|0.000000|0.000000|0.000000|0.000000|0.000000|0.000000|0.000000|0.000000|0.000000|0.002232|0.000000|0.007812|0.989955,0.000000|0.000000|0.000000|0.000000|0.000000|0.000000|0.000000|0.000000|0.000000|0.000000|0.000000|0.000000|0.000000|0.000000|0.002232|0.000000|0.007812|0.989955
RL_LCE_Quest8_PruneQuant-20251025-164022,midtrain,wikitext,0.0,-1.0,-6.5,11.69374553794677,12.642189839836409,0.5142857159620949,0.6921875200101307,0.7709263392857143,0.5,0.6921875178813934,0.7709263392857143,0.200000|1.000000,0.000000|0.000000|0.000000|0.000000|0.457031|0.002790|0.000000|0.000000|0.147321|0.000000|0.000000|0.000000|0.000000|0.001116|0.000000|0.000000|0.000000|0.391741,0.000000|0.000000|0.000000|0.000000|0.107701|0.173549|0.000000|0.178571|0.165179|0.000000|0.000000|0.000000|0.000000|0.067522|0.112165|0.000000|0.104353|0.090960,0.000000|0.000000|0.000000|0.000000|0.107701|0.173549|0.000000|0.178571|0.165179|0.000000|0.000000|0.000000|0.000000|0.067522|0.112165|0.000000|0.104353|0.090960
RL_LCE_Quest8_PruneQuant-20251025-164022,midtrain,wikitext,-10.0,-1.0,-6.0,11.089966011917658,11.189426926790837,0.6674107165474977,0.7590401938983372,0.7645089285714286,0.6499999761581421,0.7590402024132865,0.7645089285714286,0.200000|1.000000,0.000000|0.000000|0.000000|0.000000|0.409040|0.000000|0.000000|0.000000|0.006696|0.000000|0.000000|0.162388|0.000000|0.057478|0.003906|0.000000|0.004464|0.356027,0.000000|0.000000|0.000000|0.000000|0.180246|0.168527|0.000000|0.053013|0.035714|0.000000|0.000000|0.000000|0.000000|0.180246|0.266183|0.000000|0.057478|0.058594,0.000000|0.000000|0.000000|0.000000|0.180246|0.168527|0.000000|0.053013|0.035714|0.000000|0.000000|0.000000|0.000000|0.180246|0.266183|0.000000|0.057478|0.058594
RL_LCE_Quest8_PruneQuant-20251025-164022,midtrain,wikitext,-20.0,3.0,-5.5,11.30790718783948,11.302387096571124,1.0,0.6005580590239593,0.947265625,1.0,0.6005580590239593,0.947265625,0.200000|1.000000,0.000000|0.000000|0.000000|0.000000|0.000000|0.000000|0.000000|0.000000|0.000000|0.000000|0.000000|0.000000|0.000000|0.000000|0.002790|0.000000|0.105469|0.891741,0.000000|0.000000|0.000000|0.000000|0.000000|0.000000|0.000000|0.000000|0.000000|0.000000|0.000000|0.000000|0.000000|0.000000|0.002790|0.000000|0.105469|0.891741,0.000000|0.000000|0.000000|0.000000|0.000000|0.000000|0.000000|0.000000|0.000000|0.000000|0.000000|0.000000|0.000000|0.000000|0.002790|0.000000|0.105469|0.891741
RL_LCE_Quest8_PruneQuant-20251025-164022,midtrain,wikitext,-12.0,-5.0,-6.5,9.987898028323208,10.096120364015077,0.9026785737701825,1.0,0.9402901785714286,0.8999999761581421,1.0,0.9402901785714286,0.200000|1.000000,0.000000|0.119420|0.002232|0.000000|0.000000|0.000000|0.000000|0.000000|0.000000|0.000000|0.000000|0.878348|0.000000|0.000000|0.000000|0.000000|0.000000|0.000000,0.000000|0.001116|0.123884|0.000000|0.000000|0.000000|0.000000|0.000000|0.000000|0.000000|0.118304|0.756696|0.000000|0.000000|0.000000|0.000000|0.000000|0.000000,0.000000|0.001116|0.123884|0.000000|0.000000|0.000000|0.000000|0.000000|0.000000|0.000000|0.118304|0.756696|0.000000|0.000000|0.000000|0.000000|0.000000|0.000000
RL_LCE_Quest8_PruneQuant-20251025-164022,midtrain,wikitext,-20.0,3.0,-5.0,11.435616059130576,11.410118598001704,1.0,0.600446451987539,0.8814174107142857,1.0,0.600446451987539,0.8814174107142857,0.200000|1.000000,0.000000|0.000000|0.000000|0.000000|0.000000|0.000000|0.000000|0.000000|0.000000|0.000000|0.000000|0.000000|0.000000|0.000000|0.002232|0.000000|0.237165|0.760603,0.000000|0.000000|0.000000|0.000000|0.000000|0.000000|0.000000|0.000000|0.000000|0.000000|0.000000|0.000000|0.000000|0.000558|0.001674|0.000000|0.236607|0.761161,0.000000|0.000000|0.000000|0.000000|0.000000|0.000000|0.000000|0.000000|0.000000|0.000000|0.000000|0.000000|0.000000|0.000558|0.001674|0.000000|0.236607|0.761161
RL_LCE_Quest8_PruneQuant-20251025-164022,midtrain,wikitext,0.0,-1.0,-6.0,11.42286021431991,12.350195278830133,0.5125000013836792,0.7193080516798156,0.7000558035714286,0.5,0.7193080447614193,0.7000558035714286,0.200000|1.000000,0.000000|0.000000|0.000000|0.000000|0.556920|0.001116|0.000000|0.000000|0.051339|0.000000|0.000000|0.000000|0.000000|0.038504|0.000000|0.000000|0.004464|0.347656,0.000000|0.000000|0.000000|0.000000|0.266183|0.113281|0.000000|0.174107|0.071429|0.000000|0.000000|0.000000|0.000000|0.091518|0.125558|0.000000|0.068080|0.089844,0.000000|0.000000|0.000000|0.000000|0.266183|0.113281|0.000000|0.174107|0.071429|0.000000|0.000000|0.000000|0.000000|0.091518|0.125558|0.000000|0.068080|0.089844
RL_LCE_Quest8_PruneQuant-20251025-164022,midtrain,wikitext,-10.0,-1.0,-5.5,10.905853518950018,11.040567581474313,0.6401785737169641,0.7785714412374156,0.6545758928571429,0.6499999761581421,0.7785714183534894,0.6545758928571429,0.200000|1.000000,0.000000|0.000000|0.000000|0.000000|0.447545|0.000000|0.000000|0.000000|0.002232|0.000000|0.000000|0.121094|0.000000|0.200893|0.002232|0.000000|0.042411|0.183594,0.000000|0.000000|0.000000|0.000000|0.266183|0.125558|0.000000|0.031250|0.014509|0.000000|0.000000|0.000000|0.000000|0.351562|0.149554|0.000000|0.041853|0.019531,0.000000|0.000000|0.000000|0.000000|0.266183|0.125558|0.000000|0.031250|0.014509|0.000000|0.000000|0.000000|0.000000|0.351562|0.149554|0.000000|0.041853|0.019531
RL_LCE_Quest8_PruneQuant-20251025-164022,midtrain,wikitext,-12.0,-5.0,-6.0,10.111978418188711,10.242957556489614,0.8607142864327345,1.0,0.9132254464285714,0.8500000238418579,1.0,0.9132254464285714,0.200000|1.000000,0.000000|0.173549|0.000558|0.000000|0.000000|0.000000|0.000000|0.000000|0.000000|0.000000|0.000000|0.825893|0.000000|0.000000|0.000000|0.000000|0.000000|0.000000,0.000000|0.102121|0.085379|0.000000|0.000000|0.000000|0.000000|0.000000|0.000000|0.000000|0.071429|0.741071|0.000000|0.000000|0.000000|0.000000|0.000000|0.000000,0.000000|0.102121|0.085379|0.000000|0.000000|0.000000|0.000000|0.000000|0.000000|0.000000|0.071429|0.741071|0.000000|0.000000|0.000000|0.000000|0.000000|0.000000
RL_LCE_Quest8_PruneQuant-20251025-164022,midtrain,wikitext,-18.0,-5.0,-7.0,9.794031391798864,9.794031391798864,1.0,1.0,1.0,1.0,1.0,1.0,0.200000|1.000000,0.000000|0.000000|0.000000|0.000000|0.000000|0.000000|0.000000|0.000000|0.000000|0.000000|0.000000|1.000000|0.000000|0.000000|0.000000|0.000000|0.000000|0.000000,0.000000|0.000000|0.000000|0.000000|0.000000|0.000000|0.000000|0.000000|0.000000|0.000000|0.000000|1.000000|0.000000|0.000000|0.000000|0.000000|0.000000|0.000000,0.000000|0.000000|0.000000|0.000000|0.000000|0.000000|0.000000|0.000000|0.000000|0.000000|0.000000|1.000000|0.000000|0.000000|0.000000|0.000000|0.000000|0.000000
RL_LCE_Quest8_PruneQuant-20251025-164022,midtrain,wikitext,-10.0,-1.0,-5.0,10.757014309663854,11.052896522216699,0.6218750021819558,0.7937500130917344,0.5672433035714286,0.6000000238418579,0.7937500178813934,0.5672433035714286,0.200000|1.000000,0.000000|0.000000|0.000000|0.000000|0.472656|0.000000|0.000000|0.000000|0.000000|0.000000|0.000000|0.085379|0.000000|0.324219|0.001116|0.000000|0.068638|0.047991,0.000000|0.000000|0.000000|0.000000|0.417969|0.066964|0.000000|0.015067|0.000000|0.000000|0.000000|0.000000|0.000000|0.420201|0.063616|0.000000|0.012277|0.003906,0.000000|0.000000|0.000000|0.000000|0.417969|0.066964|0.000000|0.015067|0.000000|0.000000|0.000000|0.000000|0.000000|0.420201|0.063616|0.000000|0.012277|0.003906
RL_LCE_Quest8_PruneQuant-20251025-164022,midtrain,wikitext,-12.0,-5.0,-5.5,10.18169517968542,10.267995328336456,0.8410714293963143,1.0,0.9006696428571429,0.8500000238418579,1.0,0.9006696428571429,0.200000|1.000000,0.000000|0.198661|0.000000|0.000000|0.000000|0.000000|0.000000|0.000000|0.000000|0.000000|0.000000|0.801339|0.000000|0.000000|0.000000|0.000000|0.000000|0.000000,0.000000|0.111049|0.076451|0.000000|0.000000|0.000000|0.000000|0.000000|0.000000|0.000000|0.087612|0.724888|0.000000|0.000000|0.000000|0.000000|0.000000|0.000000,0.000000|0.111049|0.076451|0.000000|0.000000|0.000000|0.000000|0.000000|0.000000|0.000000|0.087612|0.724888|0.000000|0.000000|0.000000|0.000000|0.000000|0.000000
RL_LCE_Quest8_PruneQuant-20251025-164022,midtrain,wikitext,0.0,-1.0,-5.5,11.066783037973417,11.85471886137932,0.5107142870713558,0.7524553712989602,0.5962611607142857,0.5,0.7524553633161953,0.5962611607142857,0.200000|1.000000,0.000000|0.000000|0.000000|0.000000|0.598214|0.000558|0.000000|0.001674|0.011161|0.000000|0.000000|0.000000|0.000000|0.163504|0.000000|0.000000|0.044085|0.180804,0.000000|0.000000|0.000000|0.000000|0.381696|0.097656|0.000000|0.121652|0.023996|0.000000|0.000000|0.000000|0.000000|0.226004|0.056920|0.000000|0.078125|0.013951,0.000000|0.000000|0.000000|0.000000|0.381696|0.097656|0.000000|0.121652|0.023996|0.000000|0.000000|0.000000|0.000000|0.226004|0.056920|0.000000|0.078125|0.013951
RL_LCE_Quest8_PruneQuant-20251025-164022,midtrain,wikitext,-18.0,-5.0,-6.5,9.794031391798864,9.794031391798864,1.0,1.0,1.0,1.0,1.0,1.0,0.200000|1.000000,0.000000|0.000000|0.000000|0.000000|0.000000|0.000000|0.000000|0.000000|0.000000|0.000000|0.000000|1.000000|0.000000|0.000000|0.000000|0.000000|0.000000|0.000000,0.000000|0.000000|0.000000|0.000000|0.000000|0.000000|0.000000|0.000000|0.000000|0.000000|0.000000|1.000000|0.000000|0.000000|0.000000|0.000000|0.000000|0.000000,0.000000|0.000000|0.000000|0.000000|0.000000|0.000000|0.000000|0.000000|0.000000|0.000000|0.000000|1.000000|0.000000|0.000000|0.000000|0.000000|0.000000|0.000000
RL_LCE_Quest8_PruneQuant-20251025-164022,midtrain,wikitext,-12.0,-5.0,-5.0,10.151201530722805,10.203024049443593,0.8178571434691548,0.9993303577814784,0.8839285714285714,0.800000011920929,0.9993303577814784,0.8839285714285714,0.200000|1.000000,0.000000|0.226562|0.000000|0.000000|0.001116|0.000000|0.000000|0.000000|0.000000|0.000000|0.002232|0.767857|0.000000|0.002232|0.000000|0.000000|0.000000|0.000000,0.000000|0.013393|0.236607|0.000000|0.000000|0.000000|0.000000|0.000000|0.000000|0.000000|0.217076|0.529576|0.000000|0.001674|0.001674|0.000000|0.000000|0.000000,0.000000|0.013393|0.236607|0.000000|0.000000|0.000000|0.000000|0.000000|0.000000|0.000000|0.217076|0.529576|0.000000|0.001674|0.001674|0.000000|0.000000|0.000000
RL_LCE_Quest8_PruneQuant-20251025-164022,midtrain,wikitext,-18.0,-5.0,-6.0,9.794031391798864,9.794031391798864,1.0,1.0,1.0,1.0,1.0,1.0,0.200000|1.000000,0.000000|0.000000|0.000000|0.000000|0.000000|0.000000|0.000000|0.000000|0.000000|0.000000|0.000000|1.000000|0.000000|0.000000|0.000000|0.000000|0.000000|0.000000,0.000000|0.000000|0.000000|0.000000|0.000000|0.000000|0.000000|0.000000|0.000000|0.000000|0.000000|1.000000|0.000000|0.000000|0.000000|0.000000|0.000000|0.000000,0.000000|0.000000|0.000000|0.000000|0.000000|0.000000|0.000000|0.000000|0.000000|0.000000|0.000000|1.000000|0.000000|0.000000|0.000000|0.000000|0.000000|0.000000
RL_LCE_Quest8_PruneQuant-20251025-164022,midtrain,wikitext,-10.0,0.0,-7.0,12.087689040557068,12.7085018354834,0.6758928596973419,0.616183056895222,0.9606584821428571,0.7000000178813934,0.6161830441227981,0.9606584821428571,0.200000|1.000000,0.000000|0.000000|0.000000|0.000000|0.077009|0.000000|0.000000|0.001674|0.326451|0.000000|0.000000|0.000558|0.000000|0.000000|0.002790|0.000000|0.000000|0.591518,0.000000|0.000000|0.000000|0.000000|0.001116|0.034598|0.000000|0.023996|0.315290|0.000000|0.000000|0.000000|0.000000|0.002232|0.042969|0.000000|0.051339|0.528460,0.000000|0.000000|0.000000|0.000000|0.001116|0.034598|0.000000|0.023996|0.315290|0.000000|0.000000|0.000000|0.000000|0.002232|0.042969|0.000000|0.051339|0.528460
RL_LCE_Quest8_PruneQuant-20251025-164022,midtrain,wikitext,0.0,-1.0,-5.0,10.933274284427624,11.839017796556321,0.507142858712801,0.7766741205539022,0.5220424107142857,0.5,0.7766740896872112,0.5220424107142857,0.200000|1.000000,0.000000|0.000000|0.000000|0.000000|0.612165|0.000558|0.000000|0.002790|0.000558|0.000000|0.000000|0.000000|0.000000|0.270647|0.000000|0.000000|0.070312|0.042969,0.000000|0.000000|0.000000|0.000000|0.540179|0.025112|0.000000|0.056920|0.002790|0.000000|0.000000|0.000000|0.000000|0.304688|0.013393|0.000000|0.054129|0.002790,0.000000|0.000000|0.000000|0.000000|0.540179|0.025112|0.000000|0.056920|0.002790|0.000000|0.000000|0.000000|0.000000|0.304688|0.013393|0.000000|0.054129|0.002790
RL_LCE_Quest8_PruneQuant-20251025-164022,midtrain,wikitext,-18.0,-5.0,-5.5,9.794031391798864,9.794714593039688,1.0,0.9998883929635797,0.9997209821428571,1.0,0.9998883929635797,0.9997209821428571,0.200000|1.000000,0.000000|0.000000|0.000000|0.000000|0.000000|0.000000|0.000000|0.000000|0.000000|0.000000|0.000000|0.999442|0.000000|0.000558|0.000000|0.000000|0.000000|0.000000,0.000000|0.000000|0.000000|0.000000|0.000000|0.000000|0.000000|0.000000|0.000000|0.000000|0.000558|0.998884|0.000000|0.000000|0.000558|0.000000|0.000000|0.000000,0.000000|0.000000|0.000000|0.000000|0.000000|0.000000|0.000000|0.000000|0.000000|0.000000|0.000558|0.998884|0.000000|0.000000|0.000558|0.000000|0.000000|0.000000
RL_LCE_Quest8_PruneQuant-20251025-164022,midtrain,wikitext,-12.0,-4.0,-7.0,9.816259844373398,9.93578193634394,0.9593750004257474,0.9969866078879152,0.9779575892857143,0.949999988079071,0.9969866100166526,0.9779575892857143,0.200000|1.000000,0.000000|0.029018|0.006696|0.000000|0.015067|0.000000|0.000000|0.000000|0.000000|0.000000|0.000000|0.949219|0.000000|0.000000|0.000000|0.000000|0.000000|0.000000,0.000000|0.000000|0.062500|0.000000|0.000000|0.000000|0.000000|0.000000|0.000000|0.000000|0.044085|0.878348|0.000000|0.000000|0.015067|0.000000|0.000000|0.000000,0.000000|0.000000|0.062500|0.000000|0.000000|0.000000|0.000000|0.000000|0.000000|0.000000|0.044085|0.878348|0.000000|0.000000|0.015067|0.000000|0.000000|0.000000
RL_LCE_Quest8_PruneQuant-20251025-164022,midtrain,wikitext,-10.0,0.0,-6.5,12.010365748426882,12.390751342225032,0.6745535747281143,0.6385044849344662,0.8987165178571429,0.6499999761581421,0.6385045110114983,0.8987165178571429,0.200000|1.000000,0.000000|0.000000|0.000000|0.000000|0.188616|0.000000|0.000000|0.013951|0.204241|0.000000|0.000000|0.000558|0.000000|0.000000|0.002790|0.000000|0.000000|0.589844,0.000000|0.000000|0.000000|0.000000|0.016741|0.073103|0.000000|0.069754|0.277902|0.000000|0.000000|0.000000|0.000000|0.018415|0.084263|0.000000|0.097656|0.362165,0.000000|0.000000|0.000000|0.000000|0.016741|0.073103|0.000000|0.069754|0.277902|0.000000|0.000000|0.000000|0.000000|0.018415|0.084263|0.000000|0.097656|0.362165
RL_LCE_Quest8_PruneQuant-20251025-164022,midtrain,wikitext,0.0,0.0,-7.0,12.306337792068522,13.573500775938605,0.5111607160153133,0.6150669875953879,0.9573102678571429,0.5,0.6150669737585953,0.9573102678571429,0.200000|1.000000,0.000000|0.000000|0.000000|0.000000|0.075335|0.000000|0.000000|0.010045|0.525670|0.000000|0.000000|0.000000|0.000000|0.000000|0.000000|0.000000|0.000000|0.388951,0.000000|0.000000|0.000000|0.000000|0.001116|0.049665|0.000000|0.046317|0.527902|0.000000|0.000000|0.000000|0.000000|0.001116|0.023438|0.000000|0.036830|0.313616,0.000000|0.000000|0.000000|0.000000|0.001116|0.049665|0.000000|0.046317|0.527902|0.000000|0.000000|0.000000|0.000000|0.001116|0.023438|0.000000|0.036830|0.313616
RL_LCE_Quest8_PruneQuant-20251025-164022,midtrain,wikitext,-18.0,-5.0,-5.0,9.786178001873063,9.786860655285773,1.0,0.9995535718543189,0.9974888392857143,1.0,0.9995535718543189,0.9974888392857143,0.200000|1.000000,0.000000|0.000000|0.000000|0.000000|0.000000|0.000000|0.000000|0.000000|0.000000|0.000000|0.002790|0.994978|0.000000|0.002232|0.000000|0.000000|0.000000|0.000000,0.000000|0.000000|0.000000|0.000000|0.000000|0.000000|0.000000|0.000000|0.000000|0.000000|0.005022|0.992746|0.000000|0.000000|0.002232|0.000000|0.000000|0.000000,0.000000|0.000000|0.000000|0.000000|0.000000|0.000000|0.000000|0.000000|0.000000|0.000000|0.005022|0.992746|0.000000|0.000000|0.002232|0.000000|0.000000|0.000000
RL_LCE_Quest8_PruneQuant-20251025-164022,midtrain,wikitext,-12.0,-4.0,-6.5,9.996610582097055,10.02873827661286,0.8919642873640571,0.9891741068235466,0.9333147321428571,0.8999999761581421,0.9891741174672332,0.9333147321428571,0.200000|1.000000,0.000000|0.079241|0.001674|0.000000|0.054129|0.000000|0.000000|0.000000|0.000000|0.000000|0.000000|0.864955|0.000000|0.000000|0.000000|0.000000|0.000000|0.000000,0.000000|0.003348|0.114955|0.000000|0.000000|0.006696|0.000000|0.000000|0.000000|0.000000|0.122768|0.704799|0.000000|0.007254|0.040179|0.000000|0.000000|0.000000,0.000000|0.003348|0.114955|0.000000|0.000000|0.006696|0.000000|0.000000|0.000000|0.000000|0.122768|0.704799|0.000000|0.007254|0.040179|0.000000|0.000000|0.000000
RL_LCE_Quest8_PruneQuant-20251025-164022,midtrain,wikitext,-18.0,-4.0,-7.0,9.794031391798864,9.794031391798864,1.0,1.0,1.0,1.0,1.0,1.0,0.200000|1.000000,0.000000|0.000000|0.000000|0.000000|0.000000|0.000000|0.000000|0.000000|0.000000|0.000000|0.000000|1.000000|0.000000|0.000000|0.000000|0.000000|0.000000|0.000000,0.000000|0.000000|0.000000|0.000000|0.000000|0.000000|0.000000|0.000000|0.000000|0.000000|0.000000|1.000000|0.000000|0.000000|0.000000|0.000000|0.000000|0.000000,0.000000|0.000000|0.000000|0.000000|0.000000|0.000000|0.000000|0.000000|0.000000|0.000000|0.000000|1.000000|0.000000|0.000000|0.000000|0.000000|0.000000|0.000000
RL_LCE_Quest8_PruneQuant-20251025-164022,midtrain,wikitext,-10.0,0.0,-6.0,11.675814099221881,12.364849146924554,0.664285716334624,0.6602678788559777,0.8158482142857143,0.6499999761581421,0.6602678831134524,0.8158482142857143,0.200000|1.000000,0.000000|0.000000|0.000000|0.000000|0.297433|0.000000|0.000000|0.061384|0.060826|0.000000|0.000000|0.000558|0.000000|0.001116|0.001674|0.000000|0.008371|0.568638,0.000000|0.000000|0.000000|0.000000|0.053013|0.087054|0.000000|0.108259|0.189174|0.000000|0.000000|0.000000|0.000000|0.059710|0.101562|0.000000|0.147321|0.253906,0.000000|0.000000|0.000000|0.000000|0.053013|0.087054|0.000000|0.108259|0.189174|0.000000|0.000000|0.000000|0.000000|0.059710|0.101562|0.000000|0.147321|0.253906
RL_LCE_Quest8_PruneQuant-20251025-164022,midtrain,wikitext,0.0,0.0,-6.5,12.248957706832837,13.086328775611017,0.5111607157492212,0.62991073514734,0.8786272321428571,0.5,0.6299107330186027,0.8786272321428571,0.200000|1.000000,0.000000|0.000000|0.000000|0.000000|0.149554|0.000000|0.000000|0.093192|0.368304|0.000000|0.000000|0.000000|0.000000|0.000000|0.000000|0.000000|0.000000|0.388951,0.000000|0.000000|0.000000|0.000000|0.018973|0.084821|0.000000|0.131138|0.390067|0.000000|0.000000|0.000000|0.000000|0.015625|0.030134|0.000000|0.077009|0.252232,0.000000|0.000000|0.000000|0.000000|0.018973|0.084821|0.000000|0.131138|0.390067|0.000000|0.000000|0.000000|0.000000|0.015625|0.030134|0.000000|0.077009|0.252232
RL_LCE_Quest8_PruneQuant-20251025-164022,midtrain,wikitext,-12.0,-4.0,-6.0,10.150847491084486,10.27229365883743,0.8558035720405834,0.9839285729186875,0.9093191964285714,0.8500000238418579,0.9839285867554801,0.9093191964285714,0.200000|1.000000,0.000000|0.101004|0.000000|0.000000|0.079241|0.000000|0.000000|0.000000|0.000000|0.000000|0.000000|0.818638|0.000000|0.001116|0.000000|0.000000|0.000000|0.000000,0.000000|0.104911|0.070312|0.000000|0.010045|0.002232|0.000000|0.000000|0.000000|0.000000|0.058036|0.686384|0.000000|0.008371|0.059710|0.000000|0.000000|0.000000,0.000000|0.104911|0.070312|0.000000|0.010045|0.002232|0.000000|0.000000|0.000000|0.000000|0.058036|0.686384|0.000000|0.008371|0.059710|0.000000|0.000000|0.000000
RL_LCE_Quest8_PruneQuant-20251025-164022,midtrain,wikitext,-18.0,-4.0,-6.5,9.794031391798864,9.794031391798864,1.0,1.0,1.0,1.0,1.0,1.0,0.200000|1.000000,0.000000|0.000000|0.000000|0.000000|0.000000|0.000000|0.000000|0.000000|0.000000|0.000000|0.000000|1.000000|0.000000|0.000000|0.000000|0.000000|0.000000|0.000000,0.000000|0.000000|0.000000|0.000000|0.000000|0.000000|0.000000|0.000000|0.000000|0.000000|0.000000|1.000000|0.000000|0.000000|0.000000|0.000000|0.000000|0.000000,0.000000|0.000000|0.000000|0.000000|0.000000|0.000000|0.000000|0.000000|0.000000|0.000000|0.000000|1.000000|0.000000|0.000000|0.000000|0.000000|0.000000|0.000000
RL_LCE_Quest8_PruneQuant-20251025-164022,midtrain,wikitext,-18.0,-4.0,-6.0,9.789250317257856,9.78856749716137,1.0,0.9996651788907391,0.9991629464285714,1.0,0.9996651788907391,0.9991629464285714,0.200000|1.000000,0.000000|0.000000|0.000000|0.000000|0.000000|0.000000|0.000000|0.000000|0.000000|0.000000|0.000000|0.998326|0.000000|0.001674|0.000000|0.000000|0.000000|0.000000,0.000000|0.000000|0.000000|0.000000|0.000000|0.000000|0.000000|0.000000|0.000000|0.000000|0.001674|0.996652|0.000000|0.000000|0.001674|0.000000|0.000000|0.000000,0.000000|0.000000|0.000000|0.000000|0.000000|0.000000|0.000000|0.000000|0.000000|0.000000|0.001674|0.996652|0.000000|0.000000|0.001674|0.000000|0.000000|0.000000
RL_LCE_Quest8_PruneQuant-20251025-164022,midtrain,wikitext,-10.0,0.0,-5.5,11.496401118553397,12.416707798092178,0.6459821458639843,0.67287948514734,0.7240513392857143,0.6499999761581421,0.6728795032416072,0.7240513392857143,0.200000|1.000000,0.000000|0.000000|0.000000|0.000000|0.344866|0.000000|0.000000|0.080357|0.017299|0.000000|0.000000|0.000000|0.000000|0.018415|0.001116|0.000000|0.108259|0.429688,0.000000|0.000000|0.000000|0.000000|0.087612|0.077009|0.000000|0.151786|0.121094|0.000000|0.000000|0.000000|0.000000|0.117188|0.082589|0.000000|0.195312|0.167411,0.000000|0.000000|0.000000|0.000000|0.087612|0.077009|0.000000|0.151786|0.121094|0.000000|0.000000|0.000000|0.000000|0.117188|0.082589|0.000000|0.195312|0.167411
RL_LCE_Quest8_PruneQuant-20251025-164022,midtrain,wikitext,-12.0,-4.0,-5.5,10.194487145145203,10.279461541917591,0.839732143362718,0.9814732159887042,0.8976004464285714,0.8500000238418579,0.981473231954234,0.8976004464285714,0.200000|1.000000,0.000000|0.112165|0.000000|0.000000|0.088170|0.000000|0.000000|0.000000|0.000000|0.000000|0.000000|0.795201|0.000000|0.004464|0.000000|0.000000|0.000000|0.000000,0.000000|0.094866|0.076451|0.000000|0.008929|0.007254|0.000000|0.000000|0.000000|0.000000|0.088170|0.647879|0.000000|0.012835|0.063616|0.000000|0.000000|0.000000,0.000000|0.094866|0.076451|0.000000|0.008929|0.007254|0.000000|0.000000|0.000000|0.000000|0.088170|0.647879|0.000000|0.012835|0.063616|0.000000|0.000000|0.000000
RL_LCE_Quest8_PruneQuant-20251025-164022,midtrain,wikitext,0.0,0.0,-6.0,12.284039046861832,12.974530990746546,0.5111607162814055,0.646540201136044,0.775390625,0.5,0.6465402176337582,0.775390625,0.200000|1.000000,0.000000|0.000000|0.000000|0.000000|0.232701|0.000000|0.000000|0.209263|0.169085|0.000000|0.000000|0.000000|0.000000|0.000000|0.000000|0.000000|0.007254|0.381696,0.000000|0.000000|0.000000|0.000000|0.074219|0.070312|0.000000|0.207031|0.273438|0.000000|0.000000|0.000000|0.000000|0.024554|0.063616|0.000000|0.143415|0.143415,0.000000|0.000000|0.000000|0.000000|0.074219|0.070312|0.000000|0.207031|0.273438|0.000000|0.000000|0.000000|0.000000|0.024554|0.063616|0.000000|0.143415|0.143415
RL_LCE_Quest8_PruneQuant-20251025-164022,midtrain,wikitext,-18.0,-4.0,-5.5,9.787201999849339,9.784471576656044,1.0,0.9991071431764534,0.9977678571428571,1.0,0.9991071437086377,0.9977678571428571,0.200000|1.000000,0.000000|0.000000|0.000000|0.000000|0.000000|0.000000|0.000000|0.000000|0.000000|0.000000|0.000000|0.995536|0.000000|0.004464|0.000000|0.000000|0.000000|0.000000,0.000000|0.000000|0.000000|0.000000|0.000000|0.000000|0.000000|0.000000|0.000000|0.000000|0.004464|0.991071|0.000000|0.000000|0.004464|0.000000|0.000000|0.000000,0.000000|0.000000|0.000000|0.000000|0.000000|0.000000|0.000000|0.000000|0.000000|0.000000|0.004464|0.991071|0.000000|0.000000|0.004464|0.000000|0.000000|0.000000
RL_LCE_Quest8_PruneQuant-20251025-164022,midtrain,wikitext,-12.0,-4.0,-5.0,10.184891665457274,10.370206569583349,0.8147321429901889,0.9628348244088036,0.8415178571428571,0.800000011920929,0.962834798863956,0.8415178571428571,0.200000|1.000000,0.000000|0.131138|0.000000|0.000000|0.100446|0.000000|0.000000|0.000000|0.000000|0.000000|0.000000|0.683036|0.000000|0.085379|0.000000|0.000000|0.000000|0.000000,0.000000|0.063058|0.141741|0.000000|0.016183|0.029018|0.000000|0.000000|0.000000|0.000000|0.189732|0.419643|0.000000|0.047991|0.092634|0.000000|0.000000|0.000000,0.000000|0.063058|0.141741|0.000000|0.016183|0.029018|0.000000|0.000000|0.000000|0.000000|0.189732|0.419643|0.000000|0.047991|0.092634|0.000000|0.000000|0.000000
RL_LCE_Quest8_PruneQuant-20251025-164022,midtrain,wikitext,-10.0,0.0,-5.0,11.489987505822402,12.113855599970947,0.6250000019956913,0.6863839525197234,0.6222098214285714,0.6499999761581421,0.6863839328289032,0.6222098214285714,0.200000|1.000000,0.000000|0.000000|0.000000|0.000000|0.363281|0.000000|0.000000|0.101562|0.003906|0.000000|0.000000|0.000558|0.000000|0.067522|0.000000|0.000000|0.223214|0.239955,0.000000|0.000000|0.000000|0.000000|0.148438|0.042969|0.000000|0.188058|0.058036|0.000000|0.000000|0.000000|0.000000|0.176897|0.063616|0.000000|0.242188|0.079799,0.000000|0.000000|0.000000|0.000000|0.148438|0.042969|0.000000|0.188058|0.058036|0.000000|0.000000|0.000000|0.000000|0.176897|0.063616|0.000000|0.242188|0.079799
RL_LCE_Quest8_PruneQuant-20251025-164022,midtrain,wikitext,0.0,0.0,-5.5,11.872096897157533,13.243357338109872,0.5142857151638184,0.6581473440996238,0.6640625,0.5,0.6581473494214671,0.6640625,0.200000|1.000000,0.000000|0.000000|0.000000|0.000000|0.285156|0.000000|0.000000|0.269531|0.052455|0.000000|0.000000|0.000000|0.000000|0.005580|0.000000|0.000000|0.111607|0.275670,0.000000|0.000000|0.000000|0.000000|0.146205|0.036272|0.000000|0.299107|0.143415|0.000000|0.000000|0.000000|0.000000|0.069196|0.039062|0.000000|0.157366|0.109375,0.000000|0.000000|0.000000|0.000000|0.146205|0.036272|0.000000|0.299107|0.143415|0.000000|0.000000|0.000000|0.000000|0.069196|0.039062|0.000000|0.157366|0.109375
RL_LCE_Quest8_PruneQuant-20251025-164022,midtrain,wikitext,-18.0,-4.0,-5.0,9.788908901255894,9.810099226842723,1.0,0.9830357150307724,0.9573102678571429,1.0,0.9830357304641179,0.9573102678571429,0.200000|1.000000,0.000000|0.000000|0.000000|0.000000|0.000000|0.000000|0.000000|0.000000|0.000000|0.000000|0.000558|0.914621|0.000000|0.084821|0.000000|0.000000|0.000000|0.000000,0.000000|0.000000|0.000000|0.000000|0.000000|0.000000|0.000000|0.000000|0.000000|0.000000|0.082031|0.833147|0.000000|0.003348|0.081473|0.000000|0.000000|0.000000,0.000000|0.000000|0.000000|0.000000|0.000000|0.000000|0.000000|0.000000|0.000000|0.000000|0.082031|0.833147|0.000000|0.003348|0.081473|0.000000|0.000000|0.000000
RL_LCE_Quest8_PruneQuant-20251025-164022,midtrain,wikitext,-12.0,-3.0,-7.0,10.070447953789927,10.053252413227867,0.8852678587926286,0.970535716840199,0.9294084821428571,0.8999999761581421,0.9705357210976737,0.9294084821428571,0.200000|1.000000,0.000000|0.000000|0.002232|0.000000|0.140625|0.000558|0.000000|0.000000|0.000000|0.000000|0.000000|0.853237|0.000000|0.000558|0.000000|0.000000|0.000000|0.002790,0.000000|0.006138|0.110491|0.000000|0.000000|0.008371|0.000000|0.000000|0.000000|0.000000|0.124442|0.611607|0.000000|0.010603|0.128348|0.000000|0.000000|0.000000,0.000000|0.006138|0.110491|0.000000|0.000000|0.008371|0.000000|0.000000|0.000000|0.000000|0.124442|0.611607|0.000000|0.010603|0.128348|0.000000|0.000000|0.000000
RL_LCE_Quest8_PruneQuant-20251025-164022,midtrain,wikitext,-10.0,3.0,-7.0,12.293468196080868,12.556063333326955,0.6763392881091151,0.6000000238418579,0.998046875,0.7000000178813934,0.6000000238418579,0.998046875,0.200000|1.000000,0.000000|0.000000|0.000000|0.000000|0.000000|0.000000|0.000000|0.003906|0.400670|0.000000|0.000000|0.000000|0.000000|0.000000|0.000000|0.000000|0.000000|0.595424,0.000000|0.000000|0.000000|0.000000|0.000000|0.000000|0.000000|0.000000|0.375000|0.000000|0.000000|0.000000|0.000000|0.000000|0.000000|0.000000|0.003906|0.621094,0.000000|0.000000|0.000000|0.000000|0.000000|0.000000|0.000000|0.000000|0.375000|0.000000|0.000000|0.000000|0.000000|0.000000|0.000000|0.000000|0.003906|0.621094
RL_LCE_Quest8_PruneQuant-20251025-164022,midtrain,wikitext,-18.0,-3.0,-7.0,9.804968332474019,9.784812837893707,1.0,0.9981026793164867,0.9997209821428571,1.0,0.9981026803808553,0.9997209821428571,0.200000|1.000000,0.000000|0.000000|0.000000|0.000000|0.000000|0.000000|0.000000|0.000000|0.000000|0.000000|0.000000|0.994978|0.000000|0.000558|0.000000|0.000000|0.000000|0.004464,0.000000|0.000000|0.000000|0.000000|0.000000|0.000000|0.000000|0.000000|0.000000|0.000000|0.000558|0.989955|0.000000|0.000000|0.009487|0.000000|0.000000|0.000000,0.000000|0.000000|0.000000|0.000000|0.000000|0.000000|0.000000|0.000000|0.000000|0.000000|0.000558|0.989955|0.000000|0.000000|0.009487|0.000000|0.000000|0.000000
RL_LCE_Quest8_PruneQuant-20251025-164022,midtrain,wikitext,0.0,0.0,-5.0,11.661976822464847,12.873562389532173,0.5098214302478092,0.6675223473991666,0.5636160714285714,0.5,0.6675223527210099,0.5636160714285714,0.200000|1.000000,0.000000|0.000000|0.000000|0.000000|0.312500|0.000000|0.000000|0.287946|0.012277|0.000000|0.000000|0.000000|0.000000|0.025112|0.000000|0.000000|0.247210|0.114955,0.000000|0.000000|0.000000|0.000000|0.222656|0.044643|0.000000|0.304129|0.053571|0.000000|0.000000|0.000000|0.000000|0.063058|0.007254|0.000000|0.282924|0.021763,0.000000|0.000000|0.000000|0.000000|0.222656|0.044643|0.000000|0.304129|0.053571|0.000000|0.000000|0.000000|0.000000|0.063058|0.007254|0.000000|0.282924|0.021763
RL_LCE_Quest8_PruneQuant-20251025-164022,midtrain,wikitext,-12.0,-3.0,-6.5,10.205515326210474,10.300276699754281,0.8526785720938018,0.9617187535124165,0.9073660714285714,0.8500000238418579,0.9617187269032001,0.9073660714285714,0.200000|1.000000,0.000000|0.001116|0.000558|0.000000|0.181920|0.000558|0.000000|0.000000|0.000000|0.000000|0.000000|0.810268|0.000000|0.002232|0.000000|0.000000|0.000000|0.003348,0.000000|0.121652|0.065848|0.000000|0.000000|0.000000|0.000000|0.000000|0.000000|0.000000|0.059152|0.561942|0.000000|0.004464|0.186942|0.000000|0.000000|0.000000,0.000000|0.121652|0.065848|0.000000|0.000000|0.000000|0.000000|0.000000|0.000000|0.000000|0.059152|0.561942|0.000000|0.004464|0.186942|0.000000|0.000000|0.000000
RL_LCE_Quest8_PruneQuant-20251025-164022,midtrain,wikitext,-18.0,-3.0,-6.5,9.800181918933518,9.782765448990023,1.0,0.9977678576750415,0.9988839285714286,1.0,0.9977678592715945,0.9988839285714286,0.200000|1.000000,0.000000|0.000000|0.000000|0.000000|0.000000|0.000000|0.000000|0.000000|0.000000|0.000000|0.000000|0.993304|0.000000|0.002232|0.000000|0.000000|0.000000|0.004464,0.000000|0.000000|0.000000|0.000000|0.000000|0.000000|0.000000|0.000000|0.000000|0.000000|0.002232|0.986607|0.000000|0.000000|0.011161|0.000000|0.000000|0.000000,0.000000|0.000000|0.000000|0.000000|0.000000|0.000000|0.000000|0.000000|0.000000|0.000000|0.002232|0.986607|0.000000|0.000000|0.011161|0.000000|0.000000|0.000000
RL_LCE_Quest8_PruneQuant-20251025-164022,midtrain,wikitext,-10.0,3.0,-6.5,12.229321814386308,12.622804036397651,0.6767857178513493,0.6000000238418579,0.9760044642857143,0.7000000178813934,0.6000000238418579,0.9760044642857143,0.200000|1.000000,0.000000|0.000000|0.000000|0.000000|0.000000|0.000000|0.000000|0.047991|0.356027|0.000000|0.000000|0.000000|0.000000|0.000000|0.000000|0.000000|0.000000|0.595982,0.000000|0.000000|0.000000|0.000000|0.000000|0.000000|0.000000|0.017857|0.357143|0.000000|0.000000|0.000000|0.000000|0.000000|0.000000|0.000000|0.030134|0.594866,0.000000|0.000000|0.000000|0.000000|0.000000|0.000000|0.000000|0.017857|0.357143|0.000000|0.000000|0.000000|0.000000|0.000000|0.000000|0.000000|0.030134|0.594866
RL_LCE_Quest8_PruneQuant-20251025-164022,midtrain,wikitext,-18.0,-3.0,-6.0,9.806678332353263,9.800865549216029,1.0,0.9935267870979649,0.98828125,1.0,0.9935267918876239,0.98828125,0.200000|1.000000,0.000000|0.000000|0.000000|0.000000|0.000000|0.000000|0.000000|0.000000|0.000000|0.000000|0.000000|0.972098|0.000000|0.023438|0.000000|0.000000|0.000000|0.004464,0.000000|0.000000|0.000000|0.000000|0.000000|0.000000|0.000000|0.000000|0.000000|0.000000|0.023438|0.944196|0.000000|0.000000|0.032366|0.000000|0.000000|0.000000,0.000000|0.000000|0.000000|0.000000|0.000000|0.000000|0.000000|0.000000|0.000000|0.000000|0.023438|0.944196|0.000000|0.000000|0.032366|0.000000|0.000000|0.000000
RL_LCE_Quest8_PruneQuant-20251025-164022,midtrain,wikitext,0.0,3.0,-7.0,12.4037227804892,13.390122377179612,0.5111607160153133,0.6000000238418579,0.9874441964285714,0.5,0.6000000238418579,0.9874441964285714,0.200000|1.000000,0.000000|0.000000|0.000000|0.000000|0.000000|0.000000|0.000000|0.025112|0.585938|0.000000|0.000000|0.000000|0.000000|0.000000|0.000000|0.000000|0.000000|0.388951,0.000000|0.000000|0.000000|0.000000|0.000000|0.000000|0.000000|0.015067|0.609933|0.000000|0.000000|0.000000|0.000000|0.000000|0.000000|0.000000|0.010045|0.364955,0.000000|0.000000|0.000000|0.000000|0.000000|0.000000|0.000000|0.015067|0.609933|0.000000|0.000000|0.000000|0.000000|0.000000|0.000000|0.000000|0.010045|0.364955
RL_LCE_Quest8_PruneQuant-20251025-164022,midtrain,wikitext,-12.0,-3.0,-6.0,10.267279114802871,10.31825462778718,0.8388392860069871,0.954352682190282,0.8883928571428571,0.8500000238418579,0.9543526624994618,0.8883928571428571,0.200000|1.000000,0.000000|0.001674|0.000000|0.000000|0.199777|0.000000|0.000000|0.000000|0.000000|0.000000|0.000000|0.773438|0.000000|0.021763|0.000000|0.000000|0.000000|0.003348,0.000000|0.054688|0.102679|0.000000|0.025670|0.004464|0.000000|0.000000|0.000000|0.000000|0.053013|0.561384|0.000000|0.089844|0.108259|0.000000|0.000000|0.000000,0.000000|0.054688|0.102679|0.000000|0.025670|0.004464|0.000000|0.000000|0.000000|0.000000|0.053013|0.561384|0.000000|0.089844|0.108259|0.000000|0.000000|0.000000
RL_LCE_Quest8_PruneQuant-20251025-164022,midtrain,wikitext,-10.0,3.0,-6.0,12.302904583054088,12.92755460353419,0.6696428596707327,0.6000000238418579,0.8959263392857143,0.6499999761581421,0.6000000238418579,0.8959263392857143,0.200000|1.000000,0.000000|0.000000|0.000000|0.000000|0.000000|0.000000|0.000000|0.199777|0.213170|0.000000|0.000000|0.000000|0.000000|0.000000|0.000000|0.000000|0.008371|0.578683,0.000000|0.000000|0.000000|0.000000|0.000000|0.000000|0.000000|0.088728|0.348772|0.000000|0.000000|0.000000|0.000000|0.000000|0.000000|0.000000|0.119420|0.443080,0.000000|0.000000|0.000000|0.000000|0.000000|0.000000|0.000000|0.088728|0.348772|0.000000|0.000000|0.000000|0.000000|0.000000|0.000000|0.000000|0.119420|0.443080
RL_LCE_Quest8_PruneQuant-20251025-164022,midtrain,wikitext,-18.0,-3.0,-5.5,9.827907123925858,9.837852488395342,1.0,0.9684151799551078,0.9249441964285714,1.0,0.9684151772941861,0.9249441964285714,0.200000|1.000000,0.000000|0.000000|0.000000|0.000000|0.000000|0.000000|0.000000|0.000000|0.000000|0.000000|0.000000|0.845982|0.000000|0.150112|0.000000|0.000000|0.000000|0.003906,0.000000|0.000000|0.000000|0.000000|0.000000|0.000000|0.000000|0.000000|0.000000|0.000000|0.137835|0.704241|0.000000|0.012277|0.145647|0.000000|0.000000|0.000000,0.000000|0.000000|0.000000|0.000000|0.000000|0.000000|0.000000|0.000000|0.000000|0.000000|0.137835|0.704241|0.000000|0.012277|0.145647|0.000000|0.000000|0.000000
RL_LCE_Quest8_PruneQuant-20251025-164022,midtrain,wikitext,-12.0,-3.0,-5.5,10.270860682113966,10.365867268480804,0.8160714288907391,0.9227678610810212,0.8091517857142857,0.800000011920929,0.9227678456476757,0.8091517857142857,0.200000|1.000000,0.000000|0.002232|0.000000|0.000000|0.227679|0.000000|0.000000|0.000000|0.000000|0.000000|0.000000|0.614955|0.000000|0.151786|0.000000|0.000000|0.000000|0.003348,0.000000|0.085379|0.066964|0.000000|0.011161|0.086496|0.000000|0.000000|0.000000|0.000000|0.254464|0.207031|0.000000|0.030692|0.257812|0.000000|0.000000|0.000000,0.000000|0.085379|0.066964|0.000000|0.011161|0.086496|0.000000|0.000000|0.000000|0.000000|0.254464|0.207031|0.000000|0.030692|0.257812|0.000000|0.000000|0.000000
RL_LCE_Quest8_PruneQuant-20251025-164022,midtrain,wikitext,0.0,3.0,-6.5,12.651011407994284,13.537569551425428,0.5120535725727677,0.6000000238418579,0.9202008928571429,0.5,0.6000000238418579,0.9202008928571429,0.200000|1.000000,0.000000|0.000000|0.000000|0.000000|0.000000|0.000000|0.000000|0.159598|0.450335|0.000000|0.000000|0.000000|0.000000|0.000000|0.000000|0.000000|0.000000|0.390067,0.000000|0.000000|0.000000|0.000000|0.000000|0.000000|0.000000|0.094308|0.530692|0.000000|0.000000|0.000000|0.000000|0.000000|0.000000|0.000000|0.065290|0.309710,0.000000|0.000000|0.000000|0.000000|0.000000|0.000000|0.000000|0.094308|0.530692|0.000000|0.000000|0.000000|0.000000|0.000000|0.000000|0.000000|0.065290|0.309710
RL_LCE_Quest8_PruneQuant-20251025-164022,midtrain,wikitext,-18.0,-3.0,-5.0,9.86086821255815,9.880146541150154,1.0,0.9483258942408221,0.8724888392857143,1.0,0.9483258825327668,0.8724888392857143,0.200000|1.000000,0.000000|0.000000|0.000000|0.000000|0.000000|0.000000|0.000000|0.000000|0.000000|0.000000|0.000000|0.743304|0.000000|0.255022|0.000000|0.000000|0.000000|0.001674,0.000000|0.000000|0.000000|0.000000|0.000000|0.000000|0.000000|0.000000|0.000000|0.000000|0.037388|0.704241|0.000000|0.217634|0.040737|0.000000|0.000000|0.000000,0.000000|0.000000|0.000000|0.000000|0.000000|0.000000|0.000000|0.000000|0.000000|0.000000|0.037388|0.704241|0.000000|0.217634|0.040737|0.000000|0.000000|0.000000
RL_LCE_Quest8_PruneQuant-20251025-164022,midtrain,wikitext,-10.0,3.0,-5.5,12.225910091207329,12.633374422970494,0.6491071462099042,0.6000000238418579,0.7670200892857143,0.6499999761581421,0.6000000238418579,0.7670200892857143,0.200000|1.000000,0.000000|0.000000|0.000000|0.000000|0.000000|0.000000|0.000000|0.352121|0.086496|0.000000|0.000000|0.000000|0.000000|0.000000|0.000000|0.000000|0.113839|0.447545,0.000000|0.000000|0.000000|0.000000|0.000000|0.000000|0.000000|0.236049|0.201451|0.000000|0.000000|0.000000|0.000000|0.000000|0.000000|0.000000|0.229911|0.332589,0.000000|0.000000|0.000000|0.000000|0.000000|0.000000|0.000000|0.236049|0.201451|0.000000|0.000000|0.000000|0.000000|0.000000|0.000000|0.000000|0.229911|0.332589
RL_LCE_Quest8_PruneQuant-20251025-164022,midtrain,wikitext,-12.0,-3.0,-5.0,10.34203354829357,10.412246910602303,0.8000000006120119,0.8978794696075576,0.7452566964285714,0.800000011920929,0.8978794499167374,0.7452566964285714,0.200000|1.000000,0.000000|0.002232|0.000000|0.000000|0.247768|0.000000|0.000000|0.000000|0.000000|0.000000|0.000000|0.488839|0.000000|0.259487|0.000000|0.000000|0.000000|0.001674,0.000000|0.020089|0.103237|0.000000|0.107143|0.019531|0.000000|0.000000|0.000000|0.000000|0.055804|0.310268|0.000000|0.326451|0.057478|0.000000|0.000000|0.000000,0.000000|0.020089|0.103237|0.000000|0.107143|0.019531|0.000000|0.000000|0.000000|0.000000|0.055804|0.310268|0.000000|0.326451|0.057478|0.000000|0.000000|0.000000
RL_LCE_Quest8_PruneQuant-20251025-164022,midtrain,wikitext,0.0,3.0,-6.0,12.529815562252995,13.20830005600713,0.5111607160153133,0.6000000238418579,0.8119419642857143,0.5,0.6000000238418579,0.8119419642857143,0.200000|1.000000,0.000000|0.000000|0.000000|0.000000|0.000000|0.000000|0.000000|0.368304|0.242746|0.000000|0.000000|0.000000|0.000000|0.000000|0.000000|0.000000|0.007812|0.381138,0.000000|0.000000|0.000000|0.000000|0.000000|0.000000|0.000000|0.219308|0.405692|0.000000|0.000000|0.000000|0.000000|0.000000|0.000000|0.000000|0.156808|0.218192,0.000000|0.000000|0.000000|0.000000|0.000000|0.000000|0.000000|0.219308|0.405692|0.000000|0.000000|0.000000|0.000000|0.000000|0.000000|0.000000|0.156808|0.218192
RL_LCE_Quest8_PruneQuant-20251025-164022,midtrain,wikitext,-18.0,-2.0,-7.0,9.935088895369343,9.828249900101603,1.0,0.9513392874172756,0.9997209821428571,1.0,0.9513392725161144,0.9997209821428571,0.200000|1.000000,0.000000|0.000000|0.000000|0.000000|0.000000|0.000000|0.000000|0.000000|0.000000|0.000000|0.000000|0.877790|0.000000|0.000558|0.000558|0.000000|0.000000|0.121094,0.000000|0.000000|0.000000|0.000000|0.000000|0.000000|0.000000|0.000000|0.000000|0.000000|0.000558|0.756138|0.000000|0.000000|0.243304|0.000000|0.000000|0.000000,0.000000|0.000000|0.000000|0.000000|0.000000|0.000000|0.000000|0.000000|0.000000|0.000000|0.000558|0.756138|0.000000|0.000000|0.243304|0.000000|0.000000|0.000000
RL_LCE_Quest8_PruneQuant-20251025-164022,midtrain,wikitext,-10.0,3.0,-5.0,12.407184123505807,12.847547046365234,0.6254464316048792,0.6000000238418579,0.6487165178571429,0.6499999761581421,0.6000000238418579,0.6487165178571429,0.200000|1.000000,0.000000|0.000000|0.000000|0.000000|0.000000|0.000000|0.000000|0.438058|0.030134|0.000000|0.000000|0.000000|0.000000|0.000000|0.000000|0.000000|0.264509|0.267299,0.000000|0.000000|0.000000|0.000000|0.000000|0.000000|0.000000|0.303571|0.133929|0.000000|0.000000|0.000000|0.000000|0.000000|0.000000|0.000000|0.398996|0.163504,0.000000|0.000000|0.000000|0.000000|0.000000|0.000000|0.000000|0.303571|0.133929|0.000000|0.000000|0.000000|0.000000|0.000000|0.000000|0.000000|0.398996|0.163504
RL_LCE_Quest8_PruneQuant-20251025-164022,midtrain,wikitext,-12.0,-2.0,-7.0,10.382149016199081,10.339869565693277,0.8437500007982764,0.9097098266439778,0.90625,0.8500000238418579,0.9097098346267428,0.90625,0.200000|1.000000,0.000000|0.000000|0.000000|0.000000|0.186942|0.001116|0.000000|0.000000|0.007254|0.000000|0.000000|0.679688|0.000000|0.000558|0.000558|0.000000|0.000000|0.123884,0.000000|0.063058|0.043527|0.000000|0.061942|0.018973|0.000000|0.000000|0.000000|0.000000|0.030692|0.411272|0.000000|0.031808|0.338728|0.000000|0.000000|0.000000,0.000000|0.063058|0.043527|0.000000|0.061942|0.018973|0.000000|0.000000|0.000000|0.000000|0.030692|0.411272|0.000000|0.031808|0.338728|0.000000|0.000000|0.000000
RL_LCE_Quest8_PruneQuant-20251025-164022,midtrain,wikitext,-18.0,-2.0,-6.5,9.952429430810072,9.85811723804327,1.0,0.9464285756860461,0.9818638392857143,1.0,0.9464285629136222,0.9818638392857143,0.200000|1.000000,0.000000|0.000000|0.000000|0.000000|0.000000|0.000000|0.000000|0.000000|0.000000|0.000000|0.000000|0.847656|0.000000|0.036272|0.000558|0.000000|0.000000|0.115513,0.000000|0.000000|0.000000|0.000000|0.000000|0.000000|0.000000|0.000000|0.000000|0.000000|0.023996|0.708147|0.000000|0.012277|0.255580|0.000000|0.000000|0.000000,0.000000|0.000000|0.000000|0.000000|0.000000|0.000000|0.000000|0.000000|0.000000|0.000000|0.023996|0.708147|0.000000|0.012277|0.255580|0.000000|0.000000|0.000000
RL_LCE_Quest8_PruneQuant-20251025-164022,midtrain,wikitext,0.0,3.0,-5.5,12.321799092489961,13.286846402666313,0.5138392874172756,0.6000000238418579,0.6852678571428571,0.5,0.6000000238418579,0.6852678571428571,0.200000|1.000000,0.000000|0.000000|0.000000|0.000000|0.000000|0.000000|0.000000|0.513393|0.094308|0.000000|0.000000|0.000000|0.000000|0.000000|0.000000|0.000000|0.116071|0.276228,0.000000|0.000000|0.000000|0.000000|0.000000|0.000000|0.000000|0.495536|0.129464|0.000000|0.000000|0.000000|0.000000|0.000000|0.000000|0.000000|0.133929|0.241071,0.000000|0.000000|0.000000|0.000000|0.000000|0.000000|0.000000|0.495536|0.129464|0.000000|0.000000|0.000000|0.000000|0.000000|0.000000|0.000000|0.133929|0.241071
RL_LCE_Quest8_PruneQuant-20251025-164022,midtrain,wikitext,-12.0,-2.0,-6.5,10.404260667155004,10.431511679204032,0.8281250010643687,0.9033482191818101,0.8747209821428571,0.8500000238418579,0.9033482032162803,0.8747209821428571,0.200000|1.000000,0.000000|0.000000|0.000000|0.000000|0.212612|0.000000|0.000000|0.000000|0.002232|0.000000|0.000000|0.632812|0.000000|0.037946|0.000558|0.000000|0.000000|0.113839,0.000000|0.024554|0.071987|0.000000|0.022321|0.068638|0.000000|0.000000|0.000000|0.000000|0.107701|0.312500|0.000000|0.095982|0.296317|0.000000|0.000000|0.000000,0.000000|0.024554|0.071987|0.000000|0.022321|0.068638|0.000000|0.000000|0.000000|0.000000|0.107701|0.312500|0.000000|0.095982|0.296317|0.000000|0.000000|0.000000
RL_LCE_Quest8_PruneQuant-20251025-164022,midtrain,wikitext,-5.0,-5.0,-7.0,10.417332256977726,11.069871298882072,0.5522321440013391,0.9988839291036129,0.7745535714285714,0.550000011920929,0.9988839296357972,0.7745535714285714,0.200000|1.000000,0.000000|0.445312|0.108817|0.000000|0.005580|0.000000|0.000000|0.000000|0.000000|0.000000|0.000000|0.440290|0.000000|0.000000|0.000000|0.000000|0.000000|0.000000,0.000000|0.248326|0.311942|0.000000|0.001674|0.000558|0.000000|0.000000|0.000000|0.000000|0.199219|0.234933|0.000000|0.001674|0.001674|0.000000|0.000000|0.000000,0.000000|0.248326|0.311942|0.000000|0.001674|0.000558|0.000000|0.000000|0.000000|0.000000|0.199219|0.234933|0.000000|0.001674|0.001674|0.000000|0.000000|0.000000
RL_LCE_Quest8_PruneQuant-20251025-164022,midtrain,wikitext,-18.0,-2.0,-6.0,9.91639505091774,9.846090745406153,1.0,0.9421875029802322,0.9204799107142857,1.0,0.9421874955296516,0.9204799107142857,0.200000|1.000000,0.000000|0.000000|0.000000|0.000000|0.000000|0.000000|0.000000|0.000000|0.000000|0.000000|0.000000|0.775670|0.000000|0.159040|0.000558|0.000000|0.000000|0.064732,0.000000|0.000000|0.000000|0.000000|0.000000|0.000000|0.000000|0.000000|0.000000|0.000000|0.106027|0.604911|0.000000|0.053013|0.236049|0.000000|0.000000|0.000000,0.000000|0.000000|0.000000|0.000000|0.000000|0.000000|0.000000|0.000000|0.000000|0.000000|0.106027|0.604911|0.000000|0.053013|0.236049|0.000000|0.000000|0.000000
RL_LCE_Quest8_PruneQuant-20251025-164022,midtrain,wikitext,0.0,3.0,-5.0,12.701412015954372,13.387320607904288,0.5120535727058139,0.6000000238418579,0.5733816964285714,0.5,0.6000000238418579,0.5733816964285714,0.200000|1.000000,0.000000|0.000000|0.000000|0.000000|0.000000|0.000000|0.000000|0.581473|0.028460|0.000000|0.000000|0.000000|0.000000|0.000000|0.000000|0.000000|0.271763|0.118304,0.000000|0.000000|0.000000|0.000000|0.000000|0.000000|0.000000|0.522321|0.102679|0.000000|0.000000|0.000000|0.000000|0.000000|0.000000|0.000000|0.330915|0.044085,0.000000|0.000000|0.000000|0.000000|0.000000|0.000000|0.000000|0.522321|0.102679|0.000000|0.000000|0.000000|0.000000|0.000000|0.000000|0.000000|0.330915|0.044085
RL_LCE_Quest8_PruneQuant-20251025-164022,midtrain,wikitext,-18.0,-2.0,-5.5,9.864308010274193,9.882214310483949,1.0,0.9369419696075576,0.8621651785714286,1.0,0.9369419632213456,0.8621651785714286,0.200000|1.000000,0.000000|0.000000|0.000000|0.000000|0.000000|0.000000|0.000000|0.000000|0.000000|0.000000|0.000000|0.704241|0.000000|0.275670|0.000558|0.000000|0.000000|0.019531,0.000000|0.000000|0.000000|0.000000|0.000000|0.000000|0.000000|0.000000|0.000000|0.000000|0.205357|0.479353|0.000000|0.070312|0.244978|0.000000|0.000000|0.000000,0.000000|0.000000|0.000000|0.000000|0.000000|0.000000|0.000000|0.000000|0.000000|0.000000|0.205357|0.479353|0.000000|0.070312|0.244978|0.000000|0.000000|0.000000
RL_LCE_Quest8_PruneQuant-20251025-164022,midtrain,wikitext,-12.0,-2.0,-6.0,10.36622880754459,10.378890622030385,0.8062500007716673,0.8933035768568516,0.7993861607142857,0.800000011920929,0.8933035784534046,0.7993861607142857,0.200000|1.000000,0.000000|0.000000|0.000000|0.000000|0.241629|0.000000|0.000000|0.000000|0.000558|0.000000|0.000000|0.532366|0.000000|0.159598|0.000558|0.000000|0.000000|0.065290,0.000000|0.046317|0.065848|0.000000|0.055246|0.082589|0.000000|0.000000|0.000000|0.000000|0.141183|0.213170|0.000000|0.158482|0.237165|0.000000|0.000000|0.000000,0.000000|0.046317|0.065848|0.000000|0.055246|0.082589|0.000000|0.000000|0.000000|0.000000|0.141183|0.213170|0.000000|0.158482|0.237165|0.000000|0.000000|0.000000
RL_LCE_Quest8_PruneQuant-20251025-164022,midtrain,wikitext,-5.0,-5.0,-6.5,10.403534948837216,10.996757387959468,0.5517857154565198,0.9985491074621677,0.7273995535714286,0.550000011920929,0.9985491085265364,0.7273995535714286,0.200000|1.000000,0.000000|0.537946|0.015067|0.000000|0.007254|0.000000|0.000000|0.000000|0.000000|0.000000|0.000000|0.439732|0.000000|0.000000|0.000000|0.000000|0.000000|0.000000,0.000000|0.343750|0.215402|0.000000|0.003348|0.000000|0.000000|0.000000|0.000000|0.000000|0.196987|0.236607|0.000000|0.001116|0.002790|0.000000|0.000000|0.000000,0.000000|0.343750|0.215402|0.000000|0.003348|0.000000|0.000000|0.000000|0.000000|0.000000|0.196987|0.236607|0.000000|0.001116|0.002790|0.000000|0.000000|0.000000
RL_LCE_Quest8_PruneQuant-20251025-164022,midtrain,wikitext,-18.0,-2.0,-5.0,9.884282512571449,9.82653613876746,1.0,0.9327008958373751,0.8387276785714286,1.0,0.9327008857258728,0.8387276785714286,0.200000|1.000000,0.000000|0.000000|0.000000|0.000000|0.000000|0.000000|0.000000|0.000000|0.000000|0.000000|0.000000|0.670201|0.000000|0.322545|0.000558|0.000000|0.000000|0.006696,0.000000|0.000000|0.000000|0.000000|0.000000|0.000000|0.000000|0.000000|0.000000|0.000000|0.242746|0.420759|0.000000|0.079799|0.256696|0.000000|0.000000|0.000000,0.000000|0.000000|0.000000|0.000000|0.000000|0.000000|0.000000|0.000000|0.000000|0.000000|0.242746|0.420759|0.000000|0.079799|0.256696|0.000000|0.000000|0.000000
RL_LCE_Quest8_PruneQuant-20251025-164022,midtrain,wikitext,5.0,-5.0,-7.0,11.109322250265539,11.701089061400971,0.29955357406288385,1.0,0.9681919642857143,0.30000001192092896,1.0,0.9681919642857143,0.200000|1.000000,0.000000|0.063616|0.811942|0.000000|0.000000|0.000000|0.000000|0.000000|0.000000|0.000000|0.000000|0.124442|0.000000|0.000000|0.000000|0.000000|0.000000|0.000000,0.000000|0.056362|0.818638|0.000000|0.000000|0.000000|0.000000|0.000000|0.000000|0.000000|0.007254|0.117746|0.000000|0.000000|0.000000|0.000000|0.000000|0.000000,0.000000|0.056362|0.818638|0.000000|0.000000|0.000000|0.000000|0.000000|0.000000|0.000000|0.007254|0.117746|0.000000|0.000000|0.000000|0.000000|0.000000|0.000000
RL_LCE_Quest8_PruneQuant-20251025-164022,midtrain,wikitext,-12.0,-2.0,-5.5,10.381062771163766,10.490251827674902,0.7933035716414452,0.8844866167221751,0.7293526785714286,0.800000011920929,0.8844866321555206,0.7293526785714286,0.200000|1.000000,0.000000|0.000000|0.000000|0.000000|0.258371|0.000000|0.000000|0.000000|0.000000|0.000000|0.000000|0.440290|0.000000|0.282924|0.000558|0.000000|0.000000|0.017857,0.000000|0.055246|0.049107|0.000000|0.082031|0.063616|0.000000|0.000000|0.000000|0.000000|0.165179|0.152902|0.000000|0.238839|0.193080|0.000000|0.000000|0.000000,0.000000|0.055246|0.049107|0.000000|0.082031|0.063616|0.000000|0.000000|0.000000|0.000000|0.165179|0.152902|0.000000|0.238839|0.193080|0.000000|0.000000|0.000000
RL_LCE_Quest8_PruneQuant-20251025-164022,midtrain,wikitext,-5.0,-5.0,-6.0,10.405712255665678,10.90661427745265,0.5513392869117004,0.9986607150307724,0.7195870535714286,0.550000011920929,0.9986607155629567,0.7195870535714286,0.200000|1.000000,0.000000|0.554129|0.000000|0.000000|0.006696|0.000000|0.000000|0.000000|0.000000|0.000000|0.000000|0.439174|0.000000|0.000000|0.000000|0.000000|0.000000|0.000000,0.000000|0.370536|0.189732|0.000000|0.002232|0.000000|0.000000|0.000000|0.000000|0.000000|0.188058|0.244978|0.000000|0.000000|0.004464|0.000000|0.000000|0.000000,0.000000|0.370536|0.189732|0.000000|0.002232|0.000000|0.000000|0.000000|0.000000|0.000000|0.188058|0.244978|0.000000|0.000000|0.004464|0.000000|0.000000|0.000000
RL_LCE_Quest8_PruneQuant-20251025-164022,midtrain,wikitext,-18.0,-1.0,-7.0,10.2554688014924,9.900843719277066,1.0,0.8482142952936036,1.0,1.0,0.8482143048729215,1.0,0.200000|1.000000,0.000000|0.000000|0.000000|0.000000|0.000000|0.000000|0.000000|0.000000|0.000000|0.000000|0.000000|0.598214|0.000000|0.000000|0.044643|0.000000|0.000000|0.357143,0.000000|0.000000|0.000000|0.000000|0.000000|0.000000|0.000000|0.000000|0.000000|0.000000|0.000000|0.241071|0.000000|0.000000|0.758929|0.000000|0.000000|0.000000,0.000000|0.000000|0.000000|0.000000|0.000000|0.000000|0.000000|0.000000|0.000000|0.000000|0.000000|0.241071|0.000000|0.000000|0.758929|0.000000|0.000000|0.000000
RL_LCE_Quest8_PruneQuant-20251025-164022,midtrain,wikitext,5.0,-5.0,-6.5,11.144248654718748,11.763285220333842,0.29955357406288385,1.0,0.9514508928571429,0.30000001192092896,1.0,0.9514508928571429,0.200000|1.000000,0.000000|0.097098|0.778460|0.000000|0.000000|0.000000|0.000000|0.000000|0.000000|0.000000|0.000000|0.124442|0.000000|0.000000|0.000000|0.000000|0.000000|0.000000,0.000000|0.075893|0.799107|0.000000|0.000000|0.000000|0.000000|0.000000|0.000000|0.000000|0.021205|0.103795|0.000000|0.000000|0.000000|0.000000|0.000000|0.000000,0.000000|0.075893|0.799107|0.000000|0.000000|0.000000|0.000000|0.000000|0.000000|0.000000|0.021205|0.103795|0.000000|0.000000|0.000000|0.000000|0.000000|0.000000
RL_LCE_Quest8_PruneQuant-20251025-164022,midtrain,wikitext,-12.0,-2.0,-5.0,10.381786921892163,10.523231947424389,0.7790178575419954,0.876227685383388,0.6967075892857143,0.800000011920929,0.8762276816580977,0.6967075892857143,0.200000|1.000000,0.000000|0.000000|0.000000|0.000000|0.276228|0.000000|0.000000|0.000000|0.000000|0.000000|0.000000|0.387277|0.000000|0.330357|0.000000|0.000000|0.000000|0.006138,0.000000|0.084263|0.012277|0.000000|0.066406|0.087054|0.000000|0.000000|0.000000|0.000000|0.244420|0.040179|0.000000|0.211496|0.253906|0.000000|0.000000|0.000000,0.000000|0.084263|0.012277|0.000000|0.066406|0.087054|0.000000|0.000000|0.000000|0.000000|0.244420|0.040179|0.000000|0.211496|0.253906|0.000000|0.000000|0.000000
RL_LCE_Quest8_PruneQuant-20251025-164022,midtrain,wikitext,-18.0,-1.0,-6.5,10.267637215324779,9.891869624137817,1.0,0.8491071531815189,0.9977678571428571,1.0,0.8491071643573898,0.9977678571428571,0.200000|1.000000,0.000000|0.000000|0.000000|0.000000|0.000000|0.000000|0.000000|0.000000|0.000000|0.000000|0.000000|0.597656|0.000000|0.004464|0.045759|0.000000|0.000000|0.352121,0.000000|0.000000|0.000000|0.000000|0.000000|0.000000|0.000000|0.000000|0.000000|0.000000|0.001116|0.244420|0.000000|0.003348|0.751116|0.000000|0.000000|0.000000,0.000000|0.000000|0.000000|0.000000|0.000000|0.000000|0.000000|0.000000|0.000000|0.000000|0.001116|0.244420|0.000000|0.003348|0.751116|0.000000|0.000000|0.000000
RL_LCE_Quest8_PruneQuant-20251025-164022,midtrain,wikitext,-5.0,-5.0,-5.5,10.403534948837216,10.918793633281458,0.5500000012772424,0.9986607150307724,0.71875,0.550000011920929,0.9986607155629567,0.71875,0.200000|1.000000,0.000000|0.555804|0.000000|0.000000|0.006696|0.000000|0.000000|0.000000|0.000000|0.000000|0.000000|0.437500|0.000000|0.000000|0.000000|0.000000|0.000000|0.000000,0.000000|0.372768|0.187500|0.000000|0.002232|0.000000|0.000000|0.000000|0.000000|0.000000|0.187500|0.245536|0.000000|0.000000|0.004464|0.000000|0.000000|0.000000,0.000000|0.372768|0.187500|0.000000|0.002232|0.000000|0.000000|0.000000|0.000000|0.000000|0.187500|0.245536|0.000000|0.000000|0.004464|0.000000|0.000000|0.000000
RL_LCE_Quest8_PruneQuant-20251025-164022,midtrain,wikitext,-12.0,-1.0,-7.0,11.187866010712346,10.363698298877177,0.8156250004789659,0.7930803682122912,0.9118303571428571,0.800000011920929,0.7930803756628718,0.9118303571428571,0.200000|1.000000,0.000000|0.000000|0.000000|0.000000|0.176339|0.000000|0.000000|0.000000|0.054129|0.000000|0.000000|0.385603|0.000000|0.000000|0.017857|0.000000|0.000000|0.366071,0.000000|0.000000|0.000000|0.000000|0.043527|0.197545|0.000000|0.001674|0.007254|0.000000|0.000000|0.000000|0.000000|0.124442|0.599888|0.000000|0.006696|0.018973,0.000000|0.000000|0.000000|0.000000|0.043527|0.197545|0.000000|0.001674|0.007254|0.000000|0.000000|0.000000|0.000000|0.124442|0.599888|0.000000|0.006696|0.018973
RL_LCE_Quest8_PruneQuant-20251025-164022,midtrain,wikitext,5.0,-5.0,-6.0,11.142694040972968,11.758363000493409,0.29955357406288385,1.0,0.9349888392857143,0.30000001192092896,1.0,0.9349888392857143,0.200000|1.000000,0.000000|0.130022|0.745536|0.000000|0.000000|0.000000|0.000000|0.000000|0.000000|0.000000|0.000000|0.124442|0.000000|0.000000|0.000000|0.000000|0.000000|0.000000,0.000000|0.098772|0.776228|0.000000|0.000000|0.000000|0.000000|0.000000|0.000000|0.000000|0.031250|0.093750|0.000000|0.000000|0.000000|0.000000|0.000000|0.000000,0.000000|0.098772|0.776228|0.000000|0.000000|0.000000|0.000000|0.000000|0.000000|0.000000|0.031250|0.093750|0.000000|0.000000|0.000000|0.000000|0.000000|0.000000
RL_LCE_Quest8_PruneQuant-20251025-164022,midtrain,wikitext,-18.0,-1.0,-6.0,10.211924260021886,9.91189993668743,1.0,0.8556919736521584,0.9740513392857143,1.0,0.8556919763130801,0.9740513392857143,0.200000|1.000000,0.000000|0.000000|0.000000|0.000000|0.000000|0.000000|0.000000|0.000000|0.000000|0.000000|0.000000|0.593750|0.000000|0.048549|0.042411|0.000000|0.003348|0.311942,0.000000|0.000000|0.000000|0.000000|0.000000|0.000000|0.000000|0.000000|0.000000|0.000000|0.012835|0.265625|0.000000|0.039062|0.682478|0.000000|0.000000|0.000000,0.000000|0.000000|0.000000|0.000000|0.000000|0.000000|0.000000|0.000000|0.000000|0.000000|0.012835|0.265625|0.000000|0.039062|0.682478|0.000000|0.000000|0.000000
RL_LCE_Quest8_PruneQuant-20251025-164022,midtrain,wikitext,-5.0,-5.0,-5.0,10.404260667155004,10.883814590389372,0.5491071439215115,0.9976562517029899,0.7142857142857143,0.550000011920929,0.9976562522351742,0.7142857142857143,0.200000|1.000000,0.000000|0.556920|0.000000|0.000000|0.006696|0.000000|0.000000|0.000000|0.000000|0.000000|0.002790|0.428571|0.000000|0.005022|0.000000|0.000000|0.000000|0.000000,0.000000|0.367746|0.190290|0.000000|0.003906|0.000558|0.000000|0.000000|0.000000|0.000000|0.199219|0.231027|0.000000|0.000558|0.006696|0.000000|0.000000|0.000000,0.000000|0.367746|0.190290|0.000000|0.003906|0.000558|0.000000|0.000000|0.000000|0.000000|0.199219|0.231027|0.000000|0.000558|0.006696|0.000000|0.000000|0.000000
RL_LCE_Quest8_PruneQuant-20251025-164022,midtrain,wikitext,-12.0,-1.0,-6.5,10.957706172114339,10.4013580975917,0.8035714295027512,0.7964285835623741,0.8858816964285714,0.800000011920929,0.7964285867554801,0.8858816964285714,0.200000|1.000000,0.000000|0.000000|0.000000|0.000000|0.223214|0.000000|0.000000|0.000000|0.022321|0.000000|0.000000|0.367746|0.000000|0.005022|0.018415|0.000000|0.000000|0.363281,0.000000|0.000000|0.000000|0.000000|0.015067|0.230469|0.000000|0.001116|0.003348|0.000000|0.000000|0.000000|0.000000|0.208705|0.527902|0.000000|0.003348|0.010045,0.000000|0.000000|0.000000|0.000000|0.015067|0.230469|0.000000|0.001116|0.003348|0.000000|0.000000|0.000000|0.000000|0.208705|0.527902|0.000000|0.003348|0.010045
RL_LCE_Quest8_PruneQuant-20251025-164022,midtrain,wikitext,-18.0,-1.0,-5.5,10.179209717674162,9.89842681614754,1.0,0.872209830475705,0.896484375,1.0,0.8722098208963871,0.896484375,0.200000|1.000000,0.000000|0.000000|0.000000|0.000000|0.000000|0.000000|0.000000|0.000000|0.000000|0.000000|0.000000|0.574219|0.000000|0.169085|0.043527|0.000000|0.037946|0.175223,0.000000|0.000000|0.000000|0.000000|0.000000|0.000000|0.000000|0.000000|0.000000|0.000000|0.064174|0.296875|0.000000|0.142857|0.496094|0.000000|0.000000|0.000000,0.000000|0.000000|0.000000|0.000000|0.000000|0.000000|0.000000|0.000000|0.000000|0.000000|0.064174|0.296875|0.000000|0.142857|0.496094|0.000000|0.000000|0.000000
RL_LCE_Quest8_PruneQuant-20251025-164022,midtrain,wikitext,5.0,-5.0,-5.5,11.139585464053257,11.74606645997507,0.29955357406288385,1.0,0.921875,0.30000001192092896,1.0,0.921875,0.200000|1.000000,0.000000|0.156250|0.719308|0.000000|0.000000|0.000000|0.000000|0.000000|0.000000|0.000000|0.000000|0.124442|0.000000|0.000000|0.000000|0.000000|0.000000|0.000000,0.000000|0.144531|0.730469|0.000000|0.000000|0.000000|0.000000|0.000000|0.000000|0.000000|0.011719|0.113281|0.000000|0.000000|0.000000|0.000000|0.000000|0.000000,0.000000|0.144531|0.730469|0.000000|0.000000|0.000000|0.000000|0.000000|0.000000|0.000000|0.011719|0.113281|0.000000|0.000000|0.000000|0.000000|0.000000|0.000000
RL_LCE_Quest8_PruneQuant-20251025-164022,midtrain,wikitext,-5.0,-4.0,-7.0,10.437698491468755,11.126383684227475,0.5535714297688433,0.94866071375353,0.7594866071428571,0.550000011920929,0.9486607036420277,0.7594866071428571,0.200000|1.000000,0.000000|0.224330|0.077009|0.000000|0.256696|0.000000|0.000000|0.000000|0.000000|0.000000|0.000000|0.441964|0.000000|0.000000|0.000000|0.000000|0.000000|0.000000,0.000000|0.202009|0.221540|0.000000|0.065290|0.073661|0.000000|0.000000|0.000000|0.000000|0.160714|0.159040|0.000000|0.053013|0.064732|0.000000|0.000000|0.000000,0.000000|0.202009|0.221540|0.000000|0.065290|0.073661|0.000000|0.000000|0.000000|0.000000|0.160714|0.159040|0.000000|0.053013|0.064732|0.000000|0.000000|0.000000
RL_LCE_Quest8_PruneQuant-20251025-164022,midtrain,wikitext,-18.0,-1.0,-5.0,10.058864052721178,9.948958904140634,1.0,0.8850446487111705,0.8214285714285714,1.0,0.8850446694663593,0.8214285714285714,0.200000|1.000000,0.000000|0.000000|0.000000|0.000000|0.000000|0.000000|0.000000|0.000000|0.000000|0.000000|0.000000|0.540737|0.000000|0.295759|0.047991|0.000000|0.061384|0.054129,0.000000|0.000000|0.000000|0.000000|0.000000|0.000000|0.000000|0.000000|0.000000|0.000000|0.151228|0.273996|0.000000|0.205915|0.368862|0.000000|0.000000|0.000000,0.000000|0.000000|0.000000|0.000000|0.000000|0.000000|0.000000|0.000000|0.000000|0.000000|0.151228|0.273996|0.000000|0.205915|0.368862|0.000000|0.000000|0.000000
RL_LCE_Quest8_PruneQuant-20251025-164022,midtrain,wikitext,-12.0,-1.0,-6.0,10.84440797993769,10.3883065520235,0.790625000372529,0.8022321558424405,0.8465401785714286,0.800000011920929,0.8022321526493345,0.8465401785714286,0.200000|1.000000,0.000000|0.000000|0.000000|0.000000|0.255022|0.000000|0.000000|0.000000|0.006696|0.000000|0.000000|0.346540|0.000000|0.047433|0.015625|0.000000|0.004464|0.324219,0.000000|0.000558|0.002232|0.000000|0.070871|0.176339|0.000000|0.000000|0.000000|0.000000|0.001674|0.006696|0.000000|0.233817|0.507812|0.000000|0.000000|0.000000,0.000000|0.000558|0.002232|0.000000|0.070871|0.176339|0.000000|0.000000|0.000000|0.000000|0.001674|0.006696|0.000000|0.233817|0.507812|0.000000|0.000000|0.000000
RL_LCE_Quest8_PruneQuant-20251025-164022,midtrain,wikitext,5.0,-5.0,-5.0,11.145026042926357,11.77067241382404,0.30178571665393455,0.9993303577814784,0.8839285714285714,0.30000001192092896,0.9993303577814784,0.8839285714285714,0.200000|1.000000,0.000000|0.227679|0.645089|0.000000|0.000000|0.000000|0.000000|0.000000|0.000000|0.000000|0.001116|0.122768|0.000000|0.003348|0.000000|0.000000|0.000000|0.000000,0.000000|0.201451|0.670201|0.000000|0.001674|0.001674|0.000000|0.000000|0.000000|0.000000|0.029018|0.095982|0.000000|0.000000|0.000000|0.000000|0.000000|0.000000,0.000000|0.201451|0.670201|0.000000|0.001674|0.001674|0.000000|0.000000|0.000000|0.000000|0.029018|0.095982|0.000000|0.000000|0.000000|0.000000|0.000000|0.000000
RL_LCE_Quest8_PruneQuant-20251025-164022,midtrain,wikitext,-18.0,0.0,-7.0,10.813815155801983,10.78330863613677,1.0,0.6808035948446819,1.0,1.0,0.6808035948446819,1.0,0.200000|1.000000,0.000000|0.000000|0.000000|0.000000|0.000000|0.000000|0.000000|0.000000|0.000000|0.000000|0.000000|0.068080|0.000000|0.000000|0.267857|0.000000|0.000000|0.664062,0.000000|0.000000|0.000000|0.000000|0.000000|0.000000|0.000000|0.000000|0.000000|0.000000|0.000000|0.000000|0.000000|0.000000|0.404018|0.000000|0.000000|0.595982,0.000000|0.000000|0.000000|0.000000|0.000000|0.000000|0.000000|0.000000|0.000000|0.000000|0.000000|0.000000|0.000000|0.000000|0.404018|0.000000|0.000000|0.595982
RL_LCE_Quest8_PruneQuant-20251025-164022,midtrain,wikitext,-5.0,-4.0,-6.5,10.407890018172433,11.189426926790837,0.5517857154565198,0.9436383939215115,0.7243303571428571,0.550000011920929,0.9436383870031152,0.7243303571428571,0.200000|1.000000,0.000000|0.269531|0.008929|0.000000|0.281808|0.000000|0.000000|0.000000|0.000000|0.000000|0.000000|0.439732|0.000000|0.000000|0.000000|0.000000|0.000000|0.000000,0.000000|0.252790|0.151228|0.000000|0.104911|0.053571|0.000000|0.000000|0.000000|0.000000|0.139509|0.174665|0.000000|0.054129|0.069196|0.000000|0.000000|0.000000,0.000000|0.252790|0.151228|0.000000|0.104911|0.053571|0.000000|0.000000|0.000000|0.000000|0.139509|0.174665|0.000000|0.054129|0.069196|0.000000|0.000000|0.000000
RL_LCE_Quest8_PruneQuant-20251025-164022,midtrain,wikitext,-12.0,-1.0,-5.5,10.787822684198739,10.584334175890335,0.7799107142324958,0.8183035834559372,0.7578125,0.800000011920929,0.8183035935674395,0.7578125,0.200000|1.000000,0.000000|0.000000|0.000000|0.000000|0.272879|0.000000|0.000000|0.000000|0.002232|0.000000|0.000000|0.315848|0.000000|0.169085|0.017857|0.000000|0.042411|0.179688,0.000000|0.004464|0.019531|0.000000|0.085379|0.140625|0.000000|0.000000|0.000000|0.000000|0.035714|0.031808|0.000000|0.358817|0.323661|0.000000|0.000000|0.000000,0.000000|0.004464|0.019531|0.000000|0.085379|0.140625|0.000000|0.000000|0.000000|0.000000|0.035714|0.031808|0.000000|0.358817|0.323661|0.000000|0.000000|0.000000
RL_LCE_Quest8_PruneQuant-20251025-164022,midtrain,wikitext,-18.0,0.0,-6.5,10.813815155801983,10.78330863613677,1.0,0.6808035948446819,1.0,1.0,0.6808035948446819,1.0,0.200000|1.000000,0.000000|0.000000|0.000000|0.000000|0.000000|0.000000|0.000000|0.000000|0.000000|0.000000|0.000000|0.068080|0.000000|0.000000|0.267857|0.000000|0.000000|0.664062,0.000000|0.000000|0.000000|0.000000|0.000000|0.000000|0.000000|0.000000|0.000000|0.000000|0.000000|0.000000|0.000000|0.000000|0.404018|0.000000|0.000000|0.595982,0.000000|0.000000|0.000000|0.000000|0.000000|0.000000|0.000000|0.000000|0.000000|0.000000|0.000000|0.000000|0.000000|0.000000|0.404018|0.000000|0.000000|0.595982
RL_LCE_Quest8_PruneQuant-20251025-164022,midtrain,wikitext,5.0,-4.0,-7.0,11.11707420183881,11.702721581671973,0.29955357406288385,0.9968749997871262,0.9665178571428571,0.30000001192092896,0.9968750029802322,0.9665178571428571,0.200000|1.000000,0.000000|0.051339|0.808594|0.000000|0.015625|0.000000|0.000000|0.000000|0.000000|0.000000|0.000000|0.124442|0.000000|0.000000|0.000000|0.000000|0.000000|0.000000,0.000000|0.059710|0.799665|0.000000|0.000000|0.015625|0.000000|0.000000|0.000000|0.000000|0.007254|0.117746|0.000000|0.000000|0.000000|0.000000|0.000000|0.000000,0.000000|0.059710|0.799665|0.000000|0.000000|0.015625|0.000000|0.000000|0.000000|0.000000|0.007254|0.117746|0.000000|0.000000|0.000000|0.000000|0.000000|0.000000
RL_LCE_Quest8_PruneQuant-20251025-164022,midtrain,wikitext,-12.0,-1.0,-5.0,10.753263214988458,10.808159296263344,0.7549107145251972,0.8282366187444755,0.6643415178571429,0.75,0.828236640564033,0.6643415178571429,0.200000|1.000000,0.000000|0.000000|0.000000|0.000000|0.306362|0.000000|0.000000|0.000000|0.000000|0.000000|0.000000|0.263951|0.000000|0.296875|0.010045|0.000000|0.068080|0.054688,0.000000|0.035156|0.017299|0.000000|0.167411|0.092634|0.000000|0.000000|0.000000|0.000000|0.059152|0.029576|0.000000|0.409598|0.189174|0.000000|0.000000|0.000000,0.000000|0.035156|0.017299|0.000000|0.167411|0.092634|0.000000|0.000000|0.000000|0.000000|0.059152|0.029576|0.000000|0.409598|0.189174|0.000000|0.000000|0.000000
RL_LCE_Quest8_PruneQuant-20251025-164022,midtrain,wikitext,-5.0,-4.0,-6.0,10.445710401574535,11.139585464053257,0.5508928583668811,0.9428571425378323,0.7190290178571429,0.550000011920929,0.9428571377481733,0.7190290178571429,0.200000|1.000000,0.000000|0.276228|0.000000|0.000000|0.285156|0.000000|0.000000|0.000000|0.000000|0.000000|0.000000|0.438058|0.000000|0.000558|0.000000|0.000000|0.000000|0.000000,0.000000|0.264509|0.139509|0.000000|0.111607|0.046875|0.000000|0.000000|0.000000|0.000000|0.130580|0.179688|0.000000|0.055246|0.071987|0.000000|0.000000|0.000000,0.000000|0.264509|0.139509|0.000000|0.111607|0.046875|0.000000|0.000000|0.000000|0.000000|0.130580|0.179688|0.000000|0.055246|0.071987|0.000000|0.000000|0.000000
RL_LCE_Quest8_PruneQuant-20251025-164022,midtrain,wikitext,-18.0,0.0,-6.0,10.788198940156157,10.777292843469333,1.0,0.681138416486127,0.9952566964285714,1.0,0.6811384143573898,0.9952566964285714,0.200000|1.000000,0.000000|0.000000|0.000000|0.000000|0.000000|0.000000|0.000000|0.000000|0.000000|0.000000|0.000000|0.068638|0.000000|0.002232|0.266183|0.000000|0.007254|0.655692,0.000000|0.000000|0.000000|0.000000|0.000000|0.000000|0.000000|0.000000|0.000000|0.000000|0.000000|0.000000|0.000000|0.003906|0.401786|0.000000|0.005580|0.588728,0.000000|0.000000|0.000000|0.000000|0.000000|0.000000|0.000000|0.000000|0.000000|0.000000|0.000000|0.000000|0.000000|0.003906|0.401786|0.000000|0.005580|0.588728
RL_LCE_Quest8_PruneQuant-20251025-164022,midtrain,wikitext,5.0,-4.0,-6.5,11.142694040972968,11.719876802029944,0.29955357406288385,0.9959821418992111,0.9500558035714286,0.30000001192092896,0.99598214668887,0.9500558035714286,0.200000|1.000000,0.000000|0.079799|0.775670|0.000000|0.020089|0.000000|0.000000|0.000000|0.000000|0.000000|0.000000|0.124442|0.000000|0.000000|0.000000|0.000000|0.000000|0.000000,0.000000|0.076451|0.780692|0.000000|0.001116|0.016741|0.000000|0.000000|0.000000|0.000000|0.022321|0.100446|0.000000|0.000000|0.002232|0.000000|0.000000|0.000000,0.000000|0.076451|0.780692|0.000000|0.001116|0.016741|0.000000|0.000000|0.000000|0.000000|0.022321|0.100446|0.000000|0.000000|0.002232|0.000000|0.000000|0.000000
RL_LCE_Quest8_PruneQuant-20251025-164022,midtrain,wikitext,-12.0,0.0,-7.0,11.916069112647623,12.165510143630827,0.7897321432828903,0.6260044925979206,0.9693080357142857,0.800000011920929,0.6260044681174415,0.9693080357142857,0.200000|1.000000,0.000000|0.000000|0.000000|0.000000|0.061384|0.000000|0.000000|0.000000|0.201451|0.000000|0.000000|0.010045|0.000000|0.000000|0.048549|0.000000|0.000000|0.678571,0.000000|0.000000|0.000000|0.000000|0.000000|0.032924|0.000000|0.015625|0.201451|0.000000|0.000000|0.000000|0.000000|0.007254|0.089844|0.000000|0.038504|0.614397,0.000000|0.000000|0.000000|0.000000|0.000000|0.032924|0.000000|0.015625|0.201451|0.000000|0.000000|0.000000|0.000000|0.007254|0.089844|0.000000|0.038504|0.614397
RL_LCE_Quest8_PruneQuant-20251025-164022,midtrain,wikitext,-18.0,0.0,-5.5,10.777292843469333,10.84440797993769,1.0,0.6861607357859612,0.9388950892857143,1.0,0.686160717691694,0.9388950892857143,0.200000|1.000000,0.000000|0.000000|0.000000|0.000000|0.000000|0.000000|0.000000|0.000000|0.000000|0.000000|0.000000|0.069196|0.000000|0.019531|0.272879|0.000000|0.102679|0.535714,0.000000|0.000000|0.000000|0.000000|0.000000|0.000000|0.000000|0.000000|0.000000|0.000000|0.000000|0.000000|0.000000|0.047991|0.382812|0.000000|0.074219|0.494978,0.000000|0.000000|0.000000|0.000000|0.000000|0.000000|0.000000|0.000000|0.000000|0.000000|0.000000|0.000000|0.000000|0.047991|0.382812|0.000000|0.074219|0.494978
RL_LCE_Quest8_PruneQuant-20251025-164022,midtrain,wikitext,-5.0,-4.0,-5.5,10.49683957238741,11.103899100629416,0.5500000011441963,0.939508928252118,0.7084263392857143,0.550000011920929,0.939508926655565,0.7084263392857143,0.200000|1.000000,0.000000|0.280692|0.000000|0.000000|0.281808|0.000000|0.000000|0.000000|0.000000|0.000000|0.000000|0.416853|0.000000|0.020647|0.000000|0.000000|0.000000|0.000000,0.000000|0.251116|0.141183|0.000000|0.116071|0.054129|0.000000|0.000000|0.000000|0.000000|0.148996|0.156250|0.000000|0.066964|0.065290|0.000000|0.000000|0.000000,0.000000|0.251116|0.141183|0.000000|0.116071|0.054129|0.000000|0.000000|0.000000|0.000000|0.148996|0.156250|0.000000|0.066964|0.065290|0.000000|0.000000|0.000000
RL_LCE_Quest8_PruneQuant-20251025-164022,midtrain,wikitext,5.0,-4.0,-6.0,11.132594336415815,11.723965083567327,0.29955357406288385,0.9948660704706397,0.9341517857142857,0.30000001192092896,0.9948660763246673,0.9341517857142857,0.200000|1.000000,0.000000|0.106027|0.744420|0.000000|0.025112|0.000000|0.000000|0.000000|0.000000|0.000000|0.000000|0.123884|0.000000|0.000558|0.000000|0.000000|0.000000|0.000000,0.000000|0.093750|0.758929|0.000000|0.003906|0.018415|0.000000|0.000000|0.000000|0.000000|0.034040|0.087612|0.000000|0.000000|0.003348|0.000000|0.000000|0.000000,0.000000|0.093750|0.758929|0.000000|0.003906|0.018415|0.000000|0.000000|0.000000|0.000000|0.034040|0.087612|0.000000|0.000000|0.003348|0.000000|0.000000|0.000000
RL_LCE_Quest8_PruneQuant-20251025-164022,midtrain,wikitext,-18.0,0.0,-5.0,10.732281244647082,10.442067862154198,1.0,0.6984375204358783,0.8655133928571429,1.0,0.6984375417232513,0.8655133928571429,0.200000|1.000000,0.000000|0.000000|0.000000|0.000000|0.000000|0.000000|0.000000|0.000000|0.000000|0.000000|0.000000|0.073103|0.000000|0.064174|0.281808|0.000000|0.204799|0.376116,0.000000|0.000000|0.000000|0.000000|0.000000|0.000000|0.000000|0.000000|0.000000|0.000000|0.000000|0.000000|0.000000|0.137835|0.354353|0.000000|0.131138|0.376674,0.000000|0.000000|0.000000|0.000000|0.000000|0.000000|0.000000|0.000000|0.000000|0.000000|0.000000|0.000000|0.000000|0.137835|0.354353|0.000000|0.131138|0.376674
RL_LCE_Quest8_PruneQuant-20251025-164022,midtrain,wikitext,-12.0,0.0,-6.5,11.732145925523943,11.921888926506396,0.7883928573823401,0.6431919879146984,0.923828125,0.800000011920929,0.6431920065411499,0.923828125,0.200000|1.000000,0.000000|0.000000|0.000000|0.000000|0.150670|0.000000|0.000000|0.001674|0.112165|0.000000|0.000000|0.008371|0.000000|0.000000|0.048549|0.000000|0.000000|0.678571,0.000000|0.000000|0.000000|0.000000|0.009487|0.070871|0.000000|0.025670|0.143973|0.000000|0.000000|0.000000|0.000000|0.016741|0.118862|0.000000|0.100446|0.513951,0.000000|0.000000|0.000000|0.000000|0.009487|0.070871|0.000000|0.025670|0.143973|0.000000|0.000000|0.000000|0.000000|0.016741|0.118862|0.000000|0.100446|0.513951
RL_LCE_Quest8_PruneQuant-20251025-164022,midtrain,wikitext,-5.0,-4.0,-5.0,10.43551449179237,11.293718111320985,0.5482142870979649,0.9116071441343853,0.6400669642857143,0.550000011920929,0.911607163293021,0.6400669642857143,0.200000|1.000000,0.000000|0.277902|0.000000|0.000000|0.286830|0.000000|0.000000|0.000000|0.000000|0.000000|0.000000|0.280134|0.000000|0.155134|0.000000|0.000000|0.000000|0.000000,0.000000|0.232143|0.085938|0.000000|0.170759|0.073661|0.000000|0.000000|0.000000|0.000000|0.167969|0.071987|0.000000|0.148996|0.048549|0.000000|0.000000|0.000000,0.000000|0.232143|0.085938|0.000000|0.170759|0.073661|0.000000|0.000000|0.000000|0.000000|0.167969|0.071987|0.000000|0.148996|0.048549|0.000000|0.000000|0.000000
RL_LCE_Quest8_PruneQuant-20251025-164022,midtrain,wikitext,-18.0,3.0,-7.0,11.457973072659987,11.426844886625528,1.0,0.6003348449511188,1.0,1.0,0.6003348449511188,1.0,0.200000|1.000000,0.000000|0.000000|0.000000|0.000000|0.000000|0.000000|0.000000|0.000000|0.000000|0.000000|0.000000|0.000000|0.000000|0.000000|0.001674|0.000000|0.000000|0.998326,0.000000|0.000000|0.000000|0.000000|0.000000|0.000000|0.000000|0.000000|0.000000|0.000000|0.000000|0.000000|0.000000|0.000000|0.001674|0.000000|0.000000|0.998326,0.000000|0.000000|0.000000|0.000000|0.000000|0.000000|0.000000|0.000000|0.000000|0.000000|0.000000|0.000000|0.000000|0.000000|0.001674|0.000000|0.000000|0.998326
RL_LCE_Quest8_PruneQuant-20251025-164022,midtrain,wikitext,5.0,-4.0,-5.5,11.142694040972968,11.765747102892156,0.3004464308864304,0.9914062507450581,0.9137834821428571,0.30000001192092896,0.9914062581956387,0.9137834821428571,0.200000|1.000000,0.000000|0.129464|0.717076|0.000000|0.027902|0.000000|0.000000|0.000000|0.000000|0.000000|0.000000|0.110491|0.000000|0.015067|0.000000|0.000000|0.000000|0.000000,0.000000|0.140067|0.699777|0.000000|0.007812|0.027344|0.000000|0.000000|0.000000|0.000000|0.024554|0.092634|0.000000|0.000000|0.007812|0.000000|0.000000|0.000000,0.000000|0.140067|0.699777|0.000000|0.007812|0.027344|0.000000|0.000000|0.000000|0.000000|0.024554|0.092634|0.000000|0.000000|0.007812|0.000000|0.000000|0.000000
RL_LCE_Quest8_PruneQuant-20251025-164022,midtrain,wikitext,-12.0,0.0,-6.0,11.522091389703915,11.814268970382455,0.7870535714817899,0.6589285944189344,0.8797433035714286,0.800000011920929,0.6589285986764091,0.8797433035714286,0.200000|1.000000,0.000000|0.000000|0.000000|0.000000|0.227121|0.000000|0.000000|0.003348|0.035714|0.000000|0.000000|0.007254|0.000000|0.002790|0.050223|0.000000|0.007254|0.666295,0.000000|0.000000|0.000000|0.000000|0.003348|0.088170|0.000000|0.003348|0.155134|0.000000|0.000000|0.000000|0.000000|0.060268|0.142857|0.000000|0.173549|0.373326,0.000000|0.000000|0.000000|0.000000|0.003348|0.088170|0.000000|0.003348|0.155134|0.000000|0.000000|0.000000|0.000000|0.060268|0.142857|0.000000|0.173549|0.373326
RL_LCE_Quest8_PruneQuant-20251025-164022,midtrain,wikitext,-18.0,3.0,-6.5,11.457973072659987,11.426844886625528,1.0,0.6003348449511188,1.0,1.0,0.6003348449511188,1.0,0.200000|1.000000,0.000000|0.000000|0.000000|0.000000|0.000000|0.000000|0.000000|0.000000|0.000000|0.000000|0.000000|0.000000|0.000000|0.000000|0.001674|0.000000|0.000000|0.998326,0.000000|0.000000|0.000000|0.000000|0.000000|0.000000|0.000000|0.000000|0.000000|0.000000|0.000000|0.000000|0.000000|0.000000|0.001674|0.000000|0.000000|0.998326,0.000000|0.000000|0.000000|0.000000|0.000000|0.000000|0.000000|0.000000|0.000000|0.000000|0.000000|0.000000|0.000000|0.000000|0.001674|0.000000|0.000000|0.998326
RL_LCE_Quest8_PruneQuant-20251025-164022,midtrain,wikitext,-5.0,-3.0,-7.0,10.517361246350793,11.287417571394439,0.5522321444004774,0.8872767947614193,0.7243303571428571,0.550000011920929,0.8872768187097141,0.7243303571428571,0.200000|1.000000,0.000000|0.001674|0.006138|0.000000|0.549665|0.001674|0.000000|0.000000|0.000558|0.000000|0.000000|0.434710|0.000000|0.000000|0.000000|0.000000|0.000000|0.005580,0.000000|0.242188|0.191406|0.000000|0.115513|0.013393|0.000000|0.000000|0.000000|0.000000|0.000558|0.002232|0.000000|0.193080|0.241629|0.000000|0.000000|0.000000,0.000000|0.242188|0.191406|0.000000|0.115513|0.013393|0.000000|0.000000|0.000000|0.000000|0.000558|0.002232|0.000000|0.193080|0.241629|0.000000|0.000000|0.000000
RL_LCE_Quest8_PruneQuant-20251025-164022,midtrain,wikitext,-12.0,0.0,-5.5,11.388649340454869,12.00199090339403,0.7741071431498442,0.6685268096625805,0.8035714285714286,0.75,0.6685268187097141,0.8035714285714286,0.200000|1.000000,0.000000|0.000000|0.000000|0.000000|0.260603|0.000000|0.000000|0.007812|0.013951|0.000000|0.000000|0.008371|0.000000|0.020089|0.045201|0.000000|0.104353|0.539621,0.000000|0.000000|0.000000|0.000000|0.039621|0.070871|0.000000|0.082031|0.119978|0.000000|0.000000|0.000000|0.000000|0.087054|0.145089|0.000000|0.184152|0.271205,0.000000|0.000000|0.000000|0.000000|0.039621|0.070871|0.000000|0.082031|0.119978|0.000000|0.000000|0.000000|0.000000|0.087054|0.145089|0.000000|0.184152|0.271205
RL_LCE_Quest8_PruneQuant-20251025-164022,midtrain,wikitext,-18.0,3.0,-6.0,11.391827420339496,11.482776468260456,1.0,0.600446451987539,0.99609375,1.0,0.600446451987539,0.99609375,0.200000|1.000000,0.000000|0.000000|0.000000|0.000000|0.000000|0.000000|0.000000|0.000000|0.000000|0.000000|0.000000|0.000000|0.000000|0.000000|0.002232|0.000000|0.007812|0.989955,0.000000|0.000000|0.000000|0.000000|0.000000|0.000000|0.000000|0.000000|0.000000|0.000000|0.000000|0.000000|0.000000|0.000000|0.002232|0.000000|0.007812|0.989955,0.000000|0.000000|0.000000|0.000000|0.000000|0.000000|0.000000|0.000000|0.000000|0.000000|0.000000|0.000000|0.000000|0.000000|0.002232|0.000000|0.007812|0.989955
RL_LCE_Quest8_PruneQuant-20251025-164022,midtrain,wikitext,5.0,-4.0,-5.0,11.201922097940656,11.759183227412295,0.3049107173989926,0.9758928529918194,0.8409598214285714,0.30000001192092896,0.9758928801332202,0.8409598214285714,0.200000|1.000000,0.000000|0.196987|0.641741|0.000000|0.030134|0.000000|0.000000|0.000000|0.000000|0.000000|0.000558|0.040179|0.000000|0.090402|0.000000|0.000000|0.000000|0.000000,0.000000|0.248326|0.533482|0.000000|0.029576|0.063616|0.000000|0.000000|0.000000|0.000000|0.031808|0.065848|0.000000|0.008371|0.018973|0.000000|0.000000|0.000000,0.000000|0.248326|0.533482|0.000000|0.029576|0.063616|0.000000|0.000000|0.000000|0.000000|0.031808|0.065848|0.000000|0.008371|0.018973|0.000000|0.000000|0.000000
RL_LCE_Quest8_PruneQuant-20251025-164022,midtrain,wikitext,-5.0,-3.0,-6.5,10.493911175259694,11.199578190971435,0.5513392871777926,0.8849330427391189,0.7173549107142857,0.550000011920929,0.8849330618977547,0.7173549107142857,0.200000|1.000000,0.000000|0.001674|0.000000|0.000000|0.558594|0.000558|0.000000|0.000000|0.000000|0.000000|0.000000|0.428571|0.000000|0.005022|0.000000|0.000000|0.000000|0.005580,0.000000|0.230469|0.160156|0.000000|0.143415|0.028460|0.000000|0.000000|0.000000|0.000000|0.015067|0.018973|0.000000|0.176339|0.227121|0.000000|0.000000|0.000000,0.000000|0.230469|0.160156|0.000000|0.143415|0.028460|0.000000|0.000000|0.000000|0.000000|0.015067|0.018973|0.000000|0.176339|0.227121|0.000000|0.000000|0.000000
RL_LCE_Quest8_PruneQuant-20251025-164022,midtrain,wikitext,-18.0,3.0,-5.5,11.30790718783948,11.302387096571124,1.0,0.6005580590239593,0.947265625,1.0,0.6005580590239593,0.947265625,0.200000|1.000000,0.000000|0.000000|0.000000|0.000000|0.000000|0.000000|0.000000|0.000000|0.000000|0.000000|0.000000|0.000000|0.000000|0.000000|0.002790|0.000000|0.105469|0.891741,0.000000|0.000000|0.000000|0.000000|0.000000|0.000000|0.000000|0.000000|0.000000|0.000000|0.000000|0.000000|0.000000|0.000000|0.002790|0.000000|0.105469|0.891741,0.000000|0.000000|0.000000|0.000000|0.000000|0.000000|0.000000|0.000000|0.000000|0.000000|0.000000|0.000000|0.000000|0.000000|0.002790|0.000000|0.105469|0.891741
RL_LCE_Quest8_PruneQuant-20251025-164022,midtrain,wikitext,-12.0,0.0,-5.0,11.30948485190219,11.764105790611513,0.7517857153766921,0.6811384170183113,0.7053571428571429,0.75,0.6811384143573898,0.7053571428571429,0.200000|1.000000,0.000000|0.000000|0.000000|0.000000|0.296317|0.000000|0.000000|0.011719|0.002232|0.000000|0.000000|0.005022|0.000000|0.066406|0.032924|0.000000|0.214844|0.370536,0.000000|0.000000|0.000000|0.000000|0.089844|0.040179|0.000000|0.092076|0.090402|0.000000|0.000000|0.000000|0.000000|0.191964|0.083705|0.000000|0.215402|0.196429,0.000000|0.000000|0.000000|0.000000|0.089844|0.040179|0.000000|0.092076|0.090402|0.000000|0.000000|0.000000|0.000000|0.191964|0.083705|0.000000|0.215402|0.196429
RL_LCE_Quest8_PruneQuant-20251025-164022,midtrain,wikitext,5.0,-3.0,-7.0,11.169931118703538,11.777242702469467,0.29955357406288385,0.974665179848671,0.9561941964285714,0.30000001192092896,0.974665201136044,0.9561941964285714,0.200000|1.000000,0.000000|0.002232|0.785714|0.000000|0.085379|0.002232|0.000000|0.000000|0.000000|0.000000|0.000000|0.104911|0.000000|0.000000|0.000000|0.000000|0.000000|0.019531,0.000000|0.066964|0.712612|0.000000|0.003906|0.091518|0.000000|0.000000|0.000000|0.000000|0.014509|0.079241|0.000000|0.002232|0.029018|0.000000|0.000000|0.000000,0.000000|0.066964|0.712612|0.000000|0.003906|0.091518|0.000000|0.000000|0.000000|0.000000|0.014509|0.079241|0.000000|0.002232|0.029018|0.000000|0.000000|0.000000
RL_LCE_Quest8_PruneQuant-20251025-164022,midtrain,wikitext,-18.0,3.0,-5.0,11.435616059130576,11.410118598001704,1.0,0.600446451987539,0.8814174107142857,1.0,0.600446451987539,0.8814174107142857,0.200000|1.000000,0.000000|0.000000|0.000000|0.000000|0.000000|0.000000|0.000000|0.000000|0.000000|0.000000|0.000000|0.000000|0.000000|0.000000|0.002232|0.000000|0.237165|0.760603,0.000000|0.000000|0.000000|0.000000|0.000000|0.000000|0.000000|0.000000|0.000000|0.000000|0.000000|0.000000|0.000000|0.000558|0.001674|0.000000|0.236607|0.761161,0.000000|0.000000|0.000000|0.000000|0.000000|0.000000|0.000000|0.000000|0.000000|0.000000|0.000000|0.000000|0.000000|0.000558|0.001674|0.000000|0.236607|0.761161
RL_LCE_Quest8_PruneQuant-20251025-164022,midtrain,wikitext,-5.0,-3.0,-6.0,10.524700134648716,11.197234774444826,0.5500000014102885,0.8734375068119594,0.6866629464285714,0.550000011920929,0.8734374940395355,0.6866629464285714,0.200000|1.000000,0.000000|0.002790|0.000000|0.000000|0.559710|0.000000|0.000000|0.000000|0.000000|0.000000|0.000000|0.368862|0.000000|0.064174|0.000000|0.000000|0.000000|0.004464,0.000000|0.193638|0.013393|0.000000|0.157924|0.197545|0.000000|0.000000|0.000000|0.000000|0.159040|0.001116|0.000000|0.116071|0.161272|0.000000|0.000000|0.000000,0.000000|0.193638|0.013393|0.000000|0.157924|0.197545|0.000000|0.000000|0.000000|0.000000|0.159040|0.001116|0.000000|0.116071|0.161272|0.000000|0.000000|0.000000
RL_LCE_Quest8_PruneQuant-20251025-164022,midtrain,wikitext,-12.0,3.0,-7.0,11.933537082811796,12.179095301509255,0.7870535720139742,0.6000000238418579,0.9997209821428571,0.800000011920929,0.6000000238418579,0.9997209821428571,0.200000|1.000000,0.000000|0.000000|0.000000|0.000000|0.000000|0.000000|0.000000|0.000558|0.265625|0.000000|0.000000|0.000000|0.000000|0.000000|0.000000|0.000000|0.000000|0.733817,0.000000|0.000000|0.000000|0.000000|0.000000|0.000000|0.000000|0.000000|0.250000|0.000000|0.000000|0.000000|0.000000|0.000000|0.000000|0.000000|0.000558|0.749442,0.000000|0.000000|0.000000|0.000000|0.000000|0.000000|0.000000|0.000000|0.250000|0.000000|0.000000|0.000000|0.000000|0.000000|0.000000|0.000000|0.000558|0.749442
RL_LCE_Quest8_PruneQuant-20251025-164022,midtrain,wikitext,5.0,-3.0,-6.5,11.19411098180936,11.776421215865506,0.30000000247465713,0.968749996806894,0.9380580357142857,0.30000001192092896,0.96875,0.9380580357142857,0.200000|1.000000,0.000000|0.007254|0.753906|0.000000|0.112165|0.001674|0.000000|0.000000|0.000000|0.000000|0.000000|0.101562|0.000000|0.004464|0.000000|0.000000|0.000000|0.018973,0.000000|0.080915|0.680804|0.000000|0.011719|0.101562|0.000000|0.000000|0.000000|0.000000|0.031250|0.050781|0.000000|0.000000|0.042969|0.000000|0.000000|0.000000,0.000000|0.080915|0.680804|0.000000|0.011719|0.101562|0.000000|0.000000|0.000000|0.000000|0.031250|0.050781|0.000000|0.000000|0.042969|0.000000|0.000000|0.000000
RL_LCE_Quest8_PruneQuant-20251025-164022,midtrain,wikitext,-12.0,3.0,-6.5,11.91773162664739,12.14770261793696,0.7870535720139742,0.6000000238418579,0.9924665178571429,0.800000011920929,0.6000000238418579,0.9924665178571429,0.200000|1.000000,0.000000|0.000000|0.000000|0.000000|0.000000|0.000000|0.000000|0.015067|0.251116|0.000000|0.000000|0.000000|0.000000|0.000000|0.000000|0.000000|0.000000|0.733817,0.000000|0.000000|0.000000|0.000000|0.000000|0.000000|0.000000|0.003348|0.246652|0.000000|0.000000|0.000000|0.000000|0.000000|0.000000|0.000000|0.011719|0.738281,0.000000|0.000000|0.000000|0.000000|0.000000|0.000000|0.000000|0.003348|0.246652|0.000000|0.000000|0.000000|0.000000|0.000000|0.000000|0.000000|0.011719|0.738281
RL_LCE_Quest8_PruneQuant-20251025-164022,midtrain,wikitext,-5.0,-3.0,-5.5,10.573265399220658,11.23087064952134,0.549553572732423,0.8350446532879557,0.58984375,0.550000011920929,0.8350446437086377,0.58984375,0.200000|1.000000,0.000000|0.003348|0.000000|0.000000|0.559710|0.000000|0.000000|0.000000|0.000000|0.000000|0.000000|0.175781|0.000000|0.257254|0.000000|0.000000|0.000000|0.003906,0.000000|0.099888|0.003348|0.000000|0.345424|0.113839|0.000000|0.000000|0.000000|0.000000|0.071987|0.000000|0.000000|0.303013|0.062500|0.000000|0.000000|0.000000,0.000000|0.099888|0.003348|0.000000|0.345424|0.113839|0.000000|0.000000|0.000000|0.000000|0.071987|0.000000|0.000000|0.303013|0.062500|0.000000|0.000000|0.000000
RL_LCE_Quest8_PruneQuant-20251025-164022,midtrain,wikitext,5.0,-3.0,-6.0,11.320534665241386,11.822512825306173,0.30223214586398434,0.9595982134342194,0.9095982142857143,0.30000001192092896,0.9595981932112149,0.9095982142857143,0.200000|1.000000,0.000000|0.013393|0.729353|0.000000|0.129464|0.000000|0.000000|0.000000|0.000000|0.000000|0.000000|0.072545|0.000000|0.037946|0.000000|0.000000|0.000000|0.017299,0.000000|0.145089|0.553571|0.000000|0.010045|0.166295|0.000000|0.000000|0.000000|0.000000|0.025112|0.074219|0.000000|0.000558|0.025112|0.000000|0.000000|0.000000,0.000000|0.145089|0.553571|0.000000|0.010045|0.166295|0.000000|0.000000|0.000000|0.000000|0.025112|0.074219|0.000000|0.000558|0.025112|0.000000|0.000000|0.000000
RL_LCE_Quest8_PruneQuant-20251025-164022,midtrain,wikitext,-12.0,3.0,-6.0,12.041403519385408,12.229321814386308,0.7870535720139742,0.6000000238418579,0.9536830357142857,0.800000011920929,0.6000000238418579,0.9536830357142857,0.200000|1.000000,0.000000|0.000000|0.000000|0.000000|0.000000|0.000000|0.000000|0.084821|0.181362|0.000000|0.000000|0.000000|0.000000|0.000000|0.000000|0.000000|0.007812|0.726004,0.000000|0.000000|0.000000|0.000000|0.000000|0.000000|0.000000|0.021205|0.228795|0.000000|0.000000|0.000000|0.000000|0.000000|0.000000|0.000000|0.071429|0.678571,0.000000|0.000000|0.000000|0.000000|0.000000|0.000000|0.000000|0.021205|0.228795|0.000000|0.000000|0.000000|0.000000|0.000000|0.000000|0.000000|0.071429|0.678571
RL_LCE_Quest8_PruneQuant-20251025-164022,midtrain,wikitext,-5.0,-3.0,-5.0,10.569578379904806,11.295293795742747,0.5486607151106,0.8091517963579723,0.5228794642857143,0.550000011920929,0.8091517889073917,0.5228794642857143,0.200000|1.000000,0.000000|0.004464|0.000000|0.000000|0.559710|0.000000|0.000000|0.000000|0.000000|0.000000|0.000000|0.043527|0.000000|0.390067|0.000000|0.000000|0.000000|0.002232,0.000000|0.029018|0.000000|0.000000|0.504464|0.029018|0.000000|0.000000|0.000000|0.000000|0.016741|0.000000|0.000000|0.404018|0.016741|0.000000|0.000000|0.000000,0.000000|0.029018|0.000000|0.000000|0.504464|0.029018|0.000000|0.000000|0.000000|0.000000|0.016741|0.000000|0.000000|0.404018|0.016741|0.000000|0.000000|0.000000
RL_LCE_Quest8_PruneQuant-20251025-164022,midtrain,wikitext,-12.0,3.0,-5.5,12.011203554275546,12.179944877408007,0.7776785720405834,0.6000000238418579,0.8529575892857143,0.800000011920929,0.6000000238418579,0.8529575892857143,0.200000|1.000000,0.000000|0.000000|0.000000|0.000000|0.000000|0.000000|0.000000|0.183594|0.094308|0.000000|0.000000|0.000000|0.000000|0.000000|0.000000|0.000000|0.110491|0.611607,0.000000|0.000000|0.000000|0.000000|0.000000|0.000000|0.000000|0.053571|0.196429|0.000000|0.000000|0.000000|0.000000|0.000000|0.000000|0.000000|0.240513|0.509487,0.000000|0.000000|0.000000|0.000000|0.000000|0.000000|0.000000|0.053571|0.196429|0.000000|0.000000|0.000000|0.000000|0.000000|0.000000|0.000000|0.240513|0.509487
RL_LCE_Quest8_PruneQuant-20251025-164022,midtrain,wikitext,5.0,-3.0,-5.5,11.192549412308958,11.808501692503173,0.30625000276735853,0.9436383992433548,0.8549107142857143,0.30000001192092896,0.9436383870031152,0.8549107142857143,0.200000|1.000000,0.000000|0.021763|0.696987|0.000000|0.148438|0.000000|0.000000|0.000000|0.000000|0.000000|0.000000|0.006138|0.000000|0.119978|0.000000|0.000000|0.000000|0.006696,0.000000|0.166295|0.462054|0.000000|0.087612|0.159040|0.000000|0.000000|0.000000|0.000000|0.023438|0.066406|0.000000|0.012835|0.022321|0.000000|0.000000|0.000000,0.000000|0.166295|0.462054|0.000000|0.087612|0.159040|0.000000|0.000000|0.000000|0.000000|0.023438|0.066406|0.000000|0.012835|0.022321|0.000000|0.000000|0.000000
RL_LCE_Quest8_PruneQuant-20251025-164022,midtrain,wikitext,-5.0,-2.0,-7.0,10.893688597156887,11.216778237869187,0.5504464300881539,0.7989955448678562,0.7310267857142857,0.550000011920929,0.7989955485931465,0.7310267857142857,0.200000|1.000000,0.000000|0.000000|0.000000|0.000000|0.535714|0.000558|0.000000|0.000000|0.025670|0.000000|0.000000|0.228237|0.000000|0.002232|0.000000|0.000000|0.000000|0.207589,0.000000|0.000000|0.000000|0.000000|0.337054|0.223214|0.000000|0.001116|0.001116|0.000000|0.000000|0.000000|0.000000|0.199219|0.235491|0.000000|0.000558|0.002232,0.000000|0.000000|0.000000|0.000000|0.337054|0.223214|0.000000|0.001116|0.001116|0.000000|0.000000|0.000000|0.000000|0.199219|0.235491|0.000000|0.000558|0.002232
RL_LCE_Quest8_PruneQuant-20251025-164022,midtrain,wikitext,-12.0,3.0,-5.0,12.021261784159146,12.499262503617985,0.7593750006386212,0.6000000238418579,0.7446986607142857,0.75,0.6000000238418579,0.7446986607142857,0.200000|1.000000,0.000000|0.000000|0.000000|0.000000|0.000000|0.000000|0.000000|0.264509|0.036272|0.000000|0.000000|0.000000|0.000000|0.000000|0.000000|0.000000|0.246094|0.453125,0.000000|0.000000|0.000000|0.000000|0.000000|0.000000|0.000000|0.155134|0.157366|0.000000|0.000000|0.000000|0.000000|0.000000|0.000000|0.000000|0.355469|0.332031,0.000000|0.000000|0.000000|0.000000|0.000000|0.000000|0.000000|0.155134|0.157366|0.000000|0.000000|0.000000|0.000000|0.000000|0.000000|0.000000|0.355469|0.332031
RL_LCE_Quest8_PruneQuant-20251025-164022,midtrain,wikitext,5.0,-3.0,-5.0,11.063695638624498,11.855545809784093,0.32098214448030504,0.9354910765375409,0.8063616071428571,0.30000001192092896,0.9354910680225917,0.8063616071428571,0.200000|1.000000,0.000000|0.069196|0.609933|0.000000|0.169643|0.000000|0.000000|0.000000|0.000000|0.000000|0.000000|0.000558|0.000000|0.148438|0.000000|0.000000|0.000000|0.002232,0.000000|0.241071|0.353795|0.000000|0.086496|0.193638|0.000000|0.000000|0.000000|0.000000|0.039062|0.043527|0.000000|0.020647|0.021763|0.000000|0.000000|0.000000,0.000000|0.241071|0.353795|0.000000|0.086496|0.193638|0.000000|0.000000|0.000000|0.000000|0.039062|0.043527|0.000000|0.020647|0.021763|0.000000|0.000000|0.000000
RL_LCE_Quest8_PruneQuant-20251025-164022,midtrain,wikitext,-5.0,-2.0,-6.5,10.791585834362628,11.012109552699316,0.549553572732423,0.8003348346267428,0.6863839285714286,0.550000011920929,0.8003348330301898,0.6863839285714286,0.200000|1.000000,0.000000|0.000000|0.000000|0.000000|0.558594|0.000558|0.000000|0.000000|0.003906|0.000000|0.000000|0.186942|0.000000|0.068638|0.000000|0.000000|0.000000|0.181362,0.000000|0.000000|0.000558|0.000000|0.352121|0.209821|0.000000|0.000000|0.000000|0.000000|0.000558|0.000558|0.000000|0.274554|0.161830|0.000000|0.000000|0.000000,0.000000|0.000000|0.000558|0.000000|0.352121|0.209821|0.000000|0.000000|0.000000|0.000000|0.000558|0.000558|0.000000|0.274554|0.161830|0.000000|0.000000|0.000000
RL_LCE_Quest8_PruneQuant-20251025-164022,midtrain,wikitext,5.0,-2.0,-7.0,11.39421156224443,11.848931837397917,0.3196428591119392,0.9119419673723834,0.9428013392857143,0.30000001192092896,0.9119419859988349,0.9428013392857143,0.200000|1.000000,0.000000|0.000000|0.714844|0.000000|0.114397|0.015625|0.000000|0.000000|0.005580|0.000000|0.000000|0.000000|0.000000|0.000000|0.000000|0.000000|0.000000|0.149554,0.000000|0.045759|0.442522|0.000000|0.041853|0.344866|0.000000|0.000000|0.000000|0.000000|0.017857|0.053571|0.000000|0.008929|0.044643|0.000000|0.000000|0.000000,0.000000|0.045759|0.442522|0.000000|0.041853|0.344866|0.000000|0.000000|0.000000|0.000000|0.017857|0.053571|0.000000|0.008929|0.044643|0.000000|0.000000|0.000000
RL_LCE_Quest8_PruneQuant-20251025-164022,midtrain,wikitext,-5.0,-2.0,-6.0,10.737522895944451,11.113197550135647,0.5491071439215115,0.797991082072258,0.5887276785714286,0.550000011920929,0.797991085265364,0.5887276785714286,0.200000|1.000000,0.000000|0.000000|0.000000|0.000000|0.563058|0.000000|0.000000|0.000000|0.000558|0.000000|0.000000|0.083705|0.000000|0.259487|0.000000|0.000000|0.000000|0.093192,0.000000|0.000000|0.000000|0.000000|0.453683|0.104353|0.000000|0.003906|0.000558|0.000000|0.000000|0.000000|0.000000|0.359933|0.071987|0.000000|0.005022|0.000558,0.000000|0.000000|0.000000|0.000000|0.453683|0.104353|0.000000|0.003906|0.000558|0.000000|0.000000|0.000000|0.000000|0.359933|0.071987|0.000000|0.005022|0.000558
RL_LCE_Quest8_PruneQuant-20251025-164022,midtrain,wikitext,5.0,-2.0,-6.5,11.333966810887462,11.842321554814934,0.3196428591119392,0.9095982190753732,0.9274553571428571,0.30000001192092896,0.9095982270581382,0.9274553571428571,0.200000|1.000000,0.000000|0.000000|0.698661|0.000000|0.143973|0.005580|0.000000|0.000000|0.002232|0.000000|0.000000|0.000000|0.000000|0.001116|0.000000|0.000000|0.000000|0.148438,0.000000|0.056362|0.426339|0.000000|0.058594|0.333705|0.000000|0.000000|0.000000|0.000000|0.016183|0.049107|0.000000|0.013951|0.045759|0.000000|0.000000|0.000000,0.000000|0.056362|0.426339|0.000000|0.058594|0.333705|0.000000|0.000000|0.000000|0.000000|0.016183|0.049107|0.000000|0.013951|0.045759|0.000000|0.000000|0.000000
RL_LCE_Quest8_PruneQuant-20251025-164022,midtrain,wikitext,-5.0,-2.0,-5.5,10.640594317758145,11.407731127684764,0.5486607151106,0.7968750133046082,0.5161830357142857,0.550000011920929,0.7968750149011612,0.5161830357142857,0.200000|1.000000,0.000000|0.000000|0.000000|0.000000|0.564174|0.000000|0.000000|0.000000|0.000000|0.000000|0.000000|0.008371|0.000000|0.403460|0.000000|0.000000|0.000000|0.023996,0.000000|0.000000|0.000000|0.000000|0.540737|0.021205|0.000000|0.000558|0.000000|0.000000|0.000000|0.000000|0.000000|0.411272|0.011161|0.000000|0.015067|0.000000,0.000000|0.000000|0.000000|0.000000|0.540737|0.021205|0.000000|0.000558|0.000000|0.000000|0.000000|0.000000|0.000000|0.411272|0.011161|0.000000|0.015067|0.000000
RL_LCE_Quest8_PruneQuant-20251025-164022,midtrain,wikitext,-5.0,-2.0,-5.0,10.597632004474217,11.257537974256858,0.5491071436554193,0.7987723334559372,0.5041852678571429,0.550000011920929,0.7987723345203059,0.5041852678571429,0.200000|1.000000,0.000000|0.000000|0.000000|0.000000|0.563616|0.000000|0.000000|0.000000|0.000000|0.000000|0.000000|0.001116|0.000000|0.428013|0.000000|0.000000|0.000000|0.007254,0.000000|0.000000|0.000000|0.000000|0.554129|0.005580|0.000000|0.002790|0.000000|0.000000|0.000000|0.000000|0.000000|0.431362|0.002790|0.000000|0.003348|0.000000,0.000000|0.000000|0.000000|0.000000|0.554129|0.005580|0.000000|0.002790|0.000000|0.000000|0.000000|0.000000|0.000000|0.431362|0.002790|0.000000|0.003348|0.000000
RL_LCE_Quest8_PruneQuant-20251025-164022,midtrain,wikitext,5.0,-2.0,-6.0,11.27954683914852,12.024616398839257,0.3232142880026783,0.9070312593664441,0.90234375,0.30000001192092896,0.9070312529802322,0.90234375,0.200000|1.000000,0.000000|0.000000|0.669085|0.000000|0.175223|0.001674|0.000000|0.000000|0.000000|0.000000|0.000000|0.000000|0.000000|0.020089|0.000000|0.000000|0.000000|0.133929,0.000000|0.082031|0.402344|0.000000|0.097656|0.292969|0.000000|0.000000|0.000000|0.000000|0.003906|0.046875|0.000000|0.011719|0.062500|0.000000|0.000000|0.000000,0.000000|0.082031|0.402344|0.000000|0.097656|0.292969|0.000000|0.000000|0.000000|0.000000|0.003906|0.046875|0.000000|0.011719|0.062500|0.000000|0.000000|0.000000
RL_LCE_Quest8_PruneQuant-20251025-164022,midtrain,wikitext,-5.0,-1.0,-7.0,11.80438393207746,12.860099607210213,0.5500000014102885,0.6686384156346321,0.8284040178571429,0.550000011920929,0.6686384257461343,0.8284040178571429,0.200000|1.000000,0.000000|0.000000|0.000000|0.000000|0.343192|0.000000|0.000000|0.000000|0.219308|0.000000|0.000000|0.000000|0.000000|0.000000|0.000000|0.000000|0.000000|0.437500,0.000000|0.000000|0.000000|0.000000|0.059152|0.137277|0.000000|0.128906|0.237165|0.000000|0.000000|0.000000|0.000000|0.049107|0.097656|0.000000|0.106027|0.184710,0.000000|0.000000|0.000000|0.000000|0.059152|0.137277|0.000000|0.128906|0.237165|0.000000|0.000000|0.000000|0.000000|0.049107|0.097656|0.000000|0.106027|0.184710
RL_LCE_Quest8_PruneQuant-20251025-164022,midtrain,wikitext,5.0,-2.0,-5.5,11.124831562630739,11.87540988636365,0.33526786017630783,0.9030133986047336,0.8311941964285714,0.3500000014901161,0.9030133805104664,0.8311941964285714,0.200000|1.000000,0.000000|0.000000|0.588170|0.000000|0.241629|0.001116|0.000000|0.000000|0.000000|0.000000|0.000000|0.000000|0.000000|0.095982|0.000000|0.000000|0.000000|0.073103,0.000000|0.150670|0.267299|0.000000|0.137835|0.256696|0.000000|0.000000|0.000000|0.000000|0.024554|0.072545|0.000000|0.024554|0.065848|0.000000|0.000000|0.000000,0.000000|0.150670|0.267299|0.000000|0.137835|0.256696|0.000000|0.000000|0.000000|0.000000|0.024554|0.072545|0.000000|0.024554|0.065848|0.000000|0.000000|0.000000
RL_LCE_Quest8_PruneQuant-20251025-164022,midtrain,wikitext,-5.0,-1.0,-6.5,11.516466741834334,12.221646775669683,0.5500000014102885,0.6991071594612939,0.7527901785714286,0.550000011920929,0.699107187134879,0.7527901785714286,0.200000|1.000000,0.000000|0.000000|0.000000|0.000000|0.493304|0.000000|0.000000|0.000000|0.069196|0.000000|0.000000|0.000558|0.000000|0.001116|0.000000|0.000000|0.000000|0.435826,0.000000|0.000000|0.000000|0.000000|0.025670|0.266741|0.000000|0.250558|0.019531|0.000000|0.000000|0.000000|0.000000|0.009487|0.193638|0.000000|0.208705|0.025670,0.000000|0.000000|0.000000|0.000000|0.025670|0.266741|0.000000|0.250558|0.019531|0.000000|0.000000|0.000000|0.000000|0.009487|0.193638|0.000000|0.208705|0.025670
RL_LCE_Quest8_PruneQuant-20251025-164022,midtrain,wikitext,5.0,-2.0,-5.0,11.187866010712346,11.829937212978926,0.3464285744620221,0.8868303650191852,0.7318638392857143,0.3500000014901161,0.8868303884352956,0.7318638392857143,0.200000|1.000000,0.000000|0.000000|0.448661|0.000000|0.367746|0.000558|0.000000|0.000000|0.000000|0.000000|0.000000|0.000000|0.000000|0.168527|0.000000|0.000000|0.000000|0.014509,0.000000|0.193638|0.163504|0.000000|0.238281|0.217076|0.000000|0.000000|0.000000|0.000000|0.042969|0.034040|0.000000|0.061384|0.049107|0.000000|0.000000|0.000000,0.000000|0.193638|0.163504|0.000000|0.238281|0.217076|0.000000|0.000000|0.000000|0.000000|0.042969|0.034040|0.000000|0.061384|0.049107|0.000000|0.000000|0.000000
RL_LCE_Quest8_PruneQuant-20251025-164022,midtrain,wikitext,-5.0,-1.0,-6.0,11.196453744572127,12.103719896532404,0.5500000014102885,0.7207589479429382,0.6964285714285714,0.550000011920929,0.7207589404923576,0.6964285714285714,0.200000|1.000000,0.000000|0.000000|0.000000|0.000000|0.553013|0.000000|0.000000|0.000000|0.009487|0.000000|0.000000|0.000558|0.000000|0.049665|0.000000|0.000000|0.004464|0.382812,0.000000|0.000000|0.000000|0.000000|0.212612|0.127790|0.000000|0.145647|0.076451|0.000000|0.000000|0.000000|0.000000|0.148996|0.114397|0.000000|0.099888|0.074219,0.000000|0.000000|0.000000|0.000000|0.212612|0.127790|0.000000|0.145647|0.076451|0.000000|0.000000|0.000000|0.000000|0.148996|0.114397|0.000000|0.099888|0.074219
RL_LCE_Quest8_PruneQuant-20251025-164022,midtrain,wikitext,5.0,-1.0,-7.0,12.483578523448841,13.290554187322787,0.3660714316314885,0.6868303753435612,0.9718191964285714,0.3500000014901161,0.6868303599102157,0.9718191964285714,0.200000|1.000000,0.000000|0.000000|0.185268|0.000000|0.056362|0.007254|0.000000|0.000000|0.543527|0.000000|0.000000|0.000000|0.000000|0.000000|0.000000|0.000000|0.000000|0.207589,0.000000|0.000000|0.000000|0.000000|0.014509|0.343750|0.000000|0.027902|0.426339|0.000000|0.000000|0.000000|0.000000|0.013393|0.062500|0.000000|0.000558|0.111049,0.000000|0.000000|0.000000|0.000000|0.014509|0.343750|0.000000|0.027902|0.426339|0.000000|0.000000|0.000000|0.000000|0.013393|0.062500|0.000000|0.000558|0.111049
RL_LCE_Quest8_PruneQuant-20251025-164022,midtrain,wikitext,-5.0,-1.0,-5.5,11.043648526781928,11.679072314381212,0.5491071439215115,0.752901802105563,0.5959821428571429,0.550000011920929,0.7529017946549824,0.5959821428571429,0.200000|1.000000,0.000000|0.000000|0.000000|0.000000|0.562500|0.000000|0.000000|0.000000|0.001116|0.000000|0.000000|0.000000|0.000000|0.202009|0.000000|0.000000|0.043527|0.190848,0.000000|0.000000|0.000000|0.000000|0.342634|0.084263|0.000000|0.109375|0.026228|0.000000|0.000000|0.000000|0.000000|0.273438|0.064174|0.000000|0.082589|0.017299,0.000000|0.000000|0.000000|0.000000|0.342634|0.084263|0.000000|0.109375|0.026228|0.000000|0.000000|0.000000|0.000000|0.273438|0.064174|0.000000|0.082589|0.017299
RL_LCE_Quest8_PruneQuant-20251025-164022,midtrain,wikitext,5.0,-1.0,-6.5,12.406318697208004,13.223972090529857,0.36607143176453455,0.6955357321671077,0.9469866071428571,0.3500000014901161,0.6955357449395316,0.9469866071428571,0.200000|1.000000,0.000000|0.000000|0.183594|0.000000|0.105469|0.005022|0.000000|0.000558|0.497768|0.000000|0.000000|0.000000|0.000000|0.000000|0.000000|0.000000|0.000000|0.207589,0.000000|0.000000|0.000000|0.000000|0.036272|0.352121|0.000000|0.049665|0.374442|0.000000|0.000000|0.000000|0.000000|0.012835|0.076451|0.000000|0.007254|0.090960,0.000000|0.000000|0.000000|0.000000|0.036272|0.352121|0.000000|0.049665|0.374442|0.000000|0.000000|0.000000|0.000000|0.012835|0.076451|0.000000|0.007254|0.090960
RL_LCE_Quest8_PruneQuant-20251025-164022,midtrain,wikitext,-5.0,-1.0,-5.0,10.845920977211826,11.563960578674187,0.5491071441876036,0.777120549763952,0.5220424107142857,0.550000011920929,0.7771205199616296,0.5220424107142857,0.200000|1.000000,0.000000|0.000000|0.000000|0.000000|0.563616|0.000000|0.000000|0.000000|0.000000|0.000000|0.000000|0.000000|0.000000|0.321987|0.000000|0.000000|0.070312|0.044085,0.000000|0.000000|0.000000|0.000000|0.474888|0.025670|0.000000|0.060268|0.001674|0.000000|0.000000|0.000000|0.000000|0.371094|0.013951|0.000000|0.049665|0.002790,0.000000|0.000000|0.000000|0.000000|0.474888|0.025670|0.000000|0.060268|0.001674|0.000000|0.000000|0.000000|0.000000|0.371094|0.013951|0.000000|0.049665|0.002790
RL_LCE_Quest8_PruneQuant-20251025-164022,midtrain,wikitext,5.0,-1.0,-6.0,12.309771959143236,13.148548652855567,0.36651786017630783,0.7055803760886192,0.9210379464285714,0.3500000014901161,0.7055803792817252,0.9210379464285714,0.200000|1.000000,0.000000|0.000000|0.185268|0.000000|0.153460|0.003348|0.000000|0.003348|0.446429|0.000000|0.000000|0.000000|0.000000|0.000558|0.000000|0.000000|0.000558|0.207031,0.000000|0.000000|0.000000|0.000000|0.068638|0.361607|0.000000|0.054129|0.328125|0.000000|0.000000|0.000000|0.000000|0.016741|0.080915|0.000000|0.018415|0.071429,0.000000|0.000000|0.000000|0.000000|0.068638|0.361607|0.000000|0.054129|0.328125|0.000000|0.000000|0.000000|0.000000|0.016741|0.080915|0.000000|0.018415|0.071429
RL_LCE_Quest8_PruneQuant-20251025-164022,midtrain,wikitext,-5.0,0.0,-7.0,12.248103317149033,13.238739227009033,0.5500000014102885,0.6195312738418579,0.9461495535714286,0.550000011920929,0.6195312552154064,0.9461495535714286,0.200000|1.000000,0.000000|0.000000|0.000000|0.000000|0.097656|0.000000|0.000000|0.010045|0.454799|0.000000|0.000000|0.000000|0.000000|0.000000|0.000000|0.000000|0.000000|0.437500,0.000000|0.000000|0.000000|0.000000|0.005580|0.045201|0.000000|0.053571|0.458147|0.000000|0.000000|0.000000|0.000000|0.001116|0.045759|0.000000|0.047433|0.343192,0.000000|0.000000|0.000000|0.000000|0.005580|0.045201|0.000000|0.053571|0.458147|0.000000|0.000000|0.000000|0.000000|0.001116|0.045759|0.000000|0.047433|0.343192
RL_LCE_Quest8_PruneQuant-20251025-164022,midtrain,wikitext,5.0,-1.0,-5.5,12.075890418711893,12.798351918262318,0.3696428597239511,0.7276785900550229,0.8356584821428571,0.3500000014901161,0.7276785959090505,0.8356584821428571,0.200000|1.000000,0.000000|0.000000|0.169085|0.000000|0.277902|0.002232|0.000000|0.014509|0.324219|0.000000|0.000000|0.000000|0.000000|0.020089|0.000000|0.000000|0.016183|0.175781,0.000000|0.000000|0.000000|0.000000|0.210379|0.322545|0.000000|0.074777|0.204799|0.000000|0.000000|0.000000|0.000000|0.032366|0.073103|0.000000|0.011161|0.070871,0.000000|0.000000|0.000000|0.000000|0.210379|0.322545|0.000000|0.074777|0.204799|0.000000|0.000000|0.000000|0.000000|0.032366|0.073103|0.000000|0.011161|0.070871
RL_LCE_Quest8_PruneQuant-20251025-164022,midtrain,wikitext,-5.0,0.0,-6.5,11.98693089587242,12.820689944359396,0.5500000014102885,0.6387276974107537,0.8588169642857143,0.550000011920929,0.6387277250843388,0.8588169642857143,0.200000|1.000000,0.000000|0.000000|0.000000|0.000000|0.193638|0.000000|0.000000|0.088728|0.280134|0.000000|0.000000|0.000000|0.000000|0.000000|0.000000|0.000000|0.000000|0.437500,0.000000|0.000000|0.000000|0.000000|0.035156|0.079241|0.000000|0.119420|0.328683|0.000000|0.000000|0.000000|0.000000|0.032924|0.046317|0.000000|0.094866|0.263393,0.000000|0.000000|0.000000|0.000000|0.035156|0.079241|0.000000|0.119420|0.328683|0.000000|0.000000|0.000000|0.000000|0.032924|0.046317|0.000000|0.094866|0.263393
RL_LCE_Quest8_PruneQuant-20251025-164022,midtrain,wikitext,5.0,-1.0,-5.0,11.687221830702935,12.579733335749449,0.37410714557128294,0.7478794785482543,0.70703125,0.3500000014901161,0.747879468436752,0.70703125,0.200000|1.000000,0.000000|0.000000|0.113839|0.000000|0.437500|0.002790|0.000000|0.041853|0.186384|0.000000|0.000000|0.000000|0.000000|0.071429|0.000000|0.000000|0.035156|0.111049,0.000000|0.000000|0.000000|0.000000|0.347098|0.257812|0.000000|0.121652|0.085938|0.000000|0.000000|0.000000|0.000000|0.093750|0.040737|0.000000|0.023438|0.029576,0.000000|0.000000|0.000000|0.000000|0.347098|0.257812|0.000000|0.121652|0.085938|0.000000|0.000000|0.000000|0.000000|0.093750|0.040737|0.000000|0.023438|0.029576
RL_LCE_Quest8_PruneQuant-20251025-164022,midtrain,wikitext,-5.0,0.0,-6.0,12.04728454662843,12.711161537975103,0.5491071441876036,0.6579241289624146,0.7580915178571429,0.550000011920929,0.6579241353486266,0.7580915178571429,0.200000|1.000000,0.000000|0.000000|0.000000|0.000000|0.289621|0.000000|0.000000|0.186384|0.087612|0.000000|0.000000|0.000000|0.000000|0.000000|0.000000|0.000000|0.007812|0.428571,0.000000|0.000000|0.000000|0.000000|0.086496|0.077009|0.000000|0.185826|0.213170|0.000000|0.000000|0.000000|0.000000|0.059152|0.066964|0.000000|0.152344|0.159040,0.000000|0.000000|0.000000|0.000000|0.086496|0.077009|0.000000|0.185826|0.213170|0.000000|0.000000|0.000000|0.000000|0.059152|0.066964|0.000000|0.152344|0.159040
RL_LCE_Quest8_PruneQuant-20251025-164022,midtrain,wikitext,5.0,0.0,-7.0,12.869073230185291,13.569714055144104,0.38080357507403406,0.6016741304525307,0.9919084821428571,0.4000000059604645,0.6016741293881621,0.9919084821428571,0.200000|1.000000,0.000000|0.000000|0.000000|0.000000|0.008371|0.000000|0.000000|0.007812|0.757812|0.000000|0.000000|0.000000|0.000000|0.000000|0.000000|0.000000|0.000000|0.226004,0.000000|0.000000|0.000000|0.000000|0.000000|0.006138|0.000000|0.012277|0.731585|0.000000|0.000000|0.000000|0.000000|0.000000|0.002232|0.000000|0.003906|0.243862,0.000000|0.000000|0.000000|0.000000|0.000000|0.006138|0.000000|0.012277|0.731585|0.000000|0.000000|0.000000|0.000000|0.000000|0.002232|0.000000|0.003906|0.243862
RL_LCE_Quest8_PruneQuant-20251025-164022,midtrain,wikitext,-5.0,0.0,-5.5,11.629483177251114,12.719143985735863,0.5500000012772424,0.6666294857859612,0.6671316964285714,0.550000011920929,0.6666294943009105,0.6671316964285714,0.200000|1.000000,0.000000|0.000000|0.000000|0.000000|0.325893|0.000000|0.000000|0.219866|0.016741|0.000000|0.000000|0.000000|0.000000|0.007254|0.000000|0.000000|0.112723|0.317522,0.000000|0.000000|0.000000|0.000000|0.137835|0.053571|0.000000|0.232701|0.138393|0.000000|0.000000|0.000000|0.000000|0.109375|0.032366|0.000000|0.185826|0.109933,0.000000|0.000000|0.000000|0.000000|0.137835|0.053571|0.000000|0.232701|0.138393|0.000000|0.000000|0.000000|0.000000|0.109375|0.032366|0.000000|0.185826|0.109933
RL_LCE_Quest8_PruneQuant-20251025-164022,midtrain,wikitext,5.0,0.0,-6.5,12.789427609358123,13.658981921066335,0.38080357507403406,0.6031250235225473,0.9751674107142857,0.4000000059604645,0.6031250208616257,0.9751674107142857,0.200000|1.000000,0.000000|0.000000|0.000000|0.000000|0.015625|0.000000|0.000000|0.034040|0.724330|0.000000|0.000000|0.000000|0.000000|0.000000|0.000000|0.000000|0.000000|0.226004,0.000000|0.000000|0.000000|0.000000|0.000000|0.011719|0.000000|0.036830|0.701451|0.000000|0.000000|0.000000|0.000000|0.000000|0.003906|0.000000|0.012835|0.233259,0.000000|0.000000|0.000000|0.000000|0.000000|0.011719|0.000000|0.036830|0.701451|0.000000|0.000000|0.000000|0.000000|0.000000|0.003906|0.000000|0.012835|0.233259
RL_LCE_Quest8_PruneQuant-20251025-164022,midtrain,wikitext,-5.0,0.0,-5.0,11.626238796416462,12.666905745637123,0.5477678577548691,0.6808035975056035,0.5689174107142857,0.550000011920929,0.6808035927159446,0.5689174107142857,0.200000|1.000000,0.000000|0.000000|0.000000|0.000000|0.357701|0.000000|0.000000|0.204241|0.003348|0.000000|0.000000|0.000000|0.000000|0.046317|0.000000|0.000000|0.253906|0.134487,0.000000|0.000000|0.000000|0.000000|0.266741|0.049665|0.000000|0.215402|0.030692|0.000000|0.000000|0.000000|0.000000|0.073661|0.013951|0.000000|0.306362|0.043527,0.000000|0.000000|0.000000|0.000000|0.266741|0.049665|0.000000|0.215402|0.030692|0.000000|0.000000|0.000000|0.000000|0.073661|0.013951|0.000000|0.306362|0.043527
RL_LCE_Quest8_PruneQuant-20251025-164022,midtrain,wikitext,5.0,0.0,-6.0,12.907731215682652,13.725839261823827,0.38080357507403406,0.6050223452704293,0.9450334821428571,0.4000000059604645,0.6050223404807704,0.9450334821428571,0.200000|1.000000,0.000000|0.000000|0.000000|0.000000|0.025112|0.000000|0.000000|0.083147|0.665737|0.000000|0.000000|0.000000|0.000000|0.000000|0.000000|0.000000|0.001674|0.224330,0.000000|0.000000|0.000000|0.000000|0.002790|0.015625|0.000000|0.078683|0.652902|0.000000|0.000000|0.000000|0.000000|0.000000|0.006696|0.000000|0.028460|0.214844,0.000000|0.000000|0.000000|0.000000|0.002790|0.015625|0.000000|0.078683|0.652902|0.000000|0.000000|0.000000|0.000000|0.000000|0.006696|0.000000|0.028460|0.214844
RL_LCE_Quest8_PruneQuant-20251025-164022,midtrain,wikitext,-5.0,3.0,-7.0,12.30118833773595,13.116486857854671,0.5500000014102885,0.6000000238418579,0.9905133928571429,0.550000011920929,0.6000000238418579,0.9905133928571429,0.200000|1.000000,0.000000|0.000000|0.000000|0.000000|0.000000|0.000000|0.000000|0.018973|0.543527|0.000000|0.000000|0.000000|0.000000|0.000000|0.000000|0.000000|0.000000|0.437500,0.000000|0.000000|0.000000|0.000000|0.000000|0.000000|0.000000|0.010045|0.552455|0.000000|0.000000|0.000000|0.000000|0.000000|0.000000|0.000000|0.008929|0.428571,0.000000|0.000000|0.000000|0.000000|0.000000|0.000000|0.000000|0.010045|0.552455|0.000000|0.000000|0.000000|0.000000|0.000000|0.000000|0.000000|0.008929|0.428571
RL_LCE_Quest8_PruneQuant-20251025-164022,midtrain,wikitext,5.0,0.0,-5.5,12.97724636922715,13.681867671518662,0.38169643229671885,0.6065848453768662,0.884765625,0.4000000059604645,0.6065848389906543,0.884765625,0.200000|1.000000,0.000000|0.000000|0.000000|0.000000|0.032924|0.000000|0.000000|0.168527|0.571429|0.000000|0.000000|0.000000|0.000000|0.000000|0.000000|0.000000|0.029018|0.198103,0.000000|0.000000|0.000000|0.000000|0.002232|0.022321|0.000000|0.114955|0.610491|0.000000|0.000000|0.000000|0.000000|0.002232|0.006138|0.000000|0.111049|0.130580,0.000000|0.000000|0.000000|0.000000|0.002232|0.022321|0.000000|0.114955|0.610491|0.000000|0.000000|0.000000|0.000000|0.002232|0.006138|0.000000|0.111049|0.130580
RL_LCE_Quest8_PruneQuant-20251025-164022,midtrain,wikitext,-5.0,3.0,-6.5,12.37693009285887,13.181608263307364,0.5500000014102885,0.6000000238418579,0.9232700892857143,0.550000011920929,0.6000000238418579,0.9232700892857143,0.200000|1.000000,0.000000|0.000000|0.000000|0.000000|0.000000|0.000000|0.000000|0.153460|0.409040|0.000000|0.000000|0.000000|0.000000|0.000000|0.000000|0.000000|0.000000|0.437500,0.000000|0.000000|0.000000|0.000000|0.000000|0.000000|0.000000|0.086496|0.476004|0.000000|0.000000|0.000000|0.000000|0.000000|0.000000|0.000000|0.066964|0.370536,0.000000|0.000000|0.000000|0.000000|0.000000|0.000000|0.000000|0.086496|0.476004|0.000000|0.000000|0.000000|0.000000|0.000000|0.000000|0.000000|0.066964|0.370536
RL_LCE_Quest8_PruneQuant-20251025-164022,midtrain,wikitext,5.0,0.0,-5.0,12.915837106700653,13.954638220979666,0.3861607176118663,0.6088169887661934,0.7586495535714286,0.4000000059604645,0.6088169797190598,0.7586495535714286,0.200000|1.000000,0.000000|0.000000|0.000000|0.000000|0.044085|0.000000|0.000000|0.343192|0.380022|0.000000|0.000000|0.000000|0.000000|0.000000|0.000000|0.000000|0.095424|0.137277,0.000000|0.000000|0.000000|0.000000|0.017299|0.015625|0.000000|0.342634|0.374442|0.000000|0.000000|0.000000|0.000000|0.005022|0.006138|0.000000|0.117746|0.121094,0.000000|0.000000|0.000000|0.000000|0.017299|0.015625|0.000000|0.342634|0.374442|0.000000|0.000000|0.000000|0.000000|0.005022|0.006138|0.000000|0.117746|0.121094
RL_LCE_Quest8_PruneQuant-20251025-164022,midtrain,wikitext,-5.0,3.0,-6.0,12.585877283532477,13.115571956250193,0.5495535728654691,0.6000000238418579,0.8122209821428571,0.550000011920929,0.6000000238418579,0.8122209821428571,0.200000|1.000000,0.000000|0.000000|0.000000|0.000000|0.000000|0.000000|0.000000|0.367188|0.195871|0.000000|0.000000|0.000000|0.000000|0.000000|0.000000|0.000000|0.008371|0.428571,0.000000|0.000000|0.000000|0.000000|0.000000|0.000000|0.000000|0.212612|0.349888|0.000000|0.000000|0.000000|0.000000|0.000000|0.000000|0.000000|0.162946|0.274554,0.000000|0.000000|0.000000|0.000000|0.000000|0.000000|0.000000|0.212612|0.349888|0.000000|0.000000|0.000000|0.000000|0.000000|0.000000|0.000000|0.162946|0.274554
RL_LCE_Quest8_PruneQuant-20251025-164022,midtrain,wikitext,5.0,3.0,-7.0,12.89063548132529,13.576341509984385,0.38080357507403406,0.6000000238418579,0.9952566964285714,0.4000000059604645,0.6000000238418579,0.9952566964285714,0.200000|1.000000,0.000000|0.000000|0.000000|0.000000|0.000000|0.000000|0.000000|0.009487|0.764509|0.000000|0.000000|0.000000|0.000000|0.000000|0.000000|0.000000|0.000000|0.226004,0.000000|0.000000|0.000000|0.000000|0.000000|0.000000|0.000000|0.006696|0.743304|0.000000|0.000000|0.000000|0.000000|0.000000|0.000000|0.000000|0.002790|0.247210,0.000000|0.000000|0.000000|0.000000|0.000000|0.000000|0.000000|0.006696|0.743304|0.000000|0.000000|0.000000|0.000000|0.000000|0.000000|0.000000|0.002790|0.247210
RL_LCE_Quest8_PruneQuant-20251025-164022,midtrain,wikitext,-5.0,3.0,-5.5,12.302904583054088,12.744010339476779,0.5495535728654691,0.6000000238418579,0.6922433035714286,0.550000011920929,0.6000000238418579,0.6922433035714286,0.200000|1.000000,0.000000|0.000000|0.000000|0.000000|0.000000|0.000000|0.000000|0.498884|0.064174|0.000000|0.000000|0.000000|0.000000|0.000000|0.000000|0.000000|0.116629|0.320312,0.000000|0.000000|0.000000|0.000000|0.000000|0.000000|0.000000|0.356027|0.206473|0.000000|0.000000|0.000000|0.000000|0.000000|0.000000|0.000000|0.259487|0.178013,0.000000|0.000000|0.000000|0.000000|0.000000|0.000000|0.000000|0.356027|0.206473|0.000000|0.000000|0.000000|0.000000|0.000000|0.000000|0.000000|0.259487|0.178013
RL_LCE_Quest8_PruneQuant-20251025-164022,midtrain,wikitext,5.0,3.0,-6.5,12.854718437218079,13.55930601921439,0.38080357507403406,0.6000000238418579,0.9773995535714286,0.4000000059604645,0.6000000238418579,0.9773995535714286,0.200000|1.000000,0.000000|0.000000|0.000000|0.000000|0.000000|0.000000|0.000000|0.045201|0.728795|0.000000|0.000000|0.000000|0.000000|0.000000|0.000000|0.000000|0.000000|0.226004,0.000000|0.000000|0.000000|0.000000|0.000000|0.000000|0.000000|0.033482|0.716518|0.000000|0.000000|0.000000|0.000000|0.000000|0.000000|0.000000|0.011719|0.238281,0.000000|0.000000|0.000000|0.000000|0.000000|0.000000|0.000000|0.033482|0.716518|0.000000|0.000000|0.000000|0.000000|0.000000|0.000000|0.000000|0.011719|0.238281
RL_LCE_Quest8_PruneQuant-20251025-164022,midtrain,wikitext,-5.0,3.0,-5.0,12.482707768486446,12.874460409300182,0.5486607161749687,0.6000000238418579,0.5876116071428571,0.550000011920929,0.6000000238418579,0.5876116071428571,0.200000|1.000000,0.000000|0.000000|0.000000|0.000000|0.000000|0.000000|0.000000|0.539621|0.024554|0.000000|0.000000|0.000000|0.000000|0.000000|0.000000|0.000000|0.285156|0.150670,0.000000|0.000000|0.000000|0.000000|0.000000|0.000000|0.000000|0.462054|0.100446|0.000000|0.000000|0.000000|0.000000|0.000000|0.000000|0.000000|0.362723|0.074777,0.000000|0.000000|0.000000|0.000000|0.000000|0.000000|0.000000|0.462054|0.100446|0.000000|0.000000|0.000000|0.000000|0.000000|0.000000|0.000000|0.362723|0.074777
RL_LCE_Quest8_PruneQuant-20251025-164022,midtrain,wikitext,5.0,3.0,-6.0,12.92845638963152,13.672327285829422,0.38080357507403406,0.6000000238418579,0.94921875,0.4000000059604645,0.6000000238418579,0.94921875,0.200000|1.000000,0.000000|0.000000|0.000000|0.000000|0.000000|0.000000|0.000000|0.099888|0.674107|0.000000|0.000000|0.000000|0.000000|0.000000|0.000000|0.000000|0.001674|0.224330,0.000000|0.000000|0.000000|0.000000|0.000000|0.000000|0.000000|0.085938|0.664062|0.000000|0.000000|0.000000|0.000000|0.000000|0.000000|0.000000|0.015625|0.234375,0.000000|0.000000|0.000000|0.000000|0.000000|0.000000|0.000000|0.085938|0.664062|0.000000|0.000000|0.000000|0.000000|0.000000|0.000000|0.000000|0.015625|0.234375
RL_LCE_Quest8_PruneQuant-20251025-164022,midtrain,wikitext,5.0,3.0,-5.5,13.075379400618543,13.719138827853028,0.38169643229671885,0.6000000238418579,0.8872767857142857,0.4000000059604645,0.6000000238418579,0.8872767857142857,0.200000|1.000000,0.000000|0.000000|0.000000|0.000000|0.000000|0.000000|0.000000|0.196429|0.576451|0.000000|0.000000|0.000000|0.000000|0.000000|0.000000|0.000000|0.029018|0.198103,0.000000|0.000000|0.000000|0.000000|0.000000|0.000000|0.000000|0.126674|0.623326|0.000000|0.000000|0.000000|0.000000|0.000000|0.000000|0.000000|0.098772|0.151228,0.000000|0.000000|0.000000|0.000000|0.000000|0.000000|0.000000|0.126674|0.623326|0.000000|0.000000|0.000000|0.000000|0.000000|0.000000|0.000000|0.098772|0.151228
RL_LCE_Quest8_PruneQuant-20251025-164022,midtrain,wikitext,5.0,3.0,-5.0,12.935672943387617,14.047418132352723,0.3861607176118663,0.6000000238418579,0.7608816964285714,0.4000000059604645,0.6000000238418579,0.7608816964285714,0.200000|1.000000,0.000000|0.000000|0.000000|0.000000|0.000000|0.000000|0.000000|0.382812|0.384487|0.000000|0.000000|0.000000|0.000000|0.000000|0.000000|0.000000|0.095424|0.137277,0.000000|0.000000|0.000000|0.000000|0.000000|0.000000|0.000000|0.356027|0.393973|0.000000|0.000000|0.000000|0.000000|0.000000|0.000000|0.000000|0.122210|0.127790,0.000000|0.000000|0.000000|0.000000|0.000000|0.000000|0.000000|0.356027|0.393973|0.000000|0.000000|0.000000|0.000000|0.000000|0.000000|0.000000|0.122210|0.127790
